sættir	sættið	V;IND;PRS;2;SG	V;IMP;2;PL	C
sætti	sættir	V;SBJV;PST;1;SG	V;IND;PST;2;SG	C
sættir	sættir	V;IND;PRS;2;SG	V;IND;PRS;3;SG	C
handbolta	handbolta	N;INDF;DAT;SG	N;INDF;GEN;SG	C
handboltanum	handbolta	N;DEF;DAT;SG	N;INDF;DAT;SG	C
mála	máli	V;IMP;2;SG	V;SBJV;PRS;1;SG	C
útlisti	útlista	N;INDF;DAT;SG	N;INDF;GEN;PL	SRC_LEXICAL_ERROR
flokkar	flokki	N;INDF;NOM;PL	N;INDF;DAT;SG	C
skýr	skýr	V;IMP;2;SG	V;IMP;2;SG	C
leyndir	leyn	V;IND;PST;2;SG	V;IMP;2;SG	C
köstum	kasti	V;SBJV;PRS;1;PL	V;SBJV;PRS;3;PL	C
klæddi	klæði	V;IND;PST;3;SG	V;SBJV;PRS;1;SG	C
styrkja	styrkjum	V;NFIN	V;SBJV;PRS;1;PL	C
klæðið	klæði	V;IMP;2;PL	V;SBJV;PRS;1;SG	C
flokk	flokki	N;INDF;ACC;SG	N;INDF;DAT;SG	C
skírið	skírið	V;IMP;2;PL	V;IND;PRS;2;PL	C
óvirti	óvirtuð	N;INDF;DAT;SG	V;IND;PST;2;PL	SRC_LEXICAL_ERROR
skutuð	skjóta	V;IND;PST;2;PL	V;NFIN	C
lastmælin	lastmælt	ADJ;ACC;PL	V.PTCP;PST;ACC;SG	SRC_LEXICAL_ERROR
líkinu	líkunum	N;DEF;DAT;SG	N;DEF;DAT;PL	C
minnti	minna	V;SBJV;PST;3;SG	V;NFIN	C
misstir	missir	V;IND;PST;2;SG	V;SBJV;PRS;2;SG	C
flokkinn	flokki	N;DEF;ACC;SG	N;INDF;DAT;SG	C
skapinu	sköpum	N;DEF;DAT;SG	N;INDF;DAT;PL	C
skýrðuð	skýra	V;SBJV;PST;2;PL	V;NFIN	C
greina	greinum	N;INDF;GEN;PL	N;INDF;DAT;PL	C
styrktum	styrkir	V;IND;PRS;1;PL	V;SBJV;PRS;2;SG	C
sendið	sendu	V;SBJV;PRS;2;PL	V;IND;PST;3;PL	C
styrki	styrktu	V;SBJV;PRS;3;PL	V;SBJV;PST;3;PL	C
grískunni	grískuna	N;DEF;DAT;SG	N;DEF;ACC;SG	C
skýrði	skýrum	V;SBJV;PST;3;SG	V;SBJV;PRS;1;PL	C
mörkin	markið	N;DEF;NOM;PL	N;DEF;ACC;SG	C
minna	minna	V;IND;PRS;3;PL	V;NFIN	C
fylli	fyllir	V;IND;PRS;1;SG	V;SBJV;PRS;2;SG	C
kastir	kasti	V;SBJV;PRS;2;SG	V;SBJV;PRS;3;PL	C
kostum	kosta	V;IND;PRS;1;PL	V;NFIN	C
verða	verða	N;INDF;GEN;PL	N;INDF;GEN;PL	C
raustu	raustum	N;INDF;GEN;SG	N;INDF;DAT;PL	SRC_LEXICAL_ERROR
skýtur	skjóta	V;IND;PRS;2;SG	V;IND;PRS;3;PL	C
skip	skipunum	N;INDF;NOM;PL	N;DEF;DAT;PL	C
byggðir	bygg	V;IND;PST;2;SG	V;IMP;2;SG	C
ráð	ráðið	N;INDF;NOM;SG	N;DEF;ACC;SG	C
lastmæltu	lastmæli	V;IND;PST;3;PL	V;SBJV;PRS;3;PL	SRC_LEXICAL_ERROR
færi	færði	V;SBJV;PRS;3;PL	V;SBJV;PST;1;SG	C
þakkirnar	þökkunum	N;DEF;ACC;PL	N;DEF;DAT;PL	C
köstuðu	köstum	V;IND;PST;3;PL	V;SBJV;PRS;1;PL	C
skipsins	skipunum	N;DEF;GEN;SG	N;DEF;DAT;PL	C
vakir	vökina	N;INDF;ACC;PL	N;DEF;ACC;SG	C
kyssi	kysstu	V;SBJV;PRS;1;SG	V;IND;PST;3;PL	C
hégómamáls	hégómamál	PRN;INDF;GEN;SG	N;INDF;ACC;SG	SRC_LEXICAL_ERROR
skjótandi	skjótir	V.PTCP;PRS	V;SBJV;PRS;2;SG	C
græði	græðið	V;SBJV;PRS;3;SG	V;IND;PRS;2;PL	C
skjóta	skjóta	V;IND;PRS;3;PL	V;NFIN	C
fyllið	fyllir	V;SBJV;PRS;2;PL	V;IND;PRS;2;SG	C
sendi	sendu	V;SBJV;PRS;3;SG	V;SBJV;PST;3;PL	C
byggði	bygg	V;IND;PST;3;SG	V;IMP;2;SG	C
félagum	félaga	N;INDF;DAT;PL	N;INDF;DAT;SG	C
kyssið	kyssið	V;SBJV;PRS;2;PL	V;IND;PRS;2;PL	C
samboðna	samboðinn	V.PTCP;PST;GEN;SG	ADJ;NOM;SG	SRC_LEXICAL_ERROR
flokkarnir	flokki	N;DEF;NOM;PL	N;INDF;DAT;SG	C
borða	borðaðir	V;IMP;2;SG	V;IND;PST;2;SG	C
líkunum	líkunum	N;DEF;DAT;PL	N;DEF;DAT;PL	C
styrkjandi	styrkjum	V.PTCP;PRS	V;SBJV;PRS;1;PL	C
flokka	flokkunum	N;INDF;ACC;PL	N;DEF;DAT;PL	C
færði	færði	V;SBJV;PST;3;SG	V;IND;PST;3;SG	C
byggi	bygg	V;IND;PRS;1;SG	V;IMP;2;SG	C
byggjum	byggðu	V;IND;PRS;1;PL	V;SBJV;PST;3;PL	C
velji	vel	V;SBJV;PRS;1;SG	V;IMP;2;SG	C
reyndi	reynið	V;IND;PST;3;SG	V;IMP;2;PL	C
skaut	skjóta	V;IND;PST;1;SG	V;IND;PRS;3;PL	C
líkin	líki	N;DEF;NOM;PL	N;INDF;DAT;SG	C
skýt	skjóti	V;IND;PRS;1;SG	V;SBJV;PRS;3;PL	C
kasta	köstum	V;IND;PRS;1;SG	V;SBJV;PRS;1;PL	C
kysstir	kysstu	V;IND;PST;2;SG	V;IND;PST;3;PL	C
styrktir	styrkjum	V;SBJV;PST;2;SG	V;SBJV;PRS;1;PL	C
styrkti	styrkja	V;SBJV;PST;3;SG	V;NFIN	C
söfnuðuð	söfnuðuð	V;IND;PST;2;PL	V;IND;PST;2;PL	C
ráð	ráðið	N;INDF;NOM;PL	N;DEF;ACC;SG	C
verða	verða	N;INDF;GEN;PL	N;INDF;GEN;PL	C
máluðuð	máli	V;IND;PST;2;PL	V;SBJV;PRS;1;SG	C
skipinu	skipunum	N;DEF;DAT;SG	N;DEF;DAT;PL	C
sendi	sendi	V;IND;PRS;1;SG	V;IND;PST;3;SG	C
fiskanna	fisks	N;DEF;GEN;PL	N;INDF;GEN;SG	C
treysta	treystuð	V;NFIN	V;IND;PST;2;PL	C
leyfið	leyfa	N;DEF;NOM;SG	N;INDF;GEN;PL	C
fylltum	fyllið	V;SBJV;PST;1;PL	V;IMP;2;PL	C
minntuð	minnir	V;IND;PST;2;PL	V;IND;PRS;2;SG	C
stundir	stund	N;INDF;ACC;PL	N;INDF;DAT;SG	C
stundinni	stund	N;DEF;DAT;SG	N;INDF;DAT;SG	C
vanheilagur	vanheilagt	V.PTCP;PST;NOM;SG	N;INDF;ACC;SG	SRC_LEXICAL_ERROR
dæmin	dæmi	N;DEF;ACC;PL	N;INDF;DAT;SG	C
senduð	senduð	V;IND;PST;2;PL	V;IND;PST;2;PL	C
líksins	líki	N;DEF;GEN;SG	N;INDF;DAT;SG	C
byggði	bygg	V;IND;PST;3;SG	V;IMP;2;SG	C
málað	mála	V.CVB	V;IND;PRS;3;PL	C
minni	minnir	V;SBJV;PRS;3;SG	V;IND;PRS;2;SG	C
gætti	gætti	V;SBJV;PST;1;SG	V;SBJV;PST;3;SG	C
styrkti	styrkja	V;IND;PST;1;SG	V;NFIN	C
málum	mála	V;SBJV;PRS;1;PL	V;IND;PRS;3;PL	C
færðu	færði	V;IND;PST;3;PL	V;SBJV;PST;1;SG	C
fyllti	fyllir	V;SBJV;PST;3;SG	V;IND;PRS;2;SG	C
kastar	kasti	V;IND;PRS;3;SG	V;SBJV;PRS;3;PL	C
styrkti	styrkja	V;IND;PST;1;SG	V;NFIN	C
klæðum	klæða	V;SBJV;PRS;1;PL	V;IND;PRS;3;PL	C
leyndarinnar	leyndin	N;DEF;GEN;SG	N;DEF;NOM;SG	C
klæði	klæða	V;SBJV;PRS;3;SG	V;IND;PRS;3;PL	C
síst	síið	V;IND;PRS;1;SG	V;IND;PRS;2;PL	TGT_LEXICAL_ERROR
kröftugi	kröftugt	V;SBJV;PRS;3;PL	V.PTCP;PST;ACC;SG	SRC_LEXICAL_ERROR
líkið	líki	N;DEF;NOM;SG	N;INDF;DAT;SG	C
málir	máli	V;SBJV;PRS;2;SG	V;SBJV;PRS;1;SG	C
fylltum	fyllir	V;IND;PRS;1;PL	V;IND;PRS;2;SG	C
málandi	málaðir	V.PTCP;PRS	V;IND;PST;2;SG	C
skjóti	skjóti	V;SBJV;PRS;3;SG	V;SBJV;PRS;3;PL	C
skutuð	skjóti	V;IND;PST;2;PL	V;SBJV;PRS;3;PL	C
kastar	kasti	V;IND;PRS;2;SG	V;SBJV;PRS;1;SG	C
máli	málaðir	V;SBJV;PRS;3;SG	V;IND;PST;2;SG	C
varir	vara	N;INDF;ACC;PL	N;INDF;GEN;PL	C
minnti	minna	V;IND;PST;3;SG	V;NFIN	C
málaðir	málaðir	V;IND;PST;2;SG	V;IND;PST;2;SG	C
fletti	fletti	V;SBJV;PRS;1;SG	V;SBJV;PRS;3;PL	C
kastar	kasti	V;IND;PRS;2;SG	V;SBJV;PRS;3;PL	C
klæðum	klæða	V;SBJV;PRS;1;PL	V;IND;PRS;3;PL	C
samkundustjórunum	samkundustjóri	N;DEF;DAT;PL	N;INDF;DAT;SG	SRC_LEXICAL_ERROR;TGT_LEXICAL_ERROR
sendum	senduð	V;SBJV;PST;1;PL	V;IND;PST;2;PL	C
færði	færði	V;IND;PST;3;SG	V;IND;PST;3;SG	C
fylltir	fyllti	V;IND;PST;2;SG	V;SBJV;PST;3;SG	C
flokkanna	flokki	N;DEF;GEN;PL	N;INDF;DAT;SG	C
met	mets	N;INDF;ACC;PL	N;INDF;GEN;SG	C
kross	kross	N;INDF;NOM;SG	N;INDF;GEN;SG	C
hafanna	haf	N;DEF;GEN;PL	N;INDF;NOM;SG	C
flokka	flokki	N;INDF;GEN;PL	N;INDF;DAT;SG	C
samkundustjóri	samkundustjórinn	N;INDF;DAT;SG	N;DEF;ACC;SG	SRC_LEXICAL_ERROR;TGT_LEXICAL_ERROR
höfunum	haf	N;DEF;DAT;PL	N;INDF;NOM;SG	C
hryggja	hryggði	V;IND;PRS;3;PL	V;IND;PST;3;SG	C
græddum	græðið	V;SBJV;PST;1;PL	V;IMP;2;PL	C
ráð	ráðið	N;INDF;ACC;PL	N;DEF;ACC;SG	C
ráð	ráðið	N;INDF;ACC;SG	N;DEF;ACC;SG	C
störf	starf	N;INDF;ACC;PL	N;INDF;NOM;SG	C
fyllir	fyllti	V;SBJV;PRS;2;SG	V;SBJV;PST;3;SG	C
leyfis	leyfa	N;INDF;GEN;SG	N;INDF;GEN;PL	C
flokkinn	flokki	N;DEF;ACC;SG	N;INDF;DAT;SG	C
klædduð	klæða	V;SBJV;PST;2;PL	V;IND;PRS;3;PL	C
vökin	vökina	N;DEF;NOM;SG	N;DEF;ACC;SG	C
málið	málaðir	V;IMP;2;PL	V;IND;PST;2;SG	C
styrkir	styrkir	V;IND;PRS;3;SG	V;SBJV;PRS;2;SG	C
skýrið	skýra	V;IND;PRS;2;PL	V;IND;PRS;3;PL	C
stunda	stund	N;INDF;GEN;PL	N;INDF;DAT;SG	C
skírðum	skír	V;IND;PRS;1;PL	V;IMP;2;SG	C
kastar	köstum	V;IND;PRS;2;SG	V;SBJV;PRS;1;PL	C
leyfunum	leyfa	N;DEF;DAT;PL	N;INDF;GEN;PL	C
öðlist	öðlast	V;SBJV;PRS;3;PL	V;IND;PST;2;SG	C
vökin	vakar	N;DEF;NOM;SG	N;INDF;GEN;SG	C
skipi	skipunum	N;INDF;DAT;SG	N;DEF;DAT;PL	C
mála	máli	V;IND;PRS;1;SG	V;SBJV;PRS;1;SG	C
styrkjum	styrkja	V;SBJV;PRS;1;PL	V;NFIN	C
fylla	fyllti	V;IND;PRS;3;PL	V;SBJV;PST;3;SG	C
aftrið	aftrar	V;IMP;2;PL	ADJ;NOM;PL	SRC_LEXICAL_ERROR
klæði	klæði	N;INDF;NOM;PL	N;INDF;DAT;SG	C
fyllir	fyllir	V;SBJV;PRS;2;SG	V;SBJV;PRS;2;SG	C
skrifið	skrifi	V;IMP;2;PL	V;SBJV;PRS;1;SG	C
ríkdóms	ríkdóm	PRN;INDF;GEN;SG	N;INDF;ACC;SG	SRC_LEXICAL_ERROR
denar	denara	N;INDF;ACC;SG	N;INDF;GEN;PL	SRC_LEXICAL_ERROR
byggðir	byggir	V;IND;PST;2;SG	V;IND;PRS;2;SG	C
félaganna	félag	N;DEF;GEN;PL	N;INDF;ACC;SG	C
færi	færði	V;SBJV;PRS;3;SG	V;IND;PST;3;SG	C
skrifi	skrifaði	V;SBJV;PRS;1;SG	V;SBJV;PST;1;SG	C
dæma	dæmi	N;INDF;GEN;PL	N;INDF;DAT;SG	C
fylltu	fyllti	V;IND;PST;3;PL	V;SBJV;PST;3;SG	C
safnaðir	safna	V;IND;PST;2;SG	V;NFIN	C
styrkti	styrkja	V;SBJV;PST;3;SG	V;NFIN	C
félaganum	félaga	N;DEF;DAT;SG	N;INDF;DAT;SG	C
ráðunum	ráðið	N;DEF;DAT;PL	N;DEF;ACC;SG	C
vísurnar	vísum	N;DEF;ACC;PL	N;INDF;DAT;PL	C
styrktir	styrkjum	V;IND;PST;2;SG	V;SBJV;PRS;1;PL	C
skækjum	skækjan	N;INDF;DAT;PL	ADJ;ACC;SG	SRC_LEXICAL_ERROR
skírið	skír	V;SBJV;PRS;2;PL	V;IMP;2;SG	C
verðin	verðs	N;DEF;ACC;PL	N;INDF;GEN;SG	C
byggði	byggðu	V;SBJV;PST;1;SG	V;SBJV;PST;3;PL	C
skíri	skír	V;SBJV;PRS;3;PL	V;IMP;2;SG	C
akursins	ökrunum	N;DEF;GEN;SG	N;DEF;DAT;PL	C
misstir	misstuð	V;IND;PST;2;SG	V;IND;PST;2;PL	C
metið	mets	N;DEF;ACC;SG	N;INDF;GEN;SG	C
skýt	skjóti	V;IND;PRS;1;SG	V;SBJV;PRS;3;PL	C
fyllir	fyllir	V;SBJV;PRS;2;SG	V;SBJV;PRS;2;SG	C
senda	sendu	V;IND;PRS;3;PL	V;SBJV;PST;3;PL	C
fylla	fyllið	V;IND;PRS;3;PL	V;IMP;2;PL	C
neyðið	neyðir	V;SBJV;PRS;2;PL	V;IND;PRS;3;SG	C
hneigir	hneigið	V;SBJV;PRS;2;SG	V;IND;PRS;2;PL	C
hef	hefur	V;IND;PRS;1;SG	V;IND;PRS;3;SG	C
kasta	kastaði	V;IND;PRS;3;PL	V;SBJV;PST;3;SG	C
raustar	raust	ADJ;NOM;PL	N;INDF;ACC;SG	SRC_LEXICAL_ERROR
hafa	haf	N;INDF;GEN;PL	N;INDF;NOM;SG	C
gættu	gætti	V;IND;PST;3;PL	V;SBJV;PST;3;SG	C
styrkti	styrkja	V;IND;PST;3;SG	V;NFIN	C
missti	misstuð	V;SBJV;PST;3;SG	V;IND;PST;2;PL	C
greinarnir	greinum	N;DEF;NOM;PL	N;INDF;DAT;PL	C
safnar	safna	V;IND;PRS;2;SG	V;NFIN	C
málandi	máli	V.PTCP;PRS	V;SBJV;PRS;1;SG	C
haf	haf	N;INDF;ACC;SG	N;INDF;NOM;SG	C
vökunum	vakar	N;DEF;DAT;PL	N;INDF;GEN;SG	C
minnunum	minni	N;DEF;DAT;PL	N;INDF;ACC;SG	C
skips	skipunum	N;INDF;GEN;SG	N;DEF;DAT;PL	C
dæmanna	dæmi	N;DEF;GEN;PL	N;INDF;DAT;SG	C
gæti	gætti	V;SBJV;PRS;3;PL	V;SBJV;PST;3;SG	C
lofaði	lofaðir	V;SBJV;PST;1;SG	V;IND;PST;2;SG	C
fyllið	fyllir	V;SBJV;PRS;2;PL	V;SBJV;PRS;2;SG	C
missi	missis	N;INDF;ACC;SG	N;INDF;GEN;SG	C
send	sendu	V;IMP;2;SG	V;SBJV;PST;3;PL	C
greininum	greinum	N;DEF;DAT;SG	N;INDF;DAT;PL	C
met	mets	N;INDF;ACC;PL	N;INDF;GEN;SG	C
flokkinn	flokki	N;DEF;ACC;SG	N;INDF;DAT;SG	C
stundina	stund	N;DEF;ACC;SG	N;INDF;DAT;SG	C
styrktuð	styrkja	V;IND;PST;2;PL	V;NFIN	C
hryggðu	hryggið	V;IND;PST;3;PL	V;IMP;2;PL	C
minnum	minnir	V;SBJV;PRS;1;PL	V;IND;PRS;2;SG	C
styrktum	styrkir	V;SBJV;PST;1;PL	V;SBJV;PRS;2;SG	C
kostuðu	kostum	V;IND;PST;3;PL	V;SBJV;PRS;1;PL	C
máli	málaðir	V;SBJV;PRS;3;SG	V;IND;PST;2;SG	C
styrkið	styrkja	V;IMP;2;PL	V;NFIN	C
fiska	fisks	N;INDF;ACC;PL	N;INDF;GEN;SG	C
send	sendu	V;IMP;2;SG	V;SBJV;PST;3;PL	C
safnar	söfnuðuð	V;IND;PRS;3;SG	V;IND;PST;2;PL	C
skýrir	skýra	V;SBJV;PRS;2;SG	V;NFIN	C
liðanna	liði	N;DEF;GEN;PL	N;INDF;DAT;SG	C
treystu	treyst	V;IND;PST;3;PL	V;IMP;2;SG	C
meti	mets	N;INDF;DAT;SG	N;INDF;GEN;SG	C
byggjandi	bygg	V.PTCP;PRS	V;IMP;2;SG	C
skrifuðu	skrifar	V;SBJV;PST;3;PL	V;IND;PRS;2;SG	C
leyfi	leyfa	N;INDF;DAT;SG	N;INDF;GEN;PL	C
söfnum	safna	V;IND;PRS;1;PL	V;NFIN	C
fyll	fyllti	V;IMP;2;SG	V;SBJV;PST;3;SG	C
klæðum	klæða	V;SBJV;PRS;1;PL	V;IND;PRS;3;PL	C
skjótum	skjóta	V;IND;PRS;1;PL	V;IND;PRS;3;PL	C
útlisti	útlistum	N;INDF;DAT;SG	N;INDF;DAT;PL	SRC_LEXICAL_ERROR;TGT_LEXICAL_ERROR
köstuðum	kastaði	V;IND;PRS;1;PL	V;SBJV;PST;3;SG	C
vonirnar	vonin	N;DEF;ACC;PL	N;DEF;NOM;SG	C
metinu	mets	N;DEF;DAT;SG	N;INDF;GEN;SG	C
skrifa	skrifi	V;IND;PRS;3;PL	V;SBJV;PRS;1;SG	C
skírandi	skírið	V.PTCP;PRS	V;IND;PRS;2;PL	C
skjótum	skjótir	V;IND;PRS;1;PL	V;SBJV;PRS;2;SG	C
fylltu	fyllir	V;IND;PST;3;PL	V;SBJV;PRS;2;SG	C
akra	akur	N;INDF;GEN;PL	N;INDF;ACC;SG	C
gættum	gætti	V;IND;PRS;1;PL	V;SBJV;PST;3;SG	C
styrkja	styrkja	V;IND;PRS;3;PL	V;NFIN	C
ráðanna	ráðið	N;DEF;GEN;PL	N;DEF;ACC;SG	C
styrkir	styrkjum	V;IND;PRS;3;SG	V;SBJV;PRS;1;PL	C
lið	liði	N;INDF;ACC;SG	N;INDF;DAT;SG	C
málið	mála	V;IMP;2;PL	V;IND;PRS;3;PL	C
hórkarl	hórkarlar	N;INDF;ACC;SG	ADJ;NOM;PL	SRC_LEXICAL_ERROR
reið	reið	N;INDF;DAT;SG	N;INDF;ACC;SG	C
metin	mets	N;DEF;NOM;PL	N;INDF;GEN;SG	C
skýra	skýrum	V;NFIN	V;SBJV;PRS;1;PL	C
skýt	skjóta	V;IND;PRS;1;SG	V;IND;PRS;3;PL	C
haginn	högum	N;DEF;NOM;SG	N;INDF;DAT;PL	C
ráðanna	ráðið	N;DEF;GEN;PL	N;DEF;ACC;SG	C
færi	færði	V;SBJV;PRS;1;SG	V;IND;PST;3;SG	C
styrki	styrktu	V;SBJV;PRS;3;SG	V;SBJV;PST;3;PL	C
styrktuð	styrkir	V;IND;PST;2;PL	V;SBJV;PRS;2;SG	C
flokkana	flokki	N;DEF;ACC;PL	N;INDF;DAT;SG	C
þrengingin	þrengingar	V.PTCP;PST;ACC;PL	ADJ;NOM;PL	SRC_LEXICAL_ERROR
færa	færði	V;NFIN	V;IND;PST;3;SG	C
drekki	drekkja	V;SBJV;PRS;3;SG	V;NFIN	C
líkin	líki	N;DEF;NOM;PL	N;INDF;DAT;SG	C
minntir	minnir	V;IND;PST;2;SG	V;IND;PRS;2;SG	C
styrkjum	styrkja	V;IND;PRS;1;PL	V;NFIN	C
höfum	haf	N;INDF;DAT;PL	N;INDF;NOM;SG	C
varirnar	vörina	N;DEF;NOM;PL	N;DEF;ACC;SG	C
auka	auki	N;INDF;GEN;SG	N;INDF;NOM;SG	C
málið	máli	V;IMP;2;PL	V;SBJV;PRS;1;SG	C
klætt	klæði	V.CVB	V;SBJV;PRS;1;SG	C
ráðið	ráðið	N;DEF;ACC;SG	N;DEF;ACC;SG	C
klæði	klæði	V;SBJV;PRS;3;SG	V;SBJV;PRS;3;PL	C
færum	færði	V;IND;PRS;1;PL	V;IND;PST;3;SG	C
vanheilagan	vanheilagir	ADJ;ACC;SG	V;IND;PST;2;SG	SRC_LEXICAL_ERROR
drepir	drepur	V;SBJV;PRS;2;SG	V;IND;PRS;2;SG	C
óvirti	óvirt	N;INDF;DAT;SG	N;INDF;ACC;SG	SRC_LEXICAL_ERROR
færum	færði	V;SBJV;PRS;1;PL	V;SBJV;PST;1;SG	C
þolið	þol	N;DEF;ACC;SG	N;INDF;NOM;SG	C
fyllti	fyllir	V;SBJV;PST;1;SG	V;IND;PRS;2;SG	C
eyru	eyra	N;INDF;NOM;PL	N;INDF;GEN;SG	C
treysti	treyst	V;IND;PRS;1;SG	V;IMP;2;SG	C
kallir	kalli	V;SBJV;PRS;2;SG	V;SBJV;PRS;1;SG	C
fyllum	fyllir	V;SBJV;PRS;1;PL	V;IND;PRS;2;SG	C
skírðir	skírðir	V;SBJV;PST;2;SG	V;IND;PST;2;SG	C
ást	éti	V;IND;PST;2;SG	V;SBJV;PRS;1;SG	C
flokkarnir	flokk	N;DEF;NOM;PL	N;INDF;ACC;SG	C
máluðu	mála	V;IND;PST;3;PL	V;IND;PRS;3;PL	C
líkið	líkunum	N;DEF;NOM;SG	N;DEF;DAT;PL	C
alur	ölum	N;INDF;NOM;SG	N;INDF;DAT;PL	C
byggðuð	byggðu	V;SBJV;PST;2;PL	V;SBJV;PST;3;PL	C
skipinu	skipunum	N;DEF;DAT;SG	N;DEF;DAT;PL	C
hórkarl	hórkarla	N;INDF;ACC;SG	N;INDF;GEN;PL	SRC_LEXICAL_ERROR
skrifum	skrifi	V;SBJV;PRS;1;PL	V;SBJV;PRS;1;SG	C
fyllir	fyllir	V;IND;PRS;3;SG	V;SBJV;PRS;2;SG	C
hvílíks	hvílíkan	PRN;INDF;GEN;SG	ADJ;ACC;SG	SRC_LEXICAL_ERROR
leyfinu	leyfa	N;DEF;DAT;SG	N;INDF;GEN;PL	C
byggjandi	byggir	V.PTCP;PRS	V;IND;PRS;2;SG	C
flettið	flettu	V;IMP;2;PL	V;SBJV;PST;3;PL	C
höf	haf	N;INDF;ACC;PL	N;INDF;NOM;SG	C
skip	skipunum	N;INDF;ACC;PL	N;DEF;DAT;PL	C
krossfesti	krossfestur	N;INDF;DAT;SG	V.PTCP;PST;NOM;SG	SRC_LEXICAL_ERROR
skapanna	sköpum	N;DEF;GEN;PL	N;INDF;DAT;PL	C
reiðin	reið	N;DEF;NOM;SG	N;INDF;ACC;SG	C
hvílíks	hvílík	PRN;INDF;GEN;SG	N;INDF;ACC;SG	SRC_LEXICAL_ERROR
klæddu	klæði	V;SBJV;PST;3;PL	V;SBJV;PRS;3;PL	C
þreytst	þreytist	V;IND;PRS;1;SG	V;SBJV;PRS;1;SG	SRC_LEXICAL_ERROR
leynir	leyn	V;IND;PRS;3;SG	V;IMP;2;SG	C
leyfi	leyfa	N;INDF;ACC;PL	N;INDF;GEN;PL	C
varirnar	vara	N;DEF;ACC;PL	N;INDF;GEN;PL	C
byggðum	bygg	V;SBJV;PST;1;PL	V;IMP;2;SG	C
köstuðu	kasti	V;SBJV;PST;3;PL	V;SBJV;PRS;3;PL	C
ráðin	ráðið	N;DEF;ACC;PL	N;DEF;ACC;SG	C
byggi	bygg	V;SBJV;PRS;3;SG	V;IMP;2;SG	C
safnaði	safna	V;SBJV;PST;1;SG	V;NFIN	C
verði	verðs	N;INDF;DAT;SG	N;INDF;GEN;SG	C
sendir	sendu	V;IND;PRS;2;SG	V;IND;PST;3;PL	C
kastaðir	kasti	V;IND;PST;2;SG	V;SBJV;PRS;1;SG	C
sendi	sendi	V;SBJV;PRS;3;SG	V;IND;PST;3;SG	C
vök	vökin	N;INDF;ACC;SG	N;DEF;NOM;SG	C
hornið	hornið	N;DEF;NOM;SG	N;DEF;ACC;SG	C
styrki	styrkja	V;IND;PRS;1;SG	V;NFIN	C
öðluðumst	öðlast	V;IND;PRS;1;PL	V;IND;PST;2;SG	C
fylltu	fyllti	V;IND;PST;3;PL	V;SBJV;PST;1;SG	C
gætti	gætti	V;SBJV;PST;3;SG	V;SBJV;PST;3;SG	C
æpa	æptir	V;NFIN	V;IND;PST;2;SG	C
byggjum	bygg	V;IND;PRS;1;PL	V;IMP;2;SG	C
byggðum	bygg	V;IND;PRS;1;PL	V;IMP;2;SG	C
styrktir	styrkjum	V;IND;PST;2;SG	V;SBJV;PRS;1;PL	C
flettir	flettuð	V;SBJV;PST;2;SG	V;IND;PST;2;PL	C
horn	horn	N;INDF;ACC;PL	N;INDF;ACC;SG	C
fyllið	fyllti	V;IND;PRS;2;PL	V;SBJV;PST;3;SG	C
fyllandi	fyllið	V.PTCP;PRS	V;IMP;2;PL	C
hneigðuð	hneigir	V;SBJV;PST;2;PL	V;IND;PRS;2;SG	C
greinirinn	greinum	N;DEF;NOM;SG	N;INDF;DAT;PL	C
gætum	gætti	V;SBJV;PST;1;PL	V;SBJV;PST;3;SG	C
hornsins	hornum	N;DEF;GEN;SG	N;INDF;DAT;PL	C
skýri	skýr	V;SBJV;PRS;3;SG	V;IMP;2;SG	C
minntum	minna	V;SBJV;PST;1;PL	V;NFIN	C
byggir	bygg	V;SBJV;PRS;2;SG	V;IMP;2;SG	C
skjóti	skjóta	V;SBJV;PRS;3;SG	V;NFIN	C
skrifum	skrifi	V;SBJV;PRS;1;PL	V;SBJV;PRS;1;SG	C
klæði	klæði	V;SBJV;PRS;3;PL	V;SBJV;PRS;1;SG	C
skýrðir	skýra	V;SBJV;PST;2;SG	V;IND;PRS;3;PL	C
skipa	skipunum	N;INDF;GEN;PL	N;DEF;DAT;PL	C
fyllti	fyllir	V;IND;PST;1;SG	V;IND;PRS;2;SG	C
guð	guðum	N;INDF;NOM;SG	N;INDF;DAT;PL	C
glerhaf	glerhafið	N;INDF;ACC;SG	V;IMP;2;PL	SRC_LEXICAL_ERROR;TGT_LEXICAL_ERROR
hefjum	hef	V;IND;PRS;1;PL	V;IND;PRS;1;SG	C
smaragð	smaragður	N;INDF;ACC;SG	V.PTCP;PST;NOM;SG	SRC_LEXICAL_ERROR
ráð	ráðið	N;INDF;ACC;PL	N;DEF;ACC;SG	C
flokknum	flokkunum	N;DEF;DAT;SG	N;DEF;DAT;PL	C
lofaði	lofaðir	V;SBJV;PST;3;SG	V;IND;PST;2;SG	C
leyndu	leyn	V;SBJV;PST;3;PL	V;IMP;2;SG	C
skýrðu	skýrum	V;SBJV;PST;3;PL	V;SBJV;PRS;1;PL	C
lík	líkunum	N;INDF;ACC;SG	N;DEF;DAT;PL	C
styrkti	styrkjum	V;IND;PST;3;SG	V;SBJV;PRS;1;PL	C
kastar	kastaði	V;IND;PRS;2;SG	V;SBJV;PST;3;SG	C
fyllti	fyllti	V;SBJV;PST;1;SG	V;SBJV;PST;1;SG	C
klæddi	klæði	V;SBJV;PST;1;SG	V;SBJV;PRS;1;SG	C
skjótum	skjóti	V;IND;PRS;1;PL	V;SBJV;PRS;3;PL	C
ali	ölum	N;INDF;ACC;PL	N;INDF;DAT;PL	C
flokknum	flokki	N;DEF;DAT;SG	N;INDF;DAT;SG	C
klæð	klæði	V;IMP;2;SG	V;SBJV;PRS;1;SG	C
meti	mets	N;INDF;DAT;SG	N;INDF;GEN;SG	C
kenndina	kenndin	N;DEF;ACC;SG	N;DEF;NOM;SG	C
köstum	kasti	V;SBJV;PRS;1;PL	V;SBJV;PRS;1;SG	C
skýra	skýra	V;NFIN	V;IND;PRS;3;PL	C
eyranu	eyra	N;DEF;DAT;SG	N;INDF;GEN;SG	C
hafið	haf	N;DEF;ACC;SG	N;INDF;NOM;SG	C
fylli	fyllið	V;IND;PRS;1;SG	V;IMP;2;PL	C
fær	færði	V;IMP;2;SG	V;IND;PST;3;SG	C
kasta	kastaði	V;NFIN	V;SBJV;PST;3;SG	C
misstum	misstuð	V;SBJV;PST;1;PL	V;IND;PST;2;PL	C
köstuðum	kasti	V;IND;PRS;1;PL	V;SBJV;PRS;3;PL	C
leyfi	leyfa	N;INDF;ACC;PL	N;INDF;GEN;PL	C
minni	minnum	N;INDF;NOM;SG	N;INDF;DAT;PL	C
deyðast	deyðið	V;IND;PRS;3;PL	V;IND;PRS;2;PL	SRC_LEXICAL_ERROR
byggjum	byggir	V;IND;PRS;1;PL	V;IND;PRS;2;SG	C
hryggðu	hryggja	V;IND;PST;3;PL	V;NFIN	C
skjótum	skjóta	V;IND;PRS;1;PL	V;NFIN	C
fylli	fyllti	V;SBJV;PRS;3;SG	V;SBJV;PST;1;SG	C
skrifir	skrifaði	V;SBJV;PRS;2;SG	V;SBJV;PST;1;SG	C
líkunum	líki	N;DEF;DAT;PL	N;INDF;DAT;SG	C
flokkurinn	flokk	N;DEF;NOM;SG	N;INDF;ACC;SG	C
fylltu	fyllir	V;SBJV;PST;3;PL	V;SBJV;PRS;2;SG	C
lærandi	lærði	V.PTCP;PRS	V;SBJV;PST;3;SG	C
skírir	skírðir	V;IND;PRS;3;SG	V;IND;PST;2;SG	C
treystir	treystuð	V;IND;PRS;3;SG	V;IND;PST;2;PL	C
flettu	fletti	V;IND;PST;3;PL	V;SBJV;PRS;3;PL	C
kennd	kenndin	N;INDF;ACC;SG	N;DEF;NOM;SG	C
klæða	klæði	V;NFIN	V;SBJV;PRS;1;SG	C
flokks	flokki	N;INDF;GEN;SG	N;INDF;DAT;SG	C
gættum	gætti	V;IND;PRS;1;PL	V;SBJV;PST;3;SG	C
gyldir	galt	V;SBJV;PST;2;SG	V;IND;PST;3;SG	C
missi	misstuð	V;IND;PRS;1;SG	V;IND;PST;2;PL	C
skutum	skjóta	V;IND;PRS;1;PL	V;IND;PRS;3;PL	C
byggja	byggðu	V;IND;PRS;3;PL	V;SBJV;PST;3;PL	C
styrkir	styrkir	V;IND;PRS;2;SG	V;SBJV;PRS;2;SG	C
köstuðuð	kasti	V;IND;PST;2;PL	V;SBJV;PRS;1;SG	C
byggðu	bygg	V;IND;PST;3;PL	V;IMP;2;SG	C
styrkir	styrkja	V;SBJV;PRS;2;SG	V;NFIN	C
hræddum	hræðið	V;SBJV;PST;1;PL	V;IND;PRS;2;PL	C
hagann	haga	N;DEF;ACC;SG	N;INDF;GEN;PL	C
lík	líkunum	N;INDF;NOM;PL	N;DEF;DAT;PL	C
minni	minna	V;SBJV;PRS;3;SG	V;NFIN	C
mörkunum	markið	N;DEF;DAT;PL	N;DEF;ACC;SG	C
hryggðu	hryggja	V;IND;PST;3;PL	V;NFIN	C
skipi	skipunum	N;INDF;DAT;SG	N;DEF;DAT;PL	C
fyllti	fyllir	V;IND;PST;3;SG	V;SBJV;PRS;2;SG	C
átu	étum	V;IND;PST;3;PL	V;SBJV;PRS;1;PL	C
fiskana	fisks	N;DEF;ACC;PL	N;INDF;GEN;SG	C
sendir	sendu	V;IND;PRS;2;SG	V;IND;PST;3;PL	C
sleppir	slepp	V;SBJV;PRS;2;SG	V;IND;PRS;1;SG	C
sendandi	sendu	V.PTCP;PRS	V;SBJV;PST;3;PL	C
skytuð	skjóti	V;SBJV;PST;2;PL	V;SBJV;PRS;3;PL	C
klæddum	klæða	V;IND;PRS;1;PL	V;IND;PRS;3;PL	C
gyldi	gjaldir	V;SBJV;PST;3;SG	V;SBJV;PRS;2;SG	C
lofgjörðin	lofgjörð	V.PTCP;PST;ACC;PL	N;INDF;ACC;SG	SRC_LEXICAL_ERROR
fyllið	fyllið	V;IMP;2;PL	V;IMP;2;PL	C
klæðir	klæði	V;IND;PRS;2;SG	V;SBJV;PRS;3;PL	C
skýrðum	skýr	V;IND;PRS;1;PL	V;IMP;2;SG	C
stær	stærið	V;IMP;2;SG	V;IND;PRS;2;PL	SRC_LEXICAL_ERROR
hafsins	haf	N;DEF;GEN;SG	N;INDF;NOM;SG	C
kastaði	köstum	V;IND;PST;3;SG	V;SBJV;PRS;1;PL	C
skírðum	skírðir	V;SBJV;PST;1;PL	V;IND;PST;2;SG	C
meta	mets	N;INDF;GEN;PL	N;INDF;GEN;SG	C
gætt	gætti	V.CVB	V;SBJV;PST;3;SG	C
fyllir	fyllið	V;IND;PRS;3;SG	V;IMP;2;PL	C
minntum	minnir	V;SBJV;PST;1;PL	V;IND;PRS;2;SG	C
skjótandi	skjóta	V.PTCP;PRS	V;IND;PRS;3;PL	C
misstir	misstuð	V;SBJV;PST;2;SG	V;IND;PST;2;PL	C
kastandi	köstum	V.PTCP;PRS	V;SBJV;PRS;1;PL	C
gæta	gætti	V;NFIN	V;SBJV;PST;3;SG	C
liðsins	liði	N;DEF;GEN;SG	N;INDF;DAT;SG	C
skrifaði	skrifi	V;SBJV;PST;1;SG	V;SBJV;PRS;1;SG	C
gæta	gætti	V;IND;PRS;3;PL	V;SBJV;PST;3;SG	C
fisk	fisks	N;INDF;ACC;SG	N;INDF;GEN;SG	C
fiskar	fisks	N;INDF;NOM;PL	N;INDF;GEN;SG	C
gjaldi	gyldi	V;SBJV;PRS;3;SG	V;SBJV;PST;3;SG	C
verðsins	verðs	N;DEF;GEN;SG	N;INDF;GEN;SG	C
styrktu	styrkjum	V;IND;PST;3;PL	V;SBJV;PRS;1;PL	C
skyti	skjóta	V;SBJV;PST;3;SG	V;IND;PRS;3;PL	C
staði	staða	N;INDF;ACC;PL	N;INDF;GEN;PL	C
vörum	vörina	N;INDF;DAT;PL	N;DEF;ACC;SG	C
klæði	klæði	N;INDF;NOM;PL	N;INDF;DAT;SG	C
krossfesti	krossfesta	N;INDF;DAT;SG	N;INDF;GEN;PL	SRC_LEXICAL_ERROR
notuðum	notið	V;IND;PRS;1;PL	V;IMP;2;PL	C
samboðna	samboðin	V.PTCP;PST;GEN;SG	ADJ;ACC;PL	SRC_LEXICAL_ERROR
skírðum	skír	V;SBJV;PST;1;PL	V;IMP;2;SG	C
hræðið	hræðið	V;IMP;2;PL	V;IND;PRS;2;PL	C
sendið	senduð	V;IMP;2;PL	V;IND;PST;2;PL	C
flett	flettu	V.CVB	V;SBJV;PST;3;PL	C
gætið	gætti	V;IND;PRS;2;PL	V;SBJV;PST;3;SG	C
styrkja	styrkir	V;NFIN	V;IND;PRS;2;SG	C
líka	líkunum	N;INDF;GEN;PL	N;DEF;DAT;PL	C
horna	hornið	N;INDF;GEN;PL	N;DEF;NOM;SG	C
fiskanna	fisks	N;DEF;GEN;PL	N;INDF;GEN;SG	C
klæðandi	klæði	V.PTCP;PRS	V;SBJV;PRS;3;PL	C
þol	þol	N;INDF;ACC;SG	N;INDF;NOM;SG	C
kostandi	kosta	V.PTCP;PRS	V;IND;PRS;3;PL	C
málaði	mála	V;SBJV;PST;1;SG	V;IND;PRS;3;PL	C
styrki	styrkir	V;IND;PRS;1;SG	V;IND;PRS;2;SG	C
byggðir	byggðu	V;IND;PST;2;SG	V;SBJV;PST;3;PL	C
skjóti	skjóti	V;SBJV;PRS;3;PL	V;SBJV;PRS;3;PL	C
flettir	fletti	V;IND;PRS;3;SG	V;SBJV;PRS;3;PL	C
sendu	senduð	V;IND;PST;3;PL	V;IND;PST;2;PL	C
skýri	skýr	V;IND;PRS;1;SG	V;IMP;2;SG	C
rótfestir	rótfestu	V;IND;PST;2;SG	N;INDF;GEN;SG	SRC_LEXICAL_ERROR
flettu	fletti	V;SBJV;PST;3;PL	V;SBJV;PRS;3;PL	C
klæðir	klæða	V;SBJV;PRS;2;SG	V;IND;PRS;3;PL	C
lastmæltu	lastmælin	V;IND;PST;3;PL	ADJ;ACC;PL	SRC_LEXICAL_ERROR;TGT_LEXICAL_ERROR
skammir	skammar	N;INDF;ACC;PL	N;INDF;GEN;SG	C
félagi	félaga	N;INDF;DAT;SG	N;INDF;GEN;PL	C
missir	missir	V;SBJV;PRS;2;SG	V;SBJV;PRS;2;SG	C
hlutunum	hluta	N;DEF;DAT;PL	N;INDF;GEN;PL	C
hálsinum	hálsum	N;DEF;DAT;SG	N;INDF;DAT;PL	C
græðum	græðið	V;IND;PRS;1;PL	V;IND;PRS;2;PL	C
eignarlýð	eignarlýður	N;INDF;ACC;SG	V.PTCP;PST;NOM;SG	SRC_LEXICAL_ERROR;TGT_LEXICAL_ERROR
skýrðuð	skýra	V;SBJV;PST;2;PL	V;NFIN	C
hryggið	hryggði	V;IND;PRS;2;PL	V;IND;PST;3;SG	C
bygg	bygg	V;IMP;2;SG	V;IMP;2;SG	C
gætum	gætti	V;SBJV;PST;1;PL	V;SBJV;PST;3;SG	C
æptir	æptir	V;SBJV;PST;2;SG	V;IND;PST;2;SG	C
fiskanna	fisks	N;DEF;GEN;PL	N;INDF;GEN;SG	C
dæmin	dæmi	N;DEF;ACC;PL	N;INDF;DAT;SG	C
saurgi	saurga	N;INDF;DAT;SG	N;INDF;GEN;PL	SRC_LEXICAL_ERROR
skip	skipunum	N;INDF;ACC;PL	N;DEF;DAT;PL	C
skrifa	skrifi	V;IND;PRS;3;PL	V;SBJV;PRS;1;SG	C
leyndi	leyndi	V;IND;PST;3;SG	V;IND;PST;3;SG	C
leyfa	leyfa	N;INDF;GEN;PL	N;INDF;GEN;PL	C
skírðuð	skírðir	V;IND;PST;2;PL	V;IND;PST;2;SG	C
skírir	skír	V;IND;PRS;2;SG	V;IMP;2;SG	C
leynið	leyndi	V;IMP;2;PL	V;IND;PST;3;SG	C
hlutanna	hluta	N;DEF;GEN;PL	N;INDF;GEN;PL	C
gættir	gætti	V;SBJV;PST;2;SG	V;SBJV;PST;3;SG	C
flokks	flokki	N;INDF;GEN;SG	N;INDF;DAT;SG	C
styrkjum	styrkir	V;SBJV;PRS;1;PL	V;IND;PRS;2;SG	C
mála	máli	V;IND;PRS;1;SG	V;SBJV;PRS;1;SG	C
sendir	sendi	V;IND;PRS;3;SG	V;IND;PST;3;SG	C
byggi	byggðu	V;SBJV;PRS;1;SG	V;SBJV;PST;3;PL	C
flokka	flokki	N;INDF;GEN;PL	N;INDF;DAT;SG	C
skækjum	skækjur	N;INDF;DAT;PL	V.PTCP;PST;NOM;SG	SRC_LEXICAL_ERROR
klæðum	klæði	V;SBJV;PRS;1;PL	V;SBJV;PRS;1;SG	C
flokkur	flokki	N;INDF;NOM;SG	N;INDF;DAT;SG	C
köstuðu	kasti	V;IND;PST;3;PL	V;SBJV;PRS;3;PL	C
klæðir	klæddu	V;IND;PRS;2;SG	V;IND;PST;3;PL	C
stöðunum	staðinn	N;DEF;DAT;PL	N;DEF;ACC;SG	C
borðar	borði	V;IND;PRS;3;SG	V;SBJV;PRS;3;PL	C
fylltu	fyllti	V;SBJV;PST;3;PL	V;SBJV;PST;1;SG	C
byggðuð	bygg	V;IND;PST;2;PL	V;IMP;2;SG	C
mála	máli	V;NFIN	V;SBJV;PRS;1;SG	C
meta	mets	N;INDF;GEN;PL	N;INDF;GEN;SG	C
gjaldið	gyldi	V;IMP;2;PL	V;SBJV;PST;3;SG	C
klæðið	klæði	V;IND;PRS;2;PL	V;SBJV;PRS;1;SG	C
skýrum	skýr	V;SBJV;PRS;1;PL	V;IMP;2;SG	C
máluðuð	mála	V;IND;PST;2;PL	V;IND;PRS;3;PL	C
guðinn	guði	N;DEF;NOM;SG	N;INDF;DAT;SG	C
krossfesti	krossfestið	N;INDF;DAT;SG	V;IMP;2;PL	SRC_LEXICAL_ERROR
hefjið	hefjir	V;IMP;2;PL	V;SBJV;PRS;2;SG	C
kasta	kasti	V;IND;PRS;1;SG	V;SBJV;PRS;1;SG	C
skrifar	skrifuðuð	V;IND;PRS;2;SG	V;IND;PST;2;PL	C
skytir	skjóta	V;SBJV;PST;2;SG	V;IND;PRS;3;PL	C
hengdum	hengduð	V;IND;PRS;1;PL	V;IND;PST;2;PL	C
klæddi	klæddu	V;IND;PST;1;SG	V;IND;PST;3;PL	C
sendum	sendu	V;IND;PRS;1;PL	V;SBJV;PST;3;PL	C
syndgum	syndgið	N;INDF;DAT;PL	V;IMP;2;PL	SRC_LEXICAL_ERROR
höfum	haf	N;INDF;DAT;PL	N;INDF;NOM;SG	C
greinanna	greinum	N;DEF;GEN;PL	N;INDF;DAT;PL	C
fyllt	fyllti	V.CVB	V;SBJV;PST;3;SG	C
drekktu	drekkir	V;SBJV;PST;3;PL	V;IND;PRS;3;SG	C
staða	staða	N;INDF;GEN;PL	N;INDF;GEN;PL	C
ilmjurtunum	ilmjurtir	N;DEF;DAT;PL	V;IND;PST;2;SG	SRC_LEXICAL_ERROR
sendi	sendu	V;SBJV;PRS;1;SG	V;SBJV;PST;3;PL	C
bygg	bygg	V;IMP;2;SG	V;IMP;2;SG	C
málandi	málaðir	V.PTCP;PRS	V;IND;PST;2;SG	C
skírðuð	skírið	V;SBJV;PST;2;PL	V;IND;PRS;2;PL	C
tilreiknar	tilreiknuð	ADJ;NOM;PL	V;IND;PST;2;PL	SRC_LEXICAL_ERROR;TGT_LEXICAL_ERROR
trúa	trúna	N;INDF;GEN;PL	N;DEF;ACC;SG	C
umskorna	umskornir	N;INDF;GEN;PL	V;IND;PST;2;SG	SRC_LEXICAL_ERROR
líksins	líki	N;DEF;GEN;SG	N;INDF;DAT;SG	C
dæmið	dæmi	N;DEF;ACC;SG	N;INDF;DAT;SG	C
högum	haga	N;INDF;DAT;PL	N;INDF;GEN;SG	C
verð	verða	N;INDF;ACC;SG	N;INDF;GEN;PL	C
styrki	styrkjum	V;IND;PRS;1;SG	V;SBJV;PRS;1;PL	C
verði	verða	N;INDF;DAT;SG	N;INDF;GEN;PL	C
líks	líki	N;INDF;GEN;SG	N;INDF;DAT;SG	C
fisksins	fisks	N;DEF;GEN;SG	N;INDF;GEN;SG	C
skíri	skírðir	V;SBJV;PRS;3;SG	V;IND;PST;2;SG	C
fleygi	fleygði	V;SBJV;PRS;3;PL	V;SBJV;PST;3;SG	C
hlutarins	hluta	N;DEF;GEN;SG	N;INDF;GEN;PL	C
byggið	byggðu	V;IMP;2;PL	V;SBJV;PST;3;PL	C
notuðuð	nota	V;SBJV;PST;2;PL	V;NFIN	C
skjótum	skjóti	V;SBJV;PRS;1;PL	V;SBJV;PRS;3;PL	C
líkum	líki	N;INDF;DAT;PL	N;INDF;DAT;SG	C
líka	líki	N;INDF;GEN;PL	N;INDF;DAT;SG	C
lastmælir	lastmælin	V;SBJV;PRS;2;SG	ADJ;ACC;PL	SRC_LEXICAL_ERROR;TGT_LEXICAL_ERROR
flokkur	flokkunum	N;INDF;NOM;SG	N;DEF;DAT;PL	C
lastmæltu	lastmæla	V;IND;PST;3;PL	V;NFIN	SRC_LEXICAL_ERROR
minnum	minnir	V;SBJV;PRS;1;PL	V;IND;PRS;2;SG	C
þrengingin	þrengingum	V.PTCP;PST;ACC;PL	N;INDF;DAT;PL	SRC_LEXICAL_ERROR
dæma	dæmi	N;INDF;GEN;PL	N;INDF;DAT;SG	C
styrktu	styrkjum	V;SBJV;PST;3;PL	V;SBJV;PRS;1;PL	C
vanheilagan	vanheilagt	ADJ;ACC;SG	N;INDF;ACC;SG	SRC_LEXICAL_ERROR
styrktir	styrkir	V;SBJV;PST;2;SG	V;SBJV;PRS;2;SG	C
raustu	raustin	N;INDF;GEN;SG	V.PTCP;PST;ACC;PL	SRC_LEXICAL_ERROR
greini	greinum	N;INDF;ACC;SG	N;INDF;DAT;PL	C
samkundustjóri	samkundustjórunum	N;INDF;DAT;SG	N;DEF;DAT;PL	SRC_LEXICAL_ERROR;TGT_LEXICAL_ERROR
málar	mála	V;IND;PRS;2;SG	V;IND;PRS;3;PL	C
krossanna	kross	N;DEF;GEN;PL	N;INDF;GEN;SG	C
fiskar	fisks	N;INDF;NOM;PL	N;INDF;GEN;SG	C
köstuðuð	kasti	V;SBJV;PST;2;PL	V;SBJV;PRS;3;PL	C
minnti	minntuð	V;IND;PST;1;SG	V;IND;PST;2;PL	C
safnið	safna	V;IMP;2;PL	V;NFIN	C
hryggðuð	hryggja	V;IND;PST;2;PL	V;NFIN	C
vitrað	vitrast	V.CVB	V;IND;PRS;3;SG	SRC_LEXICAL_ERROR
minni	minnir	V;SBJV;PRS;3;PL	V;IND;PRS;2;SG	C
leyfið	leyfa	N;DEF;ACC;SG	N;INDF;GEN;PL	C
kysstu	kyssið	V;IND;PST;3;PL	V;IND;PRS;2;PL	C
staðurinn	stöðunum	N;DEF;NOM;SG	N;DEF;DAT;PL	C
haf	haf	N;INDF;NOM;SG	N;INDF;NOM;SG	C
tilreiknað	tilreiknar	V.CVB	ADJ;NOM;PL	SRC_LEXICAL_ERROR;TGT_LEXICAL_ERROR
notaði	notið	V;SBJV;PST;3;SG	V;IND;PRS;2;PL	C
drekki	drekkir	V;SBJV;PRS;3;PL	V;IND;PRS;3;SG	C
grísku	grísku	N;INDF;ACC;SG	N;INDF;ACC;SG	C
málaði	máli	V;SBJV;PST;3;SG	V;SBJV;PRS;1;SG	C
líkunum	líkunum	N;DEF;DAT;PL	N;DEF;DAT;PL	C
sendum	sendi	V;SBJV;PRS;1;PL	V;IND;PST;3;SG	C
fyllum	fyllir	V;SBJV;PRS;1;PL	V;SBJV;PRS;2;SG	C
tunglsjúka	tunglsjúkur	N;INDF;GEN;PL	V.PTCP;PST;NOM;SG	SRC_LEXICAL_ERROR;TGT_LEXICAL_ERROR
skytum	skjóta	V;SBJV;PST;1;PL	V;NFIN	C
skírt	skírðir	V.CVB	V;IND;PST;2;SG	C
minni	minni	N;INDF;NOM;SG	N;INDF;ACC;SG	C
verðin	verða	N;DEF;NOM;PL	N;INDF;GEN;PL	C
gyldu	gjaldir	V;SBJV;PST;3;PL	V;SBJV;PRS;2;SG	C
ráð	ráðið	N;INDF;ACC;PL	N;DEF;ACC;SG	C
étið	éti	V.CVB	V;SBJV;PRS;3;PL	C
málaði	málaðir	V;IND;PST;1;SG	V;IND;PST;2;SG	C
minntum	minntuð	V;SBJV;PST;1;PL	V;IND;PST;2;PL	C
minntum	minna	V;SBJV;PST;1;PL	V;NFIN	C
fyllti	fyllið	V;SBJV;PST;1;SG	V;IMP;2;PL	C
klæða	klæði	N;INDF;GEN;PL	N;INDF;DAT;SG	C
þakka	þökkum	N;INDF;GEN;PL	N;INDF;DAT;PL	C
fylltu	fyllti	V;IND;PST;3;PL	V;SBJV;PST;1;SG	C
sendir	sendi	V;IND;PRS;2;SG	V;IND;PST;3;SG	C
veldu	vel	V;SBJV;PST;3;PL	V;IMP;2;SG	C
skýrðir	skýrir	V;SBJV;PST;2;SG	V;SBJV;PRS;2;SG	C
óskir	óskuðu	V;SBJV;PRS;2;SG	V;IND;PST;3;PL	C
skýri	skýr	V;SBJV;PRS;3;SG	V;IMP;2;SG	C
minntir	minntuð	V;SBJV;PST;2;SG	V;IND;PST;2;PL	C
líkið	líkunum	N;DEF;NOM;SG	N;DEF;DAT;PL	C
færðir	færði	V;SBJV;PST;2;SG	V;IND;PST;3;SG	C
verðið	verða	N;DEF;ACC;SG	N;INDF;GEN;PL	C
fyll	fyllið	V;IMP;2;SG	V;IMP;2;PL	C
byggjum	byggir	V;SBJV;PRS;1;PL	V;IND;PRS;2;SG	C
gætið	gætti	V;SBJV;PRS;2;PL	V;SBJV;PST;3;SG	C
minnt	minna	V.CVB	V;NFIN	C
dansa	dansinn	N;INDF;ACC;PL	N;DEF;ACC;SG	C
kostaði	kosta	V;SBJV;PST;3;SG	V;IND;PRS;3;PL	C
skýrðuð	skýrum	V;SBJV;PST;2;PL	V;SBJV;PRS;1;PL	C
gættu	gætti	V;SBJV;PST;3;PL	V;SBJV;PST;3;SG	C
minntu	minna	V;SBJV;PST;3;PL	V;NFIN	C
skrifa	skrifi	V;NFIN	V;SBJV;PRS;1;SG	C
fiska	fisks	N;INDF;ACC;PL	N;INDF;GEN;SG	C
málar	máli	V;IND;PRS;2;SG	V;SBJV;PRS;1;SG	C
styrkir	styrkir	V;IND;PRS;2;SG	V;IND;PRS;2;SG	C
flokkurinn	flokki	N;DEF;NOM;SG	N;INDF;DAT;SG	C
kasti	kasti	V;SBJV;PRS;1;SG	V;SBJV;PRS;1;SG	C
fiskanna	fisks	N;DEF;GEN;PL	N;INDF;GEN;SG	C
fundi	fundunum	N;INDF;DAT;SG	N;DEF;DAT;PL	C
skírðu	skírið	V;SBJV;PST;3;PL	V;IND;PRS;2;PL	C
skýrum	skýra	V;SBJV;PRS;1;PL	V;NFIN	C
skrifi	skrifuðuð	V;SBJV;PRS;3;PL	V;IND;PST;2;PL	C
leynduð	leyn	V;SBJV;PST;2;PL	V;IMP;2;SG	C
kasti	kasti	V;SBJV;PRS;3;SG	V;SBJV;PRS;3;PL	C
verð	verðs	N;INDF;NOM;PL	N;INDF;GEN;SG	C
færir	færði	V;IND;PRS;3;SG	V;SBJV;PST;1;SG	C
minnti	minnir	V;IND;PST;3;SG	V;IND;PRS;2;SG	C
færði	færði	V;IND;PST;1;SG	V;SBJV;PST;1;SG	C
ráðunum	ráðið	N;DEF;DAT;PL	N;DEF;ACC;SG	C
minnti	minna	V;SBJV;PST;1;SG	V;NFIN	C
styrki	styrkja	V;SBJV;PRS;1;SG	V;NFIN	C
hryggt	hryggja	V.CVB	V;NFIN	C
verðinu	verðs	N;DEF;DAT;SG	N;INDF;GEN;SG	C
senda	sendu	V;NFIN	V;SBJV;PST;3;PL	C
skipa	skipunum	N;INDF;GEN;PL	N;DEF;DAT;PL	C
fylli	fyllti	V;SBJV;PRS;3;SG	V;SBJV;PST;1;SG	C
lastmælin	lastmæli	ADJ;ACC;PL	V;SBJV;PRS;3;PL	SRC_LEXICAL_ERROR
skýrði	skýra	V;SBJV;PST;1;SG	V;IND;PRS;3;PL	C
hryggðuð	hryggi	V;IND;PST;2;PL	V;IND;PRS;1;SG	C
fyllti	fyllið	V;IND;PST;1;SG	V;IMP;2;PL	C
köstuðum	kasti	V;SBJV;PST;1;PL	V;SBJV;PRS;3;PL	C
senduð	sendu	V;IND;PST;2;PL	V;SBJV;PST;3;PL	C
ættfeðurnir	ættfeðurna	V;IND;PST;2;SG	N;INDF;GEN;PL	SRC_LEXICAL_ERROR;TGT_LEXICAL_ERROR
gæta	gætti	V;NFIN	V;SBJV;PST;3;SG	C
hryggi	hryggði	V;SBJV;PRS;3;PL	V;IND;PST;3;SG	C
skýr	skýrum	V;IMP;2;SG	V;SBJV;PRS;1;PL	C
styrkir	styrkir	V;IND;PRS;3;SG	V;SBJV;PRS;2;SG	C
fisk	fisks	N;INDF;ACC;SG	N;INDF;GEN;SG	C
verð	verða	N;INDF;NOM;SG	N;INDF;GEN;PL	C
fundanna	fundunum	N;DEF;GEN;PL	N;DEF;DAT;PL	C
flokk	flokki	N;INDF;ACC;SG	N;INDF;DAT;SG	C
síið	síst	V;IND;PRS;2;PL	V;IND;PRS;1;SG	SRC_LEXICAL_ERROR
skyti	skjóta	V;SBJV;PST;1;SG	V;NFIN	C
trú	trúna	N;INDF;NOM;SG	N;DEF;ACC;SG	C
skýrum	skýra	V;IND;PRS;1;PL	V;IND;PRS;3;PL	C
kasta	kasti	V;IMP;2;SG	V;SBJV;PRS;1;SG	C
sendir	sendi	V;IND;PRS;3;SG	V;IND;PST;3;SG	C
fylltum	fyllið	V;IND;PRS;1;PL	V;IMP;2;PL	C
samkundustjórinn	samkundustjóra	N;DEF;ACC;SG	N;INDF;GEN;PL	SRC_LEXICAL_ERROR;TGT_LEXICAL_ERROR
klæða	klæði	V;NFIN	V;SBJV;PRS;3;PL	C
skipinu	skipunum	N;DEF;DAT;SG	N;DEF;DAT;PL	C
verð	verðs	N;INDF;ACC;SG	N;INDF;GEN;SG	C
fylltuð	fyllir	V;IND;PST;2;PL	V;SBJV;PRS;2;SG	C
styrki	styrkjum	V;SBJV;PRS;1;SG	V;SBJV;PRS;1;PL	C
sendi	sendu	V;SBJV;PST;1;SG	V;SBJV;PST;3;PL	C
syndgum	syndgað	N;INDF;DAT;PL	V.CVB	SRC_LEXICAL_ERROR
missirinn	missis	N;DEF;NOM;SG	N;INDF;GEN;SG	C
háls	hálsum	N;INDF;ACC;SG	N;INDF;DAT;PL	C
raustar	raustu	ADJ;NOM;PL	N;INDF;GEN;SG	SRC_LEXICAL_ERROR;TGT_LEXICAL_ERROR
dans	dansinn	N;INDF;NOM;SG	N;DEF;ACC;SG	C
styrktum	styrkjum	V;SBJV;PST;1;PL	V;SBJV;PRS;1;PL	C
gæta	gætti	V;IND;PRS;3;PL	V;SBJV;PST;3;SG	C
skýrðum	skýrum	V;IND;PRS;1;PL	V;SBJV;PRS;1;PL	C
máli	málaðir	V;SBJV;PRS;3;PL	V;IND;PST;2;SG	C
metinu	mets	N;DEF;DAT;SG	N;INDF;GEN;SG	C
styrkir	styrkja	V;IND;PRS;2;SG	V;NFIN	C
þrengingin	þrengingunum	V.PTCP;PST;ACC;PL	N;DEF;DAT;PL	SRC_LEXICAL_ERROR
byggja	bygg	V;NFIN	V;IMP;2;SG	C
senduð	sendi	V;IND;PST;2;PL	V;IND;PST;3;SG	C
guðina	guðum	N;DEF;ACC;PL	N;INDF;DAT;PL	C
ráðsins	ráðið	N;DEF;GEN;SG	N;DEF;ACC;SG	C
leynum	leyndi	V;IND;PRS;1;PL	V;IND;PST;3;SG	C
lærir	lærði	V;IND;PRS;2;SG	V;SBJV;PST;3;SG	C
hengið	hengdir	V;IMP;2;PL	V;IND;PST;2;SG	C
ráðin	ráðið	N;DEF;ACC;PL	N;DEF;ACC;SG	C
byggðu	byggðu	V;SBJV;PST;3;PL	V;SBJV;PST;3;PL	C
kallað	kölluðu	V.CVB	V;IND;PST;3;PL	C
skjóta	skjóti	V;NFIN	V;SBJV;PRS;3;PL	C
klæðir	klæði	V;IND;PRS;3;SG	V;SBJV;PRS;3;PL	C
gætt	gætti	V.CVB	V;SBJV;PST;3;SG	C
köstuðu	köstum	V;IND;PST;3;PL	V;SBJV;PRS;1;PL	C
klæddum	klæði	V;IND;PRS;1;PL	V;SBJV;PRS;3;PL	C
kasta	kastaði	V;IMP;2;SG	V;SBJV;PST;3;SG	C
klæddu	klæði	V;SBJV;PST;3;PL	V;SBJV;PRS;3;PL	C
sendið	sendu	V;IND;PRS;2;PL	V;SBJV;PST;3;PL	C
syndgum	syndgar	N;INDF;DAT;PL	ADJ;NOM;PL	SRC_LEXICAL_ERROR
flokkarnir	flokki	N;DEF;NOM;PL	N;INDF;DAT;SG	C
klæddi	klæða	V;IND;PST;1;SG	V;IND;PRS;3;PL	C
flokkunum	flokki	N;DEF;DAT;PL	N;INDF;DAT;SG	C
sleppir	slepp	V;SBJV;PRS;2;SG	V;IND;PRS;1;SG	C
byggið	bygg	V;SBJV;PRS;2;PL	V;IMP;2;SG	C
klædduð	klæða	V;IND;PST;2;PL	V;IND;PRS;3;PL	C
hryggjum	hryggi	V;IND;PRS;1;PL	V;IND;PRS;1;SG	C
köstuðuð	kastaði	V;SBJV;PST;2;PL	V;SBJV;PST;3;SG	C
skjóti	skjóta	V;SBJV;PRS;3;SG	V;IND;PRS;3;PL	C
minntir	minna	V;SBJV;PST;2;SG	V;NFIN	C
öðlaðist	öðlast	V;IND;PST;3;SG	V;NFIN	C
flett	fletti	V.CVB	V;SBJV;PRS;3;PL	C
byggjandi	bygg	V.PTCP;PRS	V;IMP;2;SG	C
minnti	minntuð	V;SBJV;PST;1;SG	V;IND;PST;2;PL	C
fylltuð	fyllti	V;IND;PST;2;PL	V;SBJV;PST;3;SG	C
söfnuðuð	safna	V;IND;PST;2;PL	V;NFIN	C
skýrðu	skýra	V;IND;PST;3;PL	V;NFIN	C
færi	færði	V;SBJV;PRS;3;SG	V;IND;PST;3;SG	C
eyrað	eyrunum	N;DEF;NOM;SG	N;DEF;DAT;PL	C
skipsins	skipunum	N;DEF;GEN;SG	N;DEF;DAT;PL	C
deyðast	deyðir	V;IND;PRS;3;PL	V;SBJV;PRS;2;SG	SRC_LEXICAL_ERROR
sendið	sendu	V;IND;PRS;2;PL	V;SBJV;PST;3;PL	C
skýrandi	skýrum	V.PTCP;PRS	V;SBJV;PRS;1;PL	C
styrkt	styrkjum	V.CVB	V;SBJV;PRS;1;PL	C
samkundustjórinn	samkundustjórunum	N;DEF;ACC;SG	N;DEF;DAT;PL	SRC_LEXICAL_ERROR;TGT_LEXICAL_ERROR
byggið	byggir	V;IND;PRS;2;PL	V;IND;PRS;2;SG	C
freista	freistið	V;NFIN	V;IND;PRS;2;PL	C
mála	mála	V;IMP;2;SG	V;IND;PRS;3;PL	C
byggðum	bygg	V;SBJV;PST;1;PL	V;IMP;2;SG	C
hefjir	hefur	V;SBJV;PRS;2;SG	V;IND;PRS;3;SG	C
hlutirnir	hluta	N;DEF;NOM;PL	N;INDF;GEN;PL	C
óskaði	óskuðu	V;IND;PST;3;SG	V;IND;PST;3;PL	C
styrkti	styrkjum	V;SBJV;PST;3;SG	V;SBJV;PRS;1;PL	C
flokks	flokki	N;INDF;GEN;SG	N;INDF;DAT;SG	C
kasti	kasti	V;SBJV;PRS;3;SG	V;SBJV;PRS;1;SG	C
minntum	minna	V;IND;PRS;1;PL	V;NFIN	C
stundanna	stund	N;DEF;GEN;PL	N;INDF;DAT;SG	C
hengið	hengdir	V;IND;PRS;2;PL	V;IND;PST;2;SG	C
starfið	starfið	N;DEF;NOM;SG	N;DEF;NOM;SG	C
greini	greinum	N;INDF;ACC;SG	N;INDF;DAT;PL	C
færðu	færði	V;IND;PST;3;PL	V;IND;PST;3;SG	C
sendi	sendi	V;SBJV;PST;3;SG	V;IND;PST;3;SG	C
minnandi	minntuð	V.PTCP;PRS	V;IND;PST;2;PL	C
skipi	skipunum	N;INDF;DAT;SG	N;DEF;DAT;PL	C
hryggi	hryggja	V;IND;PRS;1;SG	V;NFIN	C
læra	lærði	V;IND;PRS;3;PL	V;SBJV;PST;3;SG	C
hræddi	hræðið	V;IND;PST;1;SG	V;IND;PRS;2;PL	C
skýrðuð	skýra	V;SBJV;PST;2;PL	V;IND;PRS;3;PL	C
ráð	ráðið	N;INDF;ACC;PL	N;DEF;ACC;SG	C
freista	freista	V;IND;PRS;3;PL	V;NFIN	C
minntu	minna	V;SBJV;PST;3;PL	V;NFIN	C
skutuð	skjóti	V;IND;PST;2;PL	V;SBJV;PRS;3;PL	C
sendi	sendu	V;IND;PRS;1;SG	V;IND;PST;3;PL	C
klæðið	klæði	V;IND;PRS;2;PL	V;SBJV;PRS;1;SG	C
skjóti	skjóta	V;SBJV;PRS;3;PL	V;IND;PRS;3;PL	C
skrifa	skrifi	V;IND;PRS;3;PL	V;SBJV;PRS;1;SG	C
slyppu	slepp	V;SBJV;PST;3;PL	V;IND;PRS;1;SG	C
lofa	lofaðir	V;IND;PRS;1;SG	V;IND;PST;2;SG	C
byggð	byggðin	N;INDF;NOM;SG	N;DEF;NOM;SG	C
reyndi	reyni	V;SBJV;PST;3;SG	V;IND;PRS;1;SG	C
styrkjum	styrkja	V;IND;PRS;1;PL	V;NFIN	C
styrkti	styrkir	V;SBJV;PST;1;SG	V;SBJV;PRS;2;SG	C
fyllt	fyllti	V.CVB	V;SBJV;PST;1;SG	C
lastmæltu	lastmælir	V;IND;PST;3;PL	V;SBJV;PRS;2;SG	SRC_LEXICAL_ERROR;TGT_LEXICAL_ERROR
treysti	treystir	V;SBJV;PST;3;SG	V;IND;PRS;3;SG	C
málaði	mála	V;IND;PST;3;SG	V;IND;PRS;3;PL	C
hryggðir	hryggja	V;SBJV;PST;2;SG	V;NFIN	C
máluðum	mála	V;IND;PRS;1;PL	V;IND;PRS;3;PL	C
klæðir	klæði	V;SBJV;PRS;2;SG	V;SBJV;PRS;3;PL	C
kosti	kosta	V;SBJV;PRS;1;SG	V;NFIN	C
hafs	haf	N;INDF;GEN;SG	N;INDF;NOM;SG	C
verð	verðs	N;INDF;ACC;PL	N;INDF;GEN;SG	C
líksins	líkunum	N;DEF;GEN;SG	N;DEF;DAT;PL	C
liðum	liði	N;INDF;DAT;PL	N;INDF;DAT;SG	C
fylli	fyllti	V;SBJV;PRS;3;PL	V;SBJV;PST;3;SG	C
fiskum	fisks	N;INDF;DAT;PL	N;INDF;GEN;SG	C
ráð	ráðið	N;INDF;ACC;SG	N;DEF;ACC;SG	C
flokkunum	flokkunum	N;DEF;DAT;PL	N;DEF;DAT;PL	C
stundarinnar	stund	N;DEF;GEN;SG	N;INDF;DAT;SG	C
óskar	óskuðu	V;IND;PRS;2;SG	V;IND;PST;3;PL	C
þreytst	þreytast	V;IND;PRS;1;SG	V;IND;PRS;3;PL	SRC_LEXICAL_ERROR
gætti	gætti	V;SBJV;PST;1;SG	V;SBJV;PST;3;SG	C
aftrið	aftra	V;IMP;2;PL	N;INDF;GEN;PL	SRC_LEXICAL_ERROR
styrktum	styrktu	V;SBJV;PST;1;PL	V;SBJV;PST;3;PL	C
byggðir	bygg	V;IND;PST;2;SG	V;IMP;2;SG	C
fylltum	fyllir	V;SBJV;PST;1;PL	V;SBJV;PRS;2;SG	C
skýrðuð	skýrir	V;IND;PST;2;PL	V;SBJV;PRS;2;SG	C
minn	minna	V;IMP;2;SG	V;NFIN	C
gætti	gætti	V;SBJV;PST;3;SG	V;SBJV;PST;3;SG	C
kastað	kasti	V.CVB	V;SBJV;PRS;1;SG	C
skýri	skýr	V;IND;PRS;1;SG	V;IMP;2;SG	C
gætið	gætti	V;SBJV;PRS;2;PL	V;SBJV;PST;3;SG	C
horn	horn	N;INDF;NOM;PL	N;INDF;ACC;SG	C
skrifuðu	skrifuðu	V;SBJV;PST;3;PL	V;IND;PST;3;PL	C
flokka	flokkunum	N;INDF;GEN;PL	N;DEF;DAT;PL	C
skrifuðum	skrifaði	V;SBJV;PST;1;PL	V;SBJV;PST;1;SG	C
greinisins	greinum	N;DEF;GEN;SG	N;INDF;DAT;PL	C
gættir	gætti	V;IND;PST;2;SG	V;SBJV;PST;3;SG	C
klæði	klæði	V;SBJV;PRS;3;PL	V;SBJV;PRS;3;PL	C
fyllandi	fyllið	V.PTCP;PRS	V;IMP;2;PL	C
leynir	leyndi	V;SBJV;PRS;2;SG	V;IND;PST;3;SG	C
fyllti	fyllti	V;SBJV;PST;1;SG	V;SBJV;PST;1;SG	C
gætum	gætti	V;SBJV;PST;1;PL	V;SBJV;PST;3;SG	C
kasta	kasti	V;IND;PRS;1;SG	V;SBJV;PRS;3;PL	C
flokksins	flokki	N;DEF;GEN;SG	N;INDF;DAT;SG	C
velur	vel	V;IND;PRS;3;SG	V;IMP;2;SG	C
styrkti	styrkjum	V;SBJV;PST;1;SG	V;SBJV;PRS;1;PL	C
færir	færði	V;IND;PRS;2;SG	V;SBJV;PST;1;SG	C
staðurinn	staðinn	N;DEF;NOM;SG	N;DEF;ACC;SG	C
flokkurinn	flokk	N;DEF;NOM;SG	N;INDF;ACC;SG	C
auka	auki	N;INDF;DAT;SG	N;INDF;NOM;SG	C
færðu	færði	V;IND;PST;3;PL	V;IND;PST;3;SG	C
byggðuð	bygg	V;SBJV;PST;2;PL	V;IMP;2;SG	C
byggið	bygg	V;SBJV;PRS;2;PL	V;IMP;2;SG	C
gættu	gætti	V;SBJV;PST;3;PL	V;SBJV;PST;3;SG	C
eigið	eigist	V;IND;PRS;2;PL	V;SBJV;PRS;1;SG	TGT_LEXICAL_ERROR
hylja	huldir	V;IND;PRS;3;PL	V;IND;PST;2;SG	C
máluðu	málaðir	V;IND;PST;3;PL	V;IND;PST;2;SG	C
postuladóm	postuladóms	N;INDF;ACC;SG	PRN;INDF;GEN;SG	SRC_LEXICAL_ERROR
hvíl	hvílast	V;IMP;2;SG	V;IND;PRS;3;PL	SRC_LEXICAL_ERROR
hræddir	hræðið	V;SBJV;PST;2;SG	V;IND;PRS;2;PL	C
málaði	málaðir	V;IND;PST;3;SG	V;IND;PST;2;SG	C
verðs	verðs	N;INDF;GEN;SG	N;INDF;GEN;SG	C
kasta	kasti	V;NFIN	V;SBJV;PRS;1;SG	C
lofandi	lofaðir	V.PTCP;PRS	V;IND;PST;2;SG	C
köstum	köstum	V;IND;PRS;1;PL	V;SBJV;PRS;1;PL	C
þrengingin	þrengingu	V.PTCP;PST;ACC;PL	N;INDF;GEN;SG	SRC_LEXICAL_ERROR
styrkjum	styrkir	V;SBJV;PRS;1;PL	V;SBJV;PRS;2;SG	C
flokk	flokk	N;INDF;ACC;SG	N;INDF;ACC;SG	C
greinis	greinum	N;INDF;GEN;SG	N;INDF;DAT;PL	C
klædduð	klæða	V;SBJV;PST;2;PL	V;IND;PRS;3;PL	C
byggði	byggðu	V;IND;PST;1;SG	V;SBJV;PST;3;PL	C
minnir	minntuð	V;IND;PRS;3;SG	V;IND;PST;2;PL	C
klæddi	klæða	V;IND;PST;3;SG	V;IND;PRS;3;PL	C
klæða	klæði	V;NFIN	V;SBJV;PRS;1;SG	C
vísur	vísum	N;INDF;ACC;PL	N;INDF;DAT;PL	C
missum	missið	V;SBJV;PST;1;PL	V;IMP;2;PL	C
styrktu	styrkir	V;SBJV;PST;3;PL	V;SBJV;PRS;2;SG	C
flett	flettuð	V;IMP;2;SG	V;IND;PST;2;PL	C
skip	skipunum	N;INDF;NOM;SG	N;DEF;DAT;PL	C
notaðir	notið	V;SBJV;PST;2;SG	V;IND;PRS;2;PL	C
gætið	gætti	V;IMP;2;PL	V;SBJV;PST;3;SG	C
klæddum	klæði	V;IND;PRS;1;PL	V;SBJV;PRS;3;PL	C
styrktu	styrkja	V;IND;PST;3;PL	V;NFIN	C
klæðinu	klæði	N;DEF;DAT;SG	N;INDF;DAT;SG	C
ríkdóminn	ríkdómi	N;DEF;ACC;SG	N;INDF;DAT;SG	SRC_LEXICAL_ERROR
fiskum	fisks	N;INDF;DAT;PL	N;INDF;GEN;SG	C
skipin	skipunum	N;DEF;ACC;PL	N;DEF;DAT;PL	C
málið	málaðir	V;IMP;2;PL	V;IND;PST;2;SG	C
metum	mets	N;INDF;DAT;PL	N;INDF;GEN;SG	C
vitrað	vitrir	V.CVB	V;IND;PST;2;SG	SRC_LEXICAL_ERROR
skip	skipunum	N;INDF;NOM;PL	N;DEF;DAT;PL	C
fiska	fisks	N;INDF;ACC;PL	N;INDF;GEN;SG	C
flokkunum	flokkunum	N;DEF;DAT;PL	N;DEF;DAT;PL	C
félögin	félag	N;DEF;ACC;PL	N;INDF;ACC;SG	C
flettu	flettuð	V;IND;PST;3;PL	V;IND;PST;2;PL	C
borðaði	borði	V;SBJV;PST;3;SG	V;SBJV;PRS;3;PL	C
samboðna	samboðið	V.PTCP;PST;GEN;SG	V;IND;PRS;2;PL	SRC_LEXICAL_ERROR
skytu	skjóta	V;SBJV;PST;3;PL	V;NFIN	C
minnið	minna	V;IMP;2;PL	V;NFIN	C
minntu	minna	V;IND;PST;3;PL	V;NFIN	C
leyfanna	leyfa	N;DEF;GEN;PL	N;INDF;GEN;PL	C
hræddi	hræðið	V;SBJV;PST;1;SG	V;IND;PRS;2;PL	C
greini	greinum	N;INDF;DAT;SG	N;INDF;DAT;PL	C
fiskana	fisks	N;DEF;ACC;PL	N;INDF;GEN;SG	C
skírið	skírið	V;SBJV;PRS;2;PL	V;IND;PRS;2;PL	C
flokkum	flokki	N;INDF;DAT;PL	N;INDF;DAT;SG	C
valdi	völdunum	N;INDF;DAT;SG	N;DEF;DAT;PL	C
flokkana	flokki	N;DEF;ACC;PL	N;INDF;DAT;SG	C
klæðið	klæði	V;IMP;2;PL	V;SBJV;PRS;1;SG	C
viki	víka	V;SBJV;PST;3;SG	V;NFIN	C
klæðin	klæði	N;DEF;ACC;PL	N;INDF;DAT;SG	C
ráð	ráðið	N;INDF;ACC;SG	N;DEF;ACC;SG	C
eigist	eigin	V;SBJV;PRS;1;SG	ADJ;ACC;PL	SRC_LEXICAL_ERROR
klæða	klæða	V;NFIN	V;IND;PRS;3;PL	C
vakirnar	vökin	N;DEF;NOM;PL	N;DEF;NOM;SG	C
valdið	vald	N;DEF;NOM;SG	N;INDF;NOM;SG	C
drekktum	drekk	V;SBJV;PST;1;PL	V;IMP;2;SG	C
flokkarnir	flokki	N;DEF;NOM;PL	N;INDF;DAT;SG	C
styrktuð	styrkjum	V;SBJV;PST;2;PL	V;SBJV;PRS;1;PL	C
samkundustjórinn	samkundustjóri	N;DEF;ACC;SG	N;INDF;DAT;SG	SRC_LEXICAL_ERROR;TGT_LEXICAL_ERROR
líka	líki	N;INDF;GEN;PL	N;INDF;DAT;SG	C
styrkjandi	styrkja	V.PTCP;PRS	V;NFIN	C
völdunum	vald	N;DEF;DAT;PL	N;INDF;NOM;SG	C
drýgði	drýgi	V;SBJV;PST;1;SG	V;SBJV;PRS;3;PL	C
styrktum	styrkjum	V;IND;PRS;1;PL	V;SBJV;PRS;1;PL	C
krossfesti	krossfestuð	N;INDF;DAT;SG	V;IND;PST;2;PL	SRC_LEXICAL_ERROR
ráð	ráðið	N;INDF;NOM;SG	N;DEF;ACC;SG	C
byggjandi	byggir	V.PTCP;PRS	V;IND;PRS;2;SG	C
sent	sendu	V.CVB	V;SBJV;PST;3;PL	C
skjótum	skjóta	V;SBJV;PRS;1;PL	V;IND;PRS;3;PL	C
treysti	treystir	V;SBJV;PST;3;SG	V;IND;PRS;3;SG	C
málaðir	máli	V;SBJV;PST;2;SG	V;SBJV;PRS;1;SG	C
hræðum	hræðið	V;SBJV;PRS;1;PL	V;IND;PRS;2;PL	C
skýr	skýr	V;IMP;2;SG	V;IMP;2;SG	C
kastaðir	kasti	V;IND;PST;2;SG	V;SBJV;PRS;1;SG	C
skýra	skýra	V;NFIN	V;NFIN	C
skip	skipunum	N;INDF;NOM;PL	N;DEF;DAT;PL	C
metanna	mets	N;DEF;GEN;PL	N;INDF;GEN;SG	C
klæddum	klæði	V;SBJV;PST;1;PL	V;SBJV;PRS;1;SG	C
styrkið	styrktu	V;IMP;2;PL	V;SBJV;PST;3;PL	C
hvílíks	hvílíkt	PRN;INDF;GEN;SG	N;INDF;ACC;SG	SRC_LEXICAL_ERROR
þolið	þol	N;DEF;NOM;SG	N;INDF;NOM;SG	C
félagsins	félaga	N;DEF;GEN;SG	N;INDF;GEN;PL	C
fyllum	fyllið	V;IND;PRS;1;PL	V;IMP;2;PL	C
fylltum	fyllir	V;SBJV;PST;1;PL	V;SBJV;PRS;2;SG	C
safnaði	söfnuðuð	V;SBJV;PST;3;SG	V;IND;PST;2;PL	C
skrifið	skrifi	V;IND;PRS;2;PL	V;SBJV;PRS;1;SG	C
hrætt	hræðið	V.CVB	V;IND;PRS;2;PL	C
lík	líki	N;INDF;ACC;SG	N;INDF;DAT;SG	C
reynir	reyni	V;SBJV;PRS;2;SG	V;IND;PRS;1;SG	C
klæð	klæða	V;IMP;2;SG	V;IND;PRS;3;PL	C
klæddi	klæði	V;IND;PST;1;SG	V;SBJV;PRS;3;PL	C
fiskur	fisks	N;INDF;NOM;SG	N;INDF;GEN;SG	C
klæði	klæði	V;SBJV;PRS;1;SG	V;SBJV;PRS;1;SG	C
ráð	ráðið	N;INDF;NOM;SG	N;DEF;ACC;SG	C
skýrðu	skýra	V;SBJV;PST;3;PL	V;IND;PRS;3;PL	C
skírði	skírið	V;IND;PST;3;SG	V;IND;PRS;2;PL	C
fyllt	fyllti	V.CVB	V;SBJV;PST;1;SG	C
lofuðum	lofaðir	V;IND;PRS;1;PL	V;IND;PST;2;SG	C
uppvekur	uppvekja	V;IND;PRS;2;SG	PRN;INDF;ACC;PL	SRC_LEXICAL_ERROR
ölum	ölum	N;INDF;DAT;PL	N;INDF;DAT;PL	C
völd	völdunum	N;INDF;ACC;PL	N;DEF;DAT;PL	C
fisksins	fisks	N;DEF;GEN;SG	N;INDF;GEN;SG	C
hryggðuð	hryggði	V;IND;PST;2;PL	V;IND;PST;3;SG	C
reynið	reyni	V;IND;PRS;2;PL	V;IND;PRS;1;SG	C
skytuð	skjóti	V;SBJV;PST;2;PL	V;SBJV;PRS;3;PL	C
kastið	kasti	V;IMP;2;PL	V;SBJV;PRS;3;PL	C
klæddi	klæði	V;SBJV;PST;3;SG	V;SBJV;PRS;3;PL	C
færi	færði	V;IND;PRS;1;SG	V;SBJV;PST;1;SG	C
hryggir	hryggi	V;IND;PRS;2;SG	V;IND;PRS;1;SG	C
klæðir	klæði	V;SBJV;PRS;2;SG	V;SBJV;PRS;3;PL	C
hryggði	hryggið	V;SBJV;PST;3;SG	V;IMP;2;PL	C
klæðir	klæði	V;SBJV;PRS;2;SG	V;SBJV;PRS;3;PL	C
bygg	byggir	V;IMP;2;SG	V;IND;PRS;2;SG	C
flokkanna	flokki	N;DEF;GEN;PL	N;INDF;DAT;SG	C
borða	borðaðir	V;IND;PRS;3;PL	V;IND;PST;2;SG	C
fyllið	fyllti	V;SBJV;PRS;2;PL	V;SBJV;PST;3;SG	C
samkundustjórunum	samkundustjóra	N;DEF;DAT;PL	N;INDF;GEN;PL	SRC_LEXICAL_ERROR;TGT_LEXICAL_ERROR
klætt	klæði	V.CVB	V;SBJV;PRS;1;SG	C
gyldu	galt	V;SBJV;PST;3;PL	V;IND;PST;3;SG	C
gjalda	gjaldir	V;NFIN	V;SBJV;PRS;2;SG	C
klæði	klæði	V;SBJV;PRS;3;PL	V;SBJV;PRS;3;PL	C
færi	færði	V;SBJV;PRS;3;PL	V;IND;PST;3;SG	C
klæðir	klæða	V;IND;PRS;3;SG	V;IND;PRS;3;PL	C
skamma	skammar	N;INDF;GEN;PL	N;INDF;GEN;SG	C
færðu	færði	V;IND;PST;3;PL	V;SBJV;PST;1;SG	C
skíri	skír	V;SBJV;PRS;1;SG	V;IMP;2;SG	C
köstuðuð	köstum	V;IND;PST;2;PL	V;SBJV;PRS;1;PL	C
lastmælin	lastmæltu	ADJ;ACC;PL	V;IND;PST;3;PL	SRC_LEXICAL_ERROR;TGT_LEXICAL_ERROR
lýsir	lýsið	V;IND;PRS;2;SG	V;IMP;2;PL	C
galt	gyldi	V;IND;PST;1;SG	V;SBJV;PST;3;SG	C
als	ölum	N;INDF;GEN;SG	N;INDF;DAT;PL	C
fylltir	fyllti	V;SBJV;PST;2;SG	V;SBJV;PST;1;SG	C
byggðu	bygg	V;SBJV;PST;3;PL	V;IMP;2;SG	C
styrkti	styrkja	V;SBJV;PST;1;SG	V;NFIN	C
skýrir	skýra	V;IND;PRS;2;SG	V;IND;PRS;3;PL	C
klæddir	klæði	V;SBJV;PST;2;SG	V;SBJV;PRS;3;PL	C
líks	líkunum	N;INDF;GEN;SG	N;DEF;DAT;PL	C
byggi	byggir	V;IND;PRS;1;SG	V;IND;PRS;2;SG	C
leynið	leyn	V;IMP;2;PL	V;IMP;2;SG	C
reyndu	reyni	V;SBJV;PST;3;PL	V;IND;PRS;1;SG	C
þols	þol	N;INDF;GEN;SG	N;INDF;NOM;SG	C
notar	nota	V;IND;PRS;3;SG	V;NFIN	C
málaði	málaðir	V;IND;PST;3;SG	V;IND;PST;2;SG	C
borðið	borðar	V;SBJV;PRS;2;PL	V;IND;PRS;2;SG	C
slyppu	slepp	V;SBJV;PST;3;PL	V;IND;PRS;1;SG	C
skrifaði	skrifuðu	V;IND;PST;3;SG	V;IND;PST;3;PL	C
styrktum	styrkja	V;SBJV;PST;1;PL	V;NFIN	C
hornum	hornum	N;INDF;DAT;PL	N;INDF;DAT;PL	C
sent	sendu	V.CVB	V;SBJV;PST;3;PL	C
málir	mála	V;SBJV;PRS;2;SG	V;IND;PRS;3;PL	C
minnti	minna	V;SBJV;PST;3;SG	V;NFIN	C
samkundustjóri	samkundustjóra	N;INDF;DAT;SG	N;INDF;GEN;PL	SRC_LEXICAL_ERROR;TGT_LEXICAL_ERROR
skytu	skjóta	V;SBJV;PST;3;PL	V;IND;PRS;3;PL	C
vonunum	vonin	N;DEF;DAT;PL	N;DEF;NOM;SG	C
safni	söfnuðuð	V;SBJV;PRS;3;PL	V;IND;PST;2;PL	C
hvílíks	hvílíkur	PRN;INDF;GEN;SG	V.PTCP;PST;NOM;SG	SRC_LEXICAL_ERROR
drekkir	drekk	V;IND;PRS;2;SG	V;IMP;2;SG	C
óska	óskuðu	V;IND;PRS;1;SG	V;IND;PST;3;PL	C
styrktum	styrkjum	V;SBJV;PST;1;PL	V;SBJV;PRS;1;PL	C
safnandi	safna	V.PTCP;PRS	V;NFIN	C
hryggði	hryggja	V;IND;PST;1;SG	V;NFIN	C
færðuð	færði	V;IND;PST;2;PL	V;SBJV;PST;1;SG	C
misstir	missið	V;IND;PST;2;SG	V;IMP;2;PL	C
fiskinn	fisks	N;DEF;ACC;SG	N;INDF;GEN;SG	C
horn	hornið	N;INDF;NOM;PL	N;DEF;ACC;SG	C
hvílíks	hvílíkum	PRN;INDF;GEN;SG	N;INDF;DAT;PL	SRC_LEXICAL_ERROR
minni	minnir	V;SBJV;PRS;3;PL	V;IND;PRS;2;SG	C
guðir	guði	N;INDF;NOM;PL	N;INDF;DAT;SG	C
klæða	klæða	V;IND;PRS;3;PL	V;IND;PRS;3;PL	C
klæddu	klæði	V;IND;PST;3;PL	V;SBJV;PRS;1;SG	C
móðunni	móðunum	N;DEF;DAT;SG	N;DEF;DAT;PL	C
flokksins	flokk	N;DEF;GEN;SG	N;INDF;ACC;SG	C
klæði	klæða	V;SBJV;PRS;3;PL	V;IND;PRS;3;PL	C
tilreiknuð	tilreiknaði	V;IND;PST;2;PL	V;SBJV;PST;3;SG	SRC_LEXICAL_ERROR
líkin	líki	N;DEF;NOM;PL	N;INDF;DAT;SG	C
skjótir	skjóti	V;SBJV;PRS;2;SG	V;SBJV;PRS;3;PL	C
klæði	klæði	V;IND;PRS;1;SG	V;SBJV;PRS;1;SG	C
skytir	skjóta	V;SBJV;PST;2;SG	V;NFIN	C
minnum	minnir	V;SBJV;PRS;1;PL	V;IND;PRS;2;SG	C
sendi	senduð	V;SBJV;PRS;3;SG	V;IND;PST;2;PL	C
greinarnir	greinum	N;DEF;NOM;PL	N;INDF;DAT;PL	C
minnanna	minnum	N;DEF;GEN;PL	N;INDF;DAT;PL	C
byggi	bygg	V;SBJV;PRS;3;SG	V;IMP;2;SG	C
fiskur	fisks	N;INDF;NOM;SG	N;INDF;GEN;SG	C
minn	minntuð	V;IMP;2;SG	V;IND;PST;2;PL	C
hryggt	hryggja	V.CVB	V;NFIN	C
greini	greinum	N;INDF;DAT;SG	N;INDF;DAT;PL	C
leyfi	leyfa	N;INDF;NOM;SG	N;INDF;GEN;PL	C
klæðum	klæða	V;SBJV;PRS;1;PL	V;IND;PRS;3;PL	C
hengjum	hengduð	V;IND;PRS;1;PL	V;IND;PST;2;PL	C
valið	vel	V.CVB	V;IMP;2;SG	C
málið	máli	V;IMP;2;PL	V;SBJV;PRS;1;SG	C
verði	verða	N;INDF;DAT;SG	N;INDF;GEN;PL	C
tilreiknuð	tilreiknað	V;IND;PST;2;PL	V.CVB	SRC_LEXICAL_ERROR;TGT_LEXICAL_ERROR
flokknum	flokk	N;DEF;DAT;SG	N;INDF;ACC;SG	C
flettum	fletti	V;SBJV;PRS;1;PL	V;SBJV;PRS;3;PL	C
leyn	leyn	V;IMP;2;SG	V;IMP;2;SG	C
haga	haga	N;INDF;ACC;PL	N;INDF;ACC;SG	C
hvíl	hvílt	V;IMP;2;SG	V.PTCP;PST;ACC;SG	SRC_LEXICAL_ERROR
valdið	völdunum	N;DEF;ACC;SG	N;DEF;DAT;PL	C
skyti	skjótir	V;SBJV;PST;3;SG	V;SBJV;PRS;2;SG	C
flokkurinn	flokk	N;DEF;NOM;SG	N;INDF;ACC;SG	C
fullnast	fullnuð	V;IND;PRS;3;SG	V;IND;PST;2;PL	SRC_LEXICAL_ERROR
styrktuð	styrkja	V;SBJV;PST;2;PL	V;NFIN	C
kastið	kasti	V;IND;PRS;2;PL	V;SBJV;PRS;1;SG	C
ráðið	ráðið	N;DEF;ACC;SG	N;DEF;ACC;SG	C
fyllti	fyllir	V;SBJV;PST;3;SG	V;SBJV;PRS;2;SG	C
kastaði	köstum	V;SBJV;PST;1;SG	V;SBJV;PRS;1;PL	C
þolið	þol	N;DEF;ACC;SG	N;INDF;NOM;SG	C
leyfið	leyfa	N;DEF;NOM;SG	N;INDF;GEN;PL	C
fylltu	fyllir	V;IND;PST;3;PL	V;SBJV;PRS;2;SG	C
styrkið	styrkir	V;IND;PRS;2;PL	V;IND;PRS;2;SG	C
þolinu	þol	N;DEF;DAT;SG	N;INDF;NOM;SG	C
gómunum	góm	N;DEF;DAT;PL	N;INDF;ACC;SG	C
sess	sess	N;INDF;GEN;SG	N;INDF;ACC;SG	C
definite	vígvelli	N;DEF;NOM;PL	N;INDF;GEN;SG	C
eigi	eigist	V;SBJV;PRS;3;PL	V;SBJV;PRS;1;SG	TGT_LEXICAL_ERROR
fórnir	fórnum	V;SBJV;PRS;2;SG	V;SBJV;PRS;1;PL	C
svengdin	svengd	N;DEF;NOM;SG	N;INDF;DAT;SG	C
girninu	girni	N;DEF;DAT;SG	N;INDF;DAT;SG	C
tjöldunum	tjöldunum	N;DEF;DAT;PL	N;DEF;DAT;PL	C
glóbrystingurinn	glóbrystinginn	N;DEF;NOM;SG	N;DEF;ACC;SG	C
lénin	lénið	N;DEF;NOM;PL	N;DEF;NOM;SG	C
dögunum	dagurinn	N;DEF;DAT;PL	N;DEF;NOM;SG	C
pókersins	póker	N;DEF;GEN;SG	N;INDF;DAT;SG	C
hljómlist	hljómlist	N;INDF;ACC;SG	N;INDF;NOM;SG	C
spjótkastinu	spjótkast	N;DEF;DAT;SG	N;INDF;NOM;SG	C
umkringdum	umkringja	V;SBJV;PST;1;PL	V;IND;PRS;3;PL	C
hryggdýrin	hryggdýrið	N;DEF;NOM;PL	N;DEF;ACC;SG	C
saltkjöt	saltkjöt	N;INDF;NOM;SG	N;INDF;ACC;SG	C
sjálfstraustsins	sjálfstraustið	N;DEF;GEN;SG	N;DEF;NOM;SG	C
eignina	eign	N;DEF;ACC;SG	N;INDF;NOM;SG	C
kylfurnar	kylfu	N;DEF;ACC;PL	N;INDF;DAT;SG	C
naðranna	nöðru	N;DEF;GEN;PL	N;INDF;DAT;SG	C
húsfrúrnar	húsfrúna	N;DEF;ACC;PL	N;DEF;ACC;SG	C
rithöfundum	rithöfundurinn	N;INDF;DAT;PL	N;DEF;NOM;SG	C
búninginn	búnings	N;DEF;ACC;SG	N;INDF;GEN;SG	C
möluðuð	mala	V;SBJV;PST;2;PL	V;IND;PRS;1;SG	C
eigin	eigist	ADJ;ACC;PL	V;SBJV;PRS;1;SG	TGT_LEXICAL_ERROR
sjálfstraust	sjálfstraustið	N;INDF;ACC;SG	N;DEF;ACC;SG	C
korpöndunum	korpönd	N;DEF;DAT;PL	N;INDF;DAT;SG	C
fjarveru	fjarveru	N;INDF;ACC;SG	N;INDF;GEN;SG	C
lessa	lessan	N;INDF;NOM;SG	N;DEF;NOM;SG	C
tengisagnirnar	tengisagna	N;DEF;NOM;PL	N;INDF;GEN;PL	C
hugtaks	hugtak	N;INDF;GEN;SG	N;INDF;ACC;SG	C
guðspjallamenn	guðspjallamaðurinn	N;INDF;ACC;PL	N;DEF;NOM;SG	C
tréblásturshljóðfæris	tréblásturshljóðfærið	N;INDF;GEN;SG	N;DEF;NOM;SG	C
sygjum	suguð	V;SBJV;PST;1;PL	V;IND;PST;2;PL	C
brekkusóley	brekkusóley	N;INDF;DAT;SG	N;INDF;NOM;SG	C
ríkdóminn	ríkdómur	N;DEF;ACC;SG	V.PTCP;PST;NOM;SG	SRC_LEXICAL_ERROR
selleríið	selleríið	N;DEF;NOM;SG	N;DEF;ACC;SG	C
sósublettanna	sósubletturinn	N;DEF;GEN;PL	N;DEF;NOM;SG	C
bullinu	bullið	N;DEF;DAT;SG	N;DEF;NOM;SG	C
furunni	furunum	N;DEF;DAT;SG	N;DEF;DAT;PL	C
krossfesti	krossfestan	N;INDF;DAT;SG	ADJ;ACC;SG	SRC_LEXICAL_ERROR
hagnýtti	hagnýta	V;IND;PST;1;SG	V;IND;PRS;3;PL	C
forsælu	forsælu	N;INDF;GEN;SG	N;INDF;ACC;SG	C
klúðraðir	klúðrir	V;IND;PST;2;SG	V;SBJV;PRS;2;SG	C
kjaltan	kjöltu	N;DEF;NOM;SG	N;INDF;GEN;SG	C
teiknaði	teiknið	V;SBJV;PST;3;SG	V;IND;PRS;2;PL	C
einstaklinginn	einstaklingurinn	N;DEF;ACC;SG	N;DEF;NOM;SG	C
búninganna	búninginn	N;DEF;GEN;PL	N;DEF;ACC;SG	C
ríkdóms	ríkdómur	PRN;INDF;GEN;SG	V.PTCP;PST;NOM;SG	SRC_LEXICAL_ERROR
æðahnútarnir	æðahnúta	N;DEF;NOM;PL	N;INDF;GEN;PL	C
ungmenni	ungmennis	N;INDF;DAT;SG	N;INDF;GEN;SG	C
vestrar	vestrinn	N;INDF;NOM;PL	N;DEF;NOM;SG	C
brjóstbeins	brjóstbeinið	N;INDF;GEN;SG	N;DEF;NOM;SG	C
konuna	konu	N;DEF;DAT;SG	N;INDF;GEN;SG	C
prútta	prúttuðuð	V;IND;PRS;3;PL	V;IND;PST;2;PL	C
viðræða	viðræða	N;INDF;GEN;PL	N;INDF;GEN;PL	C
frumvörpum	frumvörpunum	N;INDF;DAT;PL	N;DEF;DAT;PL	C
berklanna	berklar	N;DEF;GEN;SG	N;INDF;NOM;SG	C
umskorna	umskornu	N;INDF;GEN;PL	N;INDF;GEN;SG	SRC_LEXICAL_ERROR
kalksteininum	kalksteinn	N;DEF;DAT;SG	N;INDF;NOM;SG	C
sleða	sleðum	N;INDF;GEN;SG	N;INDF;DAT;PL	C
perlanna	perlunum	N;DEF;GEN;PL	N;DEF;DAT;PL	C
sleiksins	sleik	N;DEF;GEN;SG	N;INDF;ACC;SG	C
bændurnir	bóndi	N;DEF;NOM;PL	N;INDF;NOM;SG	C
áhugamálið	áhugamáli	N;DEF;ACC;SG	N;INDF;DAT;SG	C
smóka	smókinn	N;INDF;GEN;PL	N;DEF;ACC;SG	C
skermurinn	skerma	N;DEF;NOM;SG	N;INDF;GEN;PL	C
hrösuðum	hrasar	V;IND;PRS;1;PL	V;IND;PST;2;SG	C
grasafræðin	grasafræði	N;DEF;NOM;SG	N;INDF;GEN;SG	C
kvöldunum	kvöldunum	N;DEF;DAT;PL	N;DEF;DAT;PL	C
iðnað	iðnaður	N;INDF;ACC;SG	N;INDF;NOM;SG	C
bögum	baginn	N;INDF;DAT;PL	N;DEF;NOM;SG	C
æðardúninn	æðardúni	N;DEF;ACC;SG	N;INDF;DAT;SG	C
hæðir	hætt	V;IND;PRS;3;SG	V.CVB	C
sögn	sagna	N;INDF;NOM;SG	N;INDF;GEN;PL	C
þanka	þönkum	N;INDF;GEN;PL	N;INDF;DAT;PL	C
heiðagæs	heiðagæsum	N;INDF;NOM;SG	N;INDF;DAT;PL	C
upplestra	upplestrar	N;INDF;ACC;PL	N;INDF;GEN;SG	C
folunum	folann	N;DEF;DAT;PL	N;DEF;ACC;SG	C
gaggaði	gaggið	V;IND;PST;1;SG	V;IND;PRS;2;PL	C
sölurnar	sölum	N;DEF;NOM;PL	N;INDF;DAT;PL	C
hirðana	hirða	N;DEF;ACC;PL	N;INDF;GEN;PL	C
öskra	öskra	N;INDF;GEN;PL	N;INDF;GEN;PL	C
flæmingja	flæmingja	N;INDF;GEN;SG	N;INDF;GEN;PL	C
tindana	tind	N;DEF;ACC;PL	N;INDF;ACC;SG	C
tiggja	tiggja	N;INDF;DAT;SG	N;INDF;GEN;SG	C
knýir	knýði	V;SBJV;PRS;2;SG	V;SBJV;PST;3;SG	C
afrit	afritunum	N;INDF;NOM;SG	N;DEF;DAT;PL	C
sjálfsmorðs	sjálfsmorðið	N;INDF;GEN;SG	N;DEF;NOM;SG	C
vafa	vafann	N;INDF;ACC;SG	N;DEF;ACC;SG	C
bíóinu	bíóið	N;DEF;DAT;SG	N;DEF;NOM;SG	C
gafflana	gaffallinn	N;DEF;ACC;PL	N;DEF;NOM;SG	C
spörfuglar	spörfugl	N;INDF;NOM;PL	N;INDF;ACC;SG	C
hlátur	hlátri	N;INDF;NOM;SG	N;INDF;DAT;SG	C
krakkið	krakkið	N;DEF;NOM;SG	N;DEF;ACC;SG	C
óréttinn	órétti	N;DEF;ACC;SG	N;INDF;DAT;SG	SRC_LEXICAL_ERROR
ges	gess	N;INDF;NOM;SG	N;INDF;GEN;SG	C
hatursins	hatur	N;DEF;GEN;SG	N;INDF;ACC;SG	C
smalahundana	smalahundurinn	N;DEF;ACC;PL	N;DEF;NOM;SG	C
raulið	rauluðuð	V;IND;PRS;2;PL	V;IND;PST;2;PL	C
færanna	færis	N;DEF;GEN;PL	N;INDF;GEN;SG	C
tilreiknar	tilreiknaði	ADJ;NOM;PL	V;SBJV;PST;3;SG	SRC_LEXICAL_ERROR
félagshyggju	félagshyggju	N;INDF;DAT;SG	N;INDF;DAT;SG	C
þarfaþing	þarfaþingið	N;INDF;ACC;PL	N;DEF;NOM;SG	C
dissar	dissið	V;IND;PRS;3;SG	V;IND;PRS;2;PL	C
ríkdóminn	ríkdóms	N;DEF;ACC;SG	PRN;INDF;GEN;SG	SRC_LEXICAL_ERROR;TGT_LEXICAL_ERROR
sektir	sekt	N;INDF;NOM;PL	N;INDF;ACC;SG	C
æðikolls	æðikolls	N;INDF;GEN;SG	N;INDF;GEN;SG	C
prúttandi	prúttar	V.PTCP;PRS	V;IND;PST;2;SG	C
beð	beði	N;INDF;NOM;SG	N;INDF;DAT;SG	C
eigist	eigið	V;SBJV;PRS;1;SG	V;IND;PRS;2;PL	SRC_LEXICAL_ERROR
kökukefli	kökukeflið	N;INDF;ACC;PL	N;DEF;NOM;SG	C
óperuhúsa	óperuhúsið	N;INDF;GEN;PL	N;DEF;NOM;SG	C
þægindi	þægindum	N;INDF;ACC;SG	N;INDF;DAT;SG	C
hjartarsalt	hjartarsaltið	N;INDF;ACC;SG	N;DEF;ACC;SG	C
ríbónúkleösunum	ríbónúkleasann	N;DEF;DAT;PL	N;DEF;ACC;SG	C
kaupi	kaupunum	N;INDF;DAT;SG	N;DEF;DAT;PL	C
hreppa	hreppa	N;INDF;GEN;PL	N;INDF;GEN;PL	C
undirfylkinganna	undirfylkingu	N;DEF;GEN;PL	N;INDF;ACC;SG	C
smalahundur	smalahundum	N;INDF;NOM;SG	N;INDF;DAT;PL	C
fýrum	fýri	V;SBJV;PST;1;PL	V;SBJV;PST;1;SG	C
ris	risa	N;INDF;NOM;SG	N;INDF;GEN;PL	C
tóninum	tónninn	N;DEF;DAT;SG	N;DEF;NOM;SG	C
tilreiknað	tilreiknaði	V.CVB	V;SBJV;PST;3;SG	SRC_LEXICAL_ERROR
göfgar	göfguðu	V;IND;PRS;2;SG	V;SBJV;PST;3;PL	C
mynstrið	mynstur	N;DEF;NOM;SG	N;INDF;NOM;SG	C
endurnýjuðuð	endurnýjum	V;IND;PST;2;PL	V;SBJV;PRS;1;PL	C
drottnaðir	drottnið	V;SBJV;PST;2;SG	V;IND;PRS;2;PL	C
lífvarðarins	lífvörðurinn	N;DEF;GEN;SG	N;DEF;NOM;SG	C
einræktað	einræktað	V.CVB	V.CVB	C
æxlanirnar	æxlunina	N;DEF;NOM;PL	N;DEF;ACC;SG	C
rottuna	rottuna	N;DEF;ACC;SG	N;DEF;ACC;SG	C
umfjöllun	umfjöllun	N;INDF;ACC;SG	N;INDF;ACC;SG	C
drunið	dryn	V.CVB	V;IMP;2;SG	C
jónirnar	jóna	N;DEF;ACC;PL	N;INDF;GEN;PL	C
eldpipar	eldpipar	N;INDF;ACC;SG	N;INDF;NOM;SG	C
stórhertoginn	stórhertoga	N;DEF;NOM;SG	N;INDF;DAT;SG	C
testósterónið	testósteróns	N;DEF;ACC;SG	N;INDF;GEN;SG	C
drollinu	drolls	N;DEF;DAT;SG	N;INDF;GEN;SG	C
spektu	spektan	N;INDF;GEN;SG	N;DEF;NOM;SG	C
vanadíns	vanadíni	N;INDF;GEN;SG	N;INDF;DAT;SG	C
skjalla	skjallið	V;IND;PRS;1;SG	V;IMP;2;PL	C
göfguðuð	göfga	V;SBJV;PST;2;PL	V;NFIN	C
brekkusnigla	brekkusnigli	N;INDF;GEN;PL	N;INDF;DAT;SG	C
tjarnar	tjörnum	N;INDF;GEN;SG	N;INDF;DAT;PL	C
rósemi	rósemi	N;INDF;GEN;SG	N;INDF;NOM;SG	C
bliku	bliku	N;INDF;DAT;SG	N;INDF;DAT;SG	C
brunann	brunann	N;DEF;ACC;SG	N;DEF;ACC;SG	C
kafði	köfðu	V;IND;PST;1;SG	V;IND;PST;3;PL	C
sandinn	söndunum	N;DEF;ACC;SG	N;DEF;DAT;PL	C
ljóðlista	ljóðlistin	N;INDF;GEN;PL	N;DEF;NOM;SG	C
hringar	hringaðir	V;IND;PRS;2;SG	V;IND;PST;2;SG	C
sakargift	sakargiftir	N;INDF;ACC;SG	V;IND;PST;2;SG	SRC_LEXICAL_ERROR
bifaði	bifar	V;SBJV;PST;1;SG	V;IND;PRS;2;SG	C
skrifaði	skrifað	V;IND;PST;1;SG	V.CVB	C
markgreifanna	markgreifa	N;DEF;GEN;PL	N;INDF;GEN;PL	C
íveru	íveru	N;INDF;ACC;SG	N;INDF;ACC;SG	C
spörkum	sparkar	V;IND;PRS;1;PL	V;IND;PRS;3;SG	C
körtunnar	körtum	N;DEF;GEN;SG	N;INDF;DAT;PL	C
flaga	flöguna	N;INDF;NOM;SG	N;DEF;ACC;SG	C
stjórnandi	stjórnuðu	V.PTCP;PRS	V;IND;PST;3;PL	C
bumbubúa	bumbubúum	N;INDF;ACC;SG	N;INDF;DAT;PL	C
herpir	herpi	V;SBJV;PRS;2;SG	V;SBJV;PRS;3;PL	C
fældu	fældir	V;SBJV;PST;3;PL	V;IND;PST;2;SG	C
sónatínan	sónatína	N;DEF;NOM;SG	N;INDF;GEN;PL	C
öxla	öxli	N;INDF;GEN;PL	N;INDF;DAT;SG	C
bólstraskýs	bólstraskýjum	N;INDF;GEN;SG	N;INDF;DAT;PL	C
strikin	strika	N;DEF;ACC;PL	N;INDF;GEN;PL	C
sóla	sólunum	N;INDF;ACC;SG	N;DEF;DAT;PL	C
gervitunglinu	gervitungls	N;DEF;DAT;SG	N;INDF;GEN;SG	C
lifanda	lifandann	N;INDF;ACC;SG	N;DEF;ACC;SG	C
farsímar	farsíma	N;INDF;NOM;PL	N;INDF;GEN;PL	C
vanda	vönduðuð	V;IND;PRS;3;PL	V;IND;PST;2;PL	C
vambirnar	vömbin	N;DEF;ACC;PL	N;DEF;NOM;SG	C
æðarkóngarnir	æðarkónginn	N;DEF;NOM;PL	N;DEF;ACC;SG	C
kjarnakorn	kjarnakorni	N;INDF;NOM;PL	N;INDF;DAT;SG	C
myndaði	myndið	V;IND;PST;3;SG	V;IMP;2;PL	C
snæri	snæris	N;INDF;NOM;PL	N;INDF;GEN;SG	C
vallarmiðju	vallarmiðju	N;INDF;DAT;SG	N;INDF;ACC;SG	C
eflduð	efldu	V;IND;PST;2;PL	V;SBJV;PST;3;PL	C
framlengdu	framlengdi	V;SBJV;PST;3;PL	V;IND;PST;3;SG	C
skaflinn	skafls	N;DEF;NOM;SG	N;INDF;GEN;SG	C
japönskunni	japanskan	N;DEF;DAT;SG	N;DEF;NOM;SG	C
velþóknanleg	velþóknanlegur	N;INDF;ACC;SG	V.PTCP;PST;NOM;SG	SRC_LEXICAL_ERROR
ríkdóms	ríkdóminn	PRN;INDF;GEN;SG	N;DEF;ACC;SG	SRC_LEXICAL_ERROR;TGT_LEXICAL_ERROR
æxlununum	æxlun	N;DEF;DAT;PL	N;INDF;DAT;SG	C
áfrýjuninni	áfrýjunar	N;DEF;DAT;SG	N;INDF;GEN;SG	C
siðaði	siða	V;IND;PST;3;SG	V;IND;PRS;1;SG	C
blóðfrumunum	blóðfrumu	N;DEF;DAT;PL	N;INDF;DAT;SG	C
skreyta	skreytti	V;IND;PRS;3;PL	V;IND;PST;3;SG	C
efla	efli	V;NFIN	V;IND;PRS;1;SG	C
múslimarnir	múslima	N;DEF;NOM;PL	N;INDF;GEN;PL	C
ruslinu	rusls	N;DEF;DAT;SG	N;INDF;GEN;SG	C
sakna	saknir	V;IND;PRS;3;PL	V;SBJV;PRS;2;SG	C
kantinn	köntunum	N;DEF;ACC;SG	N;DEF;DAT;PL	C
engin	engjum	N;DEF;NOM;PL	N;INDF;DAT;PL	C
vegasalt	vegasalta	N;INDF;NOM;SG	N;INDF;GEN;PL	C
kantinn	kanti	N;DEF;ACC;SG	N;INDF;DAT;SG	C
nekt	nekt	N;INDF;ACC;SG	N;INDF;DAT;SG	C
dygðarinnar	dygðina	N;DEF;GEN;SG	N;DEF;ACC;SG	C
fóður	fóðrunum	N;INDF;ACC;PL	N;DEF;DAT;PL	C
klippi	klippti	V;SBJV;PRS;1;SG	V;SBJV;PST;1;SG	C
piparinn	pipars	N;DEF;NOM;SG	N;INDF;GEN;SG	C
fjöldanum	fjöldann	N;DEF;DAT;SG	N;DEF;ACC;SG	C
tálvon	tálvonin	N;INDF;DAT;SG	N;DEF;NOM;SG	C
þreytst	þreytum	V;IND;PRS;1;SG	V;SBJV;PRS;1;PL	SRC_LEXICAL_ERROR
zetu	zetu	N;INDF;ACC;SG	N;INDF;ACC;SG	C
endurnýjuðu	endurnýjuðu	V;IND;PST;3;PL	V;IND;PST;3;PL	C
fórnið	fórnuðu	V;IND;PRS;2;PL	V;IND;PST;3;PL	C
bolir	bols	N;INDF;NOM;PL	N;INDF;GEN;SG	C
hreyfir	hreyfi	V;SBJV;PRS;2;SG	V;SBJV;PRS;1;SG	C
bifaði	bifa	V;IND;PST;3;SG	V;IND;PRS;1;SG	C
belgir	belgi	V;IND;PRS;3;SG	V;IND;PRS;1;SG	C
skíðaði	skíða	V;SBJV;PST;3;SG	V;IMP;2;SG	C
krælandi	krældi	V.PTCP;PRS	V;SBJV;PST;3;SG	C
rannana	ranns	N;DEF;ACC;PL	N;INDF;GEN;SG	C
svæfði	svæfðuð	V;IND;PST;3;SG	V;IND;PST;2;PL	C
iðnanna	iðnunum	N;DEF;GEN;PL	N;DEF;DAT;PL	C
svæfið	svæfi	V;IND;PRS;2;PL	V;SBJV;PRS;1;SG	C
höndli	höndlað	N;INDF;DAT;SG	V.CVB	SRC_LEXICAL_ERROR
jörðina	jarða	N;DEF;ACC;SG	N;INDF;GEN;PL	C
krydda	kryddi	V;IMP;2;SG	V;SBJV;PRS;1;SG	C
tappatogarana	tappatogara	N;DEF;ACC;PL	N;INDF;GEN;SG	C
óhamingjunni	óhamingju	N;DEF;DAT;SG	N;INDF;GEN;SG	C
kvarsinu	kvars	N;DEF;DAT;SG	N;INDF;GEN;SG	C
káetan	káetu	N;DEF;NOM;SG	N;INDF;ACC;SG	C
saurgi	saurgast	N;INDF;DAT;SG	V;IND;PRS;3;SG	SRC_LEXICAL_ERROR
hrifsaðir	hrifsuðuð	V;IND;PST;2;SG	V;IND;PST;2;PL	C
sala	sala	N;INDF;GEN;PL	N;INDF;NOM;SG	C
drambið	dramb	N;DEF;NOM;SG	N;INDF;NOM;SG	C
hross	hross	N;INDF;ACC;SG	N;INDF;NOM;SG	C
labbið	labba	V;SBJV;PRS;2;PL	V;IND;PRS;3;PL	C
meðal	meðalið	N;INDF;ACC;SG	N;DEF;ACC;SG	C
lastmælir	lastmælt	V;SBJV;PRS;2;SG	V.PTCP;PST;ACC;SG	SRC_LEXICAL_ERROR
sekta	sektuðu	V;IND;PRS;1;SG	V;SBJV;PST;3;PL	C
karakterinn	karakterinn	N;DEF;ACC;SG	N;DEF;ACC;SG	C
garðyrkjufræðin	garðyrkjufræði	N;DEF;NOM;SG	N;INDF;NOM;SG	C
vátryggðum	vátryggja	V;SBJV;PST;1;PL	V;IND;PRS;3;PL	C
aðgreindir	aðgreindu	V;IND;PST;2;SG	V;IND;PST;3;PL	C
rétt	rétt	N;INDF;NOM;SG	N;INDF;ACC;SG	C
kúrdísku	kúrdískan	N;INDF;DAT;SG	N;DEF;NOM;SG	C
lappa	löppunum	N;INDF;ACC;SG	N;DEF;DAT;PL	C
páskaeggsins	páskaeggja	N;DEF;GEN;SG	N;INDF;GEN;PL	C
hræætu	hrææta	N;INDF;GEN;SG	N;INDF;GEN;PL	C
fuglafræðina	fuglafræðin	N;DEF;ACC;SG	N;DEF;NOM;SG	C
porti	portum	N;INDF;DAT;SG	N;INDF;DAT;PL	C
sin	sinarnar	N;INDF;ACC;SG	N;DEF;DAT;PL	C
fjarðanna	fjörðunum	N;DEF;GEN;PL	N;DEF;DAT;PL	C
þrælkaði	þrælkuðu	V;IND;PST;1;SG	V;IND;PST;3;PL	C
jötunuxi	jötunuxa	N;INDF;NOM;SG	N;INDF;ACC;SG	C
skeifum	skeifa	N;INDF;DAT;PL	N;INDF;NOM;SG	C
hreyfðum	hreyfi	V;IND;PRS;1;PL	V;SBJV;PRS;3;PL	C
fórintum	fórinta	N;INDF;DAT;PL	N;INDF;GEN;PL	C
stækjunnar	stækju	N;DEF;GEN;SG	N;INDF;ACC;SG	C
stjórnuðu	stjórnið	V;SBJV;PST;3;PL	V;IMP;2;PL	C
kontrabassinn	kontrabassann	N;DEF;NOM;SG	N;DEF;ACC;SG	C
varaliði	varaliðið	N;INDF;DAT;SG	N;DEF;ACC;SG	C
vola	volað	V;IMP;2;SG	V.CVB	C
stær	stærir	V;IMP;2;SG	V;SBJV;PRS;2;SG	SRC_LEXICAL_ERROR
plastanna	plasta	N;DEF;GEN;PL	N;INDF;GEN;PL	C
freigátunnar	freigátunum	N;DEF;GEN;SG	N;DEF;DAT;PL	C
hvílíks	hvílíkir	PRN;INDF;GEN;SG	V;IND;PST;2;SG	SRC_LEXICAL_ERROR
uxa	uxa	N;INDF;DAT;SG	N;INDF;ACC;SG	C
náttúru	náttúru	N;INDF;DAT;SG	N;INDF;DAT;SG	C
hrapsins	hrap	N;DEF;GEN;SG	N;INDF;ACC;SG	C
hirða	hirðin	N;INDF;GEN;PL	N;DEF;NOM;SG	C
blekbyttu	blekbyttu	N;INDF;GEN;SG	N;INDF;ACC;SG	C
drápum	dráps	N;INDF;DAT;PL	N;INDF;GEN;SG	C
samkomulag	samkomulagið	N;INDF;NOM;SG	N;DEF;ACC;SG	C
þvargaði	þvörguðuð	V;SBJV;PST;3;SG	V;IND;PST;2;PL	C
rakið	rakað	V;IMP;2;PL	V.CVB	C
leiðsla	leiðslu	N;INDF;NOM;SG	N;INDF;ACC;SG	C
valmyndarinnar	valmynda	N;DEF;GEN;SG	N;INDF;GEN;PL	C
steikinni	steikunum	N;DEF;DAT;SG	N;DEF;DAT;PL	C
handboltaþjálfara	handboltaþjálfara	N;INDF;ACC;SG	N;INDF;GEN;PL	C
lungnaberkla	lungnaberklarnir	N;INDF;GEN;SG	N;DEF;NOM;SG	C
tómlætinu	tómlæti	N;DEF;DAT;SG	N;INDF;ACC;SG	C
kvikmyndanna	kvikmyndin	N;DEF;GEN;PL	N;DEF;NOM;SG	C
hvílíks	hvílíkar	PRN;INDF;GEN;SG	ADJ;NOM;PL	SRC_LEXICAL_ERROR
undantekningu	undantekningum	N;INDF;ACC;SG	N;INDF;DAT;PL	C
kalkúnana	kalkúnum	N;DEF;ACC;PL	N;INDF;DAT;PL	C
yfirheitið	yfirheitunum	N;DEF;ACC;SG	N;DEF;DAT;PL	C
framlengdi	framlengt	V;SBJV;PST;3;SG	V.CVB	C
hrogns	hrogns	N;INDF;GEN;SG	N;INDF;GEN;SG	C
hreyfinganna	hreyfingum	N;DEF;GEN;PL	N;INDF;DAT;PL	C
grípur	gripið	V;IND;PRS;2;SG	V.CVB	C
synir	sonunum	N;INDF;NOM;PL	N;DEF;DAT;PL	C
skjalla	skjöllum	V;IMP;2;SG	V;SBJV;PRS;1;PL	C
áhrifið	áhrifi	N;DEF;ACC;SG	N;INDF;DAT;SG	C
akademíurnar	akademíunum	N;DEF;NOM;PL	N;DEF;DAT;PL	C
kyrkti	kyrki	V;IND;PST;1;SG	V;SBJV;PRS;1;SG	C
nasismanum	nasisma	N;DEF;DAT;SG	N;INDF;DAT;SG	C
brottfararinnar	brottfara	N;DEF;GEN;SG	N;INDF;GEN;PL	C
árós	árósa	N;INDF;ACC;SG	N;INDF;GEN;PL	C
dúksins	dúkur	N;DEF;GEN;SG	N;INDF;NOM;SG	C
skepnu	skepnan	N;INDF;GEN;SG	N;DEF;NOM;SG	C
saumurinn	saumi	N;DEF;NOM;SG	N;INDF;DAT;SG	C
æðikollsins	æðikollur	N;DEF;GEN;SG	N;INDF;NOM;SG	C
þrjósku	þrjósku	N;INDF;DAT;SG	N;INDF;ACC;SG	C
tíin	tíi	N;DEF;ACC;PL	N;INDF;DAT;SG	C
snuði	snuði	N;INDF;DAT;SG	N;INDF;DAT;SG	C
hjartarins	hjartar	N;DEF;GEN;SG	N;INDF;GEN;SG	C
viðbjóðirnir	viðbjóðs	N;DEF;NOM;PL	N;INDF;GEN;SG	C
reglurnar	reglu	N;DEF;ACC;PL	N;INDF;DAT;SG	C
hráka	hrákann	N;INDF;DAT;SG	N;DEF;ACC;SG	C
hóllinn	hóllinn	N;DEF;NOM;SG	N;DEF;NOM;SG	C
synjaði	synið	V;SBJV;PST;1;SG	V;IND;PRS;2;PL	C
geymdi	geymduð	V;SBJV;PST;1;SG	V;IND;PST;2;PL	C
skírnir	skírn	N;INDF;ACC;PL	N;INDF;NOM;SG	C
knattspyrnu	knattspyrnu	N;INDF;GEN;SG	N;INDF;GEN;SG	C
körfuboltar	körfubolta	N;INDF;NOM;PL	N;INDF;GEN;SG	C
gagntakið	gagntaka	V;SBJV;PRS;2;PL	V;IND;PRS;3;PL	C
arfur	arfi	N;INDF;NOM;SG	N;INDF;DAT;SG	C
fullreyndur	fullreyndin	V.PTCP;PST;NOM;SG	V.PTCP;PST;ACC;PL	SRC_LEXICAL_ERROR
þerruðum	þerra	V;SBJV;PST;1;PL	V;IND;PRS;1;SG	C
fimbulvetrunum	fimbulvetur	N;DEF;DAT;PL	N;INDF;NOM;SG	C
tregi	trega	N;INDF;NOM;SG	N;INDF;GEN;SG	C
legköku	legkaka	N;INDF;GEN;SG	N;INDF;GEN;PL	C
tjull	tjull	N;INDF;NOM;SG	N;INDF;ACC;SG	C
þjálfunin	þjálfun	N;DEF;NOM;SG	N;INDF;DAT;SG	C
gildið	gilt	V;IND;PRS;2;PL	V.CVB	C
fæl	fæla	N;INDF;DAT;SG	N;INDF;GEN;PL	C
eigist	eigur	V;SBJV;PRS;1;SG	V;IND;PRS;2;SG	SRC_LEXICAL_ERROR
afgreiddi	afgreiðum	V;SBJV;PST;3;SG	V;SBJV;PRS;1;PL	C
krossfesti	krossfest	N;INDF;DAT;SG	N;INDF;ACC;SG	SRC_LEXICAL_ERROR
töntu	töntu	N;INDF;GEN;SG	N;INDF;ACC;SG	C
prentaði	prenta	V;SBJV;PST;3;SG	V;IMP;2;SG	C
teiknuðuð	teiknaðir	V;SBJV;PST;2;PL	V;IND;PST;2;SG	C
raðað	raðið	V.CVB	V;IMP;2;PL	C
herpti	herpti	V;SBJV;PST;3;SG	V;SBJV;PST;1;SG	C
hátíðina	hátíða	N;DEF;ACC;SG	N;INDF;GEN;PL	C
meiðslunum	meiðsli	N;DEF;DAT;SG	N;INDF;ACC;SG	C
kefði	kefja	V;SBJV;PST;1;SG	V;NFIN	C
lakka	lakka	V;IND;PRS;3;PL	V;NFIN	C
glerhafið	glerhaf	V;IMP;2;PL	N;INDF;ACC;SG	SRC_LEXICAL_ERROR;TGT_LEXICAL_ERROR
undantókum	undantekið	V;IND;PRS;1;PL	V.CVB	C
bílstjórar	bílstjóra	N;INDF;NOM;PL	N;INDF;DAT;SG	C
geirfuglsins	geirfuglinn	N;DEF;GEN;SG	N;DEF;ACC;SG	C
aliandarinnar	aliönd	N;DEF;GEN;SG	N;INDF;DAT;SG	C
flæmskunni	flæmskuna	N;DEF;DAT;SG	N;DEF;ACC;SG	C
fegrið	fegrað	V;IMP;2;PL	V.CVB	C
bjarkar	björkum	N;INDF;GEN;SG	N;INDF;DAT;PL	C
hálfleikur	hálfleikurinn	N;INDF;NOM;SG	N;DEF;NOM;SG	C
stær	stæri	V;IMP;2;SG	V;SBJV;PRS;3;PL	SRC_LEXICAL_ERROR
reipið	reipið	N;DEF;NOM;SG	N;DEF;ACC;SG	C
ógleði	ógleðin	N;INDF;GEN;SG	N;DEF;NOM;SG	C
tígrisdýrs	tígrisdýrið	N;INDF;GEN;SG	N;DEF;NOM;SG	C
hólanna	hóll	N;DEF;GEN;PL	N;INDF;NOM;SG	C
veski	veskjunum	N;INDF;NOM;SG	N;DEF;DAT;PL	C
skyttur	skyttuna	N;INDF;NOM;PL	N;DEF;ACC;SG	C
kýklóparnir	kýklópa	N;DEF;NOM;PL	N;INDF;ACC;SG	C
jakanna	jaka	N;DEF;GEN;PL	N;INDF;GEN;PL	C
endurræsti	endurræstu	V;IND;PST;1;SG	V;IND;PST;3;PL	C
malbiki	malbikið	N;INDF;DAT;SG	N;DEF;NOM;SG	C
stær	stæra	V;IMP;2;SG	V;NFIN	SRC_LEXICAL_ERROR
reiðhjólunum	reiðhjólunum	N;DEF;DAT;PL	N;DEF;DAT;PL	C
æfingu	æfingunum	N;INDF;DAT;SG	N;DEF;DAT;PL	C
syndum	synda	N;INDF;DAT;PL	N;INDF;GEN;PL	C
orðskviða	orðskviður	N;INDF;GEN;PL	N;INDF;NOM;SG	C
tunglsjúkur	tunglsjúka	V.PTCP;PST;NOM;SG	N;INDF;GEN;PL	SRC_LEXICAL_ERROR;TGT_LEXICAL_ERROR
syndgum	syndga	N;INDF;DAT;PL	N;INDF;GEN;PL	SRC_LEXICAL_ERROR
hænsna	hænsnunum	N;INDF;GEN;PL	N;DEF;DAT;PL	C
hillu	hillu	N;INDF;DAT;SG	N;INDF;ACC;SG	C
klappandi	klappað	V.PTCP;PRS	V.CVB	C
gormarnir	gorminn	N;DEF;NOM;PL	N;DEF;ACC;SG	C
gítar	gítar	N;INDF;DAT;SG	N;INDF;DAT;SG	C
uppfærðuð	uppfært	V;SBJV;PST;2;PL	V.CVB	C
klæindi	klæinda	N;INDF;NOM;SG	N;INDF;GEN;SG	C
bikkjurnar	bikkju	N;DEF;NOM;PL	N;INDF;DAT;SG	C
ferming	fermingu	N;INDF;NOM;SG	N;INDF;ACC;SG	C
kvelds	kveldum	N;INDF;GEN;SG	N;INDF;DAT;PL	C
víddunum	víddunum	N;DEF;DAT;PL	N;DEF;DAT;PL	C
vanheilagan	vanheilagur	ADJ;ACC;SG	V.PTCP;PST;NOM;SG	SRC_LEXICAL_ERROR;TGT_LEXICAL_ERROR
flugvellirnir	flugvalla	N;DEF;NOM;PL	N;INDF;GEN;PL	C
drekkir	drekkti	V;IND;PRS;3;SG	V;SBJV;PST;1;SG	C
frjókornanna	frjókorn	N;DEF;GEN;PL	N;INDF;ACC;SG	C
strandlengjum	strandlengju	N;INDF;DAT;PL	N;INDF;GEN;SG	C
hröðlum	hröðlum	N;INDF;DAT;PL	N;INDF;DAT;PL	C
smíða	smíða	V;IND;PRS;3;PL	V;IND;PRS;1;SG	C
kinn	kinn	N;INDF;NOM;SG	N;INDF;DAT;SG	C
gaurarnir	gaurs	N;DEF;NOM;PL	N;INDF;GEN;SG	C
strákar	strák	N;INDF;ACC;PL	N;INDF;DAT;SG	C
hugsun	hugsunum	N;INDF;DAT;SG	N;INDF;DAT;PL	C
erfðafræðina	erfðafræði	N;DEF;ACC;SG	N;INDF;ACC;SG	C
pyntuðu	pyntið	V;SBJV;PST;3;PL	V;IND;PRS;2;PL	C
þérum	þéraði	V;SBJV;PRS;1;PL	V;IND;PST;3;SG	C
jötunuxann	jötunuxa	N;DEF;ACC;SG	N;INDF;DAT;SG	C
þurrísi	þurrís	N;INDF;DAT;SG	N;INDF;NOM;SG	C
líkamana	líkaminn	N;DEF;ACC;PL	N;DEF;NOM;SG	C
tyrkneskunnar	tyrkneskan	N;DEF;GEN;SG	N;DEF;NOM;SG	C
meltingar	melting	N;INDF;GEN;SG	N;INDF;NOM;SG	C
egnir	egnduð	V;SBJV;PRS;2;SG	V;IND;PST;2;PL	C
jöfnuninni	jöfnunin	N;DEF;DAT;SG	N;DEF;NOM;SG	C
ugga	uggum	N;INDF;ACC;SG	N;INDF;DAT;PL	C
brúðkaupsgestum	brúðkaupsgestir	N;INDF;DAT;PL	V;IND;PST;2;SG	SRC_LEXICAL_ERROR
hlátrinum	hlátur	N;DEF;DAT;SG	N;INDF;ACC;SG	C
ógleði	ógleðina	N;INDF;NOM;SG	N;DEF;ACC;SG	C
laggaðir	laggir	V;SBJV;PST;2;SG	V;SBJV;PRS;2;SG	C
heróíninu	heróínið	N;DEF;DAT;SG	N;DEF;NOM;SG	C
böðla	böðullinn	N;INDF;ACC;PL	N;DEF;NOM;SG	C
kantöturnar	kantötum	N;DEF;NOM;PL	N;INDF;DAT;PL	C
sæbjúgað	sæbjúgað	N;DEF;NOM;SG	N;DEF;ACC;SG	C
fóstrunum	fósturs	N;DEF;DAT;PL	N;INDF;GEN;SG	C
pípuhöttunum	pípuhatta	N;DEF;DAT;PL	N;INDF;GEN;PL	C
hneykjandi	hneykið	V.PTCP;PRS	V;IND;PRS;2;PL	C
beilum	beila	V;IND;PRS;1;PL	V;IND;PRS;1;SG	C
leyni	leyni	N;INDF;NOM;PL	N;INDF;DAT;SG	C
fórnuðuð	fórnir	V;IND;PST;2;PL	V;SBJV;PRS;2;SG	C
ættfeðurna	ættfeðurnir	N;INDF;GEN;PL	V;IND;PST;2;SG	SRC_LEXICAL_ERROR;TGT_LEXICAL_ERROR
stýri	stýrðu	V;IND;PRS;1;SG	V;IND;PST;3;PL	C
róðra	róður	N;INDF;ACC;PL	N;INDF;NOM;SG	C
heddinu	heddunum	N;DEF;DAT;SG	N;DEF;DAT;PL	C
gæra	gærum	N;INDF;NOM;SG	N;INDF;DAT;PL	C
frumbyggja	frumbyggjann	N;INDF;GEN;PL	N;DEF;ACC;SG	C
belti	beltum	N;INDF;NOM;PL	N;INDF;DAT;PL	C
spikinu	spikum	N;DEF;DAT;SG	N;INDF;DAT;PL	C
gagntekur	gagntak	V;IND;PRS;3;SG	V;IMP;2;SG	C
frystiskápar	frystiskápum	N;INDF;NOM;PL	N;INDF;DAT;PL	C
sæbjúga	sæbjúga	N;INDF;ACC;SG	N;INDF;DAT;SG	C
krossgáturnar	krossgátuna	N;DEF;NOM;PL	N;DEF;ACC;SG	C
tennisboltarnir	tennisboltann	N;DEF;NOM;PL	N;DEF;ACC;SG	C
hagnaðarins	hagnaðurinn	N;DEF;GEN;SG	N;DEF;NOM;SG	C
múkka	múkka	N;INDF;ACC;SG	N;INDF;ACC;SG	C
mistilteins	mistilteinum	N;INDF;GEN;SG	N;INDF;DAT;PL	C
sælur	sælunum	N;INDF;ACC;PL	N;DEF;DAT;PL	C
raustu	raust	N;INDF;GEN;SG	N;INDF;ACC;SG	SRC_LEXICAL_ERROR
öndun	öndun	N;INDF;DAT;SG	N;INDF;NOM;SG	C
denar	denarinn	N;INDF;ACC;SG	N;DEF;ACC;SG	SRC_LEXICAL_ERROR
hvíl	hvílist	V;IMP;2;SG	V;SBJV;PRS;1;SG	SRC_LEXICAL_ERROR
andlang	andlang	N;INDF;ACC;SG	N;INDF;DAT;SG	C
sóða	sóða	N;INDF;GEN;SG	N;INDF;GEN;PL	C
sveikst	sveikst	V;IND;PST;2;SG	V;IND;PST;2;SG	C
tilreiknuð	tilreiknar	V;IND;PST;2;PL	ADJ;NOM;PL	SRC_LEXICAL_ERROR;TGT_LEXICAL_ERROR
svertir	svertuð	V;IND;PRS;2;SG	V;IND;PST;2;PL	C
samvistarfallinu	samvistarfalli	N;DEF;DAT;SG	N;INDF;DAT;SG	C
maur	maur	N;INDF;ACC;SG	N;INDF;ACC;SG	C
frakka	frökkum	N;INDF;ACC;SG	N;INDF;DAT;PL	C
anganna	angann	N;DEF;GEN;PL	N;DEF;ACC;SG	C
gröftum	gröftum	N;INDF;DAT;PL	N;INDF;DAT;PL	C
kirsuber	kirsuberi	N;INDF;NOM;PL	N;INDF;DAT;SG	C
minninganna	minningin	N;DEF;GEN;PL	N;DEF;NOM;SG	C
múgæsingum	múgæsingu	N;INDF;DAT;PL	N;INDF;DAT;SG	C
samfundi	samfundinn	N;INDF;ACC;PL	N;DEF;ACC;SG	C
minnisspili	minnisspilið	N;INDF;DAT;SG	N;DEF;NOM;SG	C
tvennur	tvennuna	N;INDF;ACC;PL	N;DEF;ACC;SG	C
ryðönd	ryðöndin	N;INDF;ACC;SG	N;DEF;NOM;SG	C
stær	stærum	V;IMP;2;SG	V;SBJV;PRS;1;PL	SRC_LEXICAL_ERROR
kviðunni	kviðunum	N;DEF;DAT;SG	N;DEF;DAT;PL	C
súrefnisskortinum	súrefnisskorturinn	N;DEF;DAT;SG	N;DEF;NOM;SG	C
eiturlyfjanotendurnir	eiturlyfjanotendum	N;DEF;NOM;PL	N;INDF;DAT;PL	C
brytar	brytinn	N;INDF;NOM;PL	N;DEF;NOM;SG	C
gjóði	gjóði	N;INDF;DAT;SG	N;INDF;DAT;SG	C
nafla	nafla	N;INDF;GEN;SG	N;INDF;DAT;SG	C
vifta	vifta	N;INDF;GEN;PL	N;INDF;NOM;SG	C
selleríið	sellerí	N;DEF;NOM;SG	N;INDF;NOM;SG	C
eyjarnar	eyjar	N;DEF;NOM;PL	N;INDF;GEN;SG	C
túrista	túrista	N;INDF;DAT;SG	N;INDF;DAT;SG	C
plokka	plokkaði	V;NFIN	V;IND;PST;3;SG	C
frostið	frostið	N;DEF;ACC;SG	N;DEF;NOM;SG	C
kok	kokið	N;INDF;ACC;PL	N;DEF;ACC;SG	C
fræðimennirnir	fræðimönnunum	N;DEF;NOM;PL	N;DEF;DAT;PL	C
togi	toga	V;SBJV;PRS;3;PL	V;IND;PRS;3;PL	C
aldinin	aldin	N;DEF;ACC;PL	N;INDF;NOM;SG	C
krossfesti	krossfestir	N;INDF;DAT;SG	V;IND;PST;2;SG	SRC_LEXICAL_ERROR
kysstuð	kyssti	V;SBJV;PST;2;PL	V;SBJV;PST;1;SG	C
lykkjuna	lykkjuna	N;DEF;ACC;SG	N;DEF;ACC;SG	C
stjórnið	stjórna	V;IND;PRS;2;PL	V;NFIN	C
sonur	sona	N;INDF;NOM;SG	N;INDF;GEN;PL	C
kapellunni	kapellu	N;DEF;DAT;SG	N;INDF;ACC;SG	C
prómetínið	prómetín	N;DEF;ACC;SG	N;INDF;ACC;SG	C
vitrað	vitru	V.CVB	N;INDF;GEN;SG	SRC_LEXICAL_ERROR
hvæstuð	hvæstu	V;IND;PST;2;PL	V;SBJV;PST;3;PL	C
misskilnings	misskilnings	N;INDF;GEN;SG	N;INDF;GEN;SG	C
samkundustjóra	samkundustjóri	N;INDF;GEN;PL	N;INDF;DAT;SG	SRC_LEXICAL_ERROR;TGT_LEXICAL_ERROR
endarnir	endi	N;DEF;NOM;PL	N;INDF;DAT;SG	C
brekkusniglunum	brekkusnigill	N;DEF;DAT;PL	N;INDF;NOM;SG	C
samkundustjóra	samkundustjórunum	N;INDF;GEN;PL	N;DEF;DAT;PL	SRC_LEXICAL_ERROR;TGT_LEXICAL_ERROR
lastmæltu	lastmælt	V;IND;PST;3;PL	V.PTCP;PST;ACC;SG	SRC_LEXICAL_ERROR
tónfræði	tónfræði	N;INDF;ACC;SG	N;INDF;GEN;SG	C
eiginmanninn	eiginmönnum	N;DEF;ACC;SG	N;INDF;DAT;PL	C
slúttir	slúttað	V;SBJV;PRS;2;SG	V.CVB	C
sérhljóðs	sérhljóðum	N;INDF;GEN;SG	N;INDF;DAT;PL	C
hvílíks	hvílíka	PRN;INDF;GEN;SG	N;INDF;GEN;PL	SRC_LEXICAL_ERROR
umkringdi	umkringið	V;SBJV;PST;3;SG	V;IMP;2;PL	C
stikana	stikann	N;DEF;ACC;PL	N;DEF;ACC;SG	C
vind	vindum	N;INDF;ACC;SG	N;INDF;DAT;PL	C
lastmælin	lastmæla	ADJ;ACC;PL	V;NFIN	SRC_LEXICAL_ERROR
hálfendarnir	hálfendum	N;DEF;NOM;PL	N;INDF;DAT;PL	C
sóunin	sóunin	N;DEF;NOM;SG	N;DEF;NOM;SG	C
engjanna	engi	N;DEF;GEN;PL	N;INDF;NOM;SG	C
vögguvísa	vögguvísunum	N;INDF;NOM;SG	N;DEF;DAT;PL	C
hitamælunum	hitamælinn	N;DEF;DAT;PL	N;DEF;ACC;SG	C
færeyskuna	færeysku	N;DEF;ACC;SG	N;INDF;GEN;SG	C
hýdrat	hýdrötunum	N;INDF;ACC;SG	N;DEF;DAT;PL	C
lúkka	lúkks	N;INDF;GEN;PL	N;INDF;GEN;SG	C
sokka	sokk	N;INDF;ACC;PL	N;INDF;ACC;SG	C
akademíanna	akademíu	N;DEF;GEN;PL	N;INDF;GEN;SG	C
rithöfundum	rithöfund	N;INDF;DAT;PL	N;INDF;ACC;SG	C
agúrku	agúrkuna	N;INDF;DAT;SG	N;DEF;ACC;SG	C
vælið	vælir	V;IND;PRS;2;PL	V;IND;PST;2;SG	C
geimar	geimur	N;INDF;NOM;PL	N;INDF;NOM;SG	C
maurs	maura	N;INDF;GEN;SG	N;INDF;GEN;PL	C
íþyngir	íþyngi	V;IND;PST;3;SG	V;SBJV;PRS;3;PL	C
kinnaliti	kinnaliturinn	N;INDF;ACC;PL	N;DEF;NOM;SG	C
lýsingarorð	lýsingarorða	N;INDF;NOM;SG	N;INDF;GEN;PL	C
bandstrik	bandstrik	N;INDF;ACC;PL	N;INDF;ACC;SG	C
aðfaranæturnar	aðfaranóttin	N;DEF;NOM;PL	N;DEF;NOM;SG	C
vinátta	vináttuna	N;INDF;NOM;SG	N;DEF;ACC;SG	C
fjölmiðlasögur	fjölmiðlasögu	N;INDF;ACC;PL	N;INDF;ACC;SG	C
gjaldið	goldið	V;IMP;2;PL	V.CVB	C
kílóin	kílói	N;DEF;ACC;PL	N;INDF;DAT;SG	C
sproki	sprokunum	N;INDF;DAT;SG	N;DEF;DAT;PL	C
svíki	svíkjum	V;SBJV;PRS;3;SG	V;SBJV;PRS;1;PL	C
sérhljóð	sérhljóða	N;INDF;NOM;SG	N;INDF;GEN;PL	C
kæti	kætin	N;INDF;DAT;SG	N;DEF;NOM;SG	C
iðn	iðnina	N;INDF;NOM;SG	N;DEF;ACC;SG	C
fagurfræðin	fagurfræðina	N;DEF;NOM;SG	N;DEF;ACC;SG	C
heflaði	hefli	V;IND;PST;3;SG	V;SBJV;PRS;1;SG	C
endaþarmsmökin	endaþarmsmökum	N;DEF;ACC;SG	N;INDF;DAT;SG	C
verslið	verslaði	V;SBJV;PRS;2;PL	V;SBJV;PST;3;SG	C
karsi	karsinn	N;INDF;NOM;SG	N;DEF;NOM;SG	C
hvíl	hvílir	V;IMP;2;SG	V;SBJV;PRS;2;SG	SRC_LEXICAL_ERROR
aftrið	aftraði	V;IMP;2;PL	V;SBJV;PST;3;SG	SRC_LEXICAL_ERROR
stökkið	stökkum	N;DEF;ACC;SG	N;INDF;DAT;PL	C
siðuðum	siðaði	V;IND;PRS;1;PL	V;IND;PST;3;SG	C
gramúlfunum	gramúlf	N;DEF;DAT;PL	N;INDF;ACC;SG	C
hug	hugunum	N;INDF;ACC;SG	N;DEF;DAT;PL	C
skriðsundi	skriðsundi	N;INDF;DAT;SG	N;INDF;DAT;SG	C
markspyrnu	markspyrnum	N;INDF;DAT;SG	N;INDF;DAT;PL	C
efldir	efldi	V;IND;PST;2;SG	V;IND;PST;3;SG	C
jarðir	jörð	N;INDF;ACC;PL	N;INDF;ACC;SG	C
skjólanna	skjóla	N;DEF;GEN;PL	N;INDF;GEN;PL	C
sjúg	sjúgi	V;IMP;2;SG	V;SBJV;PRS;3;PL	C
blóðflögur	blóðflögum	N;INDF;NOM;PL	N;INDF;DAT;PL	C
saurgi	saurgað	N;INDF;DAT;SG	V.CVB	SRC_LEXICAL_ERROR
bruninn	bruna	N;DEF;NOM;SG	N;INDF;GEN;SG	C
símaskrá	símaskrána	N;INDF;NOM;SG	N;DEF;ACC;SG	C
geðshræringu	geðshræringin	N;INDF;ACC;SG	N;DEF;NOM;SG	C
kvakið	kvaks	N;DEF;NOM;SG	N;INDF;GEN;SG	C
gólfið	gólfa	N;DEF;ACC;SG	N;INDF;GEN;PL	C
staðlana	staðalinn	N;DEF;ACC;PL	N;DEF;ACC;SG	C
handrits	handrit	N;INDF;GEN;SG	N;INDF;ACC;SG	C
eigist	eigi	V;SBJV;PRS;1;SG	V;SBJV;PRS;3;PL	SRC_LEXICAL_ERROR
helvíti	helvítið	N;INDF;ACC;PL	N;DEF;ACC;SG	C
tilreiknað	tilreiknast	V.CVB	V;IND;PRS;3;SG	SRC_LEXICAL_ERROR
deyðast	deyða	V;IND;PRS;3;PL	V;NFIN	SRC_LEXICAL_ERROR
rasskinna	rasskinn	N;INDF;GEN;PL	N;INDF;ACC;SG	C
fjallgarð	fjallgarðs	N;INDF;ACC;SG	N;INDF;GEN;SG	C
hljóðfærið	indefinite	N;DEF;ACC;SG	N;INDF;NOM;SG	C
ungum	unga	V;SBJV;PRS;1;PL	V;NFIN	C
feðginin	feðgin	N;DEF;ACC;SG	N;INDF;ACC;SG	C
vinkils	vinkill	N;INDF;GEN;SG	N;INDF;NOM;SG	C
árósinn	árós	N;DEF;ACC;SG	N;INDF;ACC;SG	C
leikfangi	leikfangs	N;INDF;DAT;SG	N;INDF;GEN;SG	C
afætuna	afætunum	N;DEF;ACC;SG	N;DEF;DAT;PL	C
vindlunum	vindill	N;DEF;DAT;PL	N;INDF;NOM;SG	C
markmanninn	markmaðurinn	N;DEF;ACC;SG	N;DEF;NOM;SG	C
þandi	þenjum	V;IND;PST;3;SG	V;SBJV;PRS;1;PL	C
Svía	Svía	N;INDF;DAT;SG	N;INDF;GEN;SG	C
blessuðuð	blessi	V;IND;PST;2;PL	V;SBJV;PRS;3;PL	C
betri	betrir	V;SBJV;PRS;3;SG	V;SBJV;PRS;2;SG	C
ýfðuð	ýfið	V;SBJV;PST;2;PL	V;IND;PRS;2;PL	C
hjólhýsi	hjólhýsunum	N;INDF;DAT;SG	N;DEF;DAT;PL	C
drottnarans	drottnara	N;DEF;GEN;SG	N;INDF;GEN;PL	C
afleiðingar	afleiðingunum	N;INDF;NOM;PL	N;DEF;DAT;PL	C
vanadíns	vanadínið	N;INDF;GEN;SG	N;DEF;ACC;SG	C
aukafalls	aukafalls	N;INDF;GEN;SG	N;INDF;GEN;SG	C
herstígvéla	herstígvél	N;INDF;GEN;PL	N;INDF;ACC;SG	C
ríkdóminn	ríkdóm	N;DEF;ACC;SG	N;INDF;ACC;SG	SRC_LEXICAL_ERROR
rymdi	rymur	V;SBJV;PST;1;SG	V;IND;PST;2;SG	C
plóg	plógs	N;INDF;ACC;SG	N;INDF;GEN;SG	C
minnkið	minnkaðir	V;IMP;2;PL	V;IND;PST;2;SG	C
drifta	drift	N;INDF;GEN;PL	N;INDF;ACC;SG	C
velþóknanleg	velþóknanlegar	N;INDF;ACC;SG	ADJ;NOM;PL	SRC_LEXICAL_ERROR
saurgi	saurgar	N;INDF;DAT;SG	ADJ;NOM;PL	SRC_LEXICAL_ERROR
lauguðum	laugaði	V;SBJV;PST;1;PL	V;IND;PST;3;SG	C
flotaforingjann	flotaforingja	N;DEF;ACC;SG	N;INDF;ACC;SG	C
hnúts	hnútinn	N;INDF;GEN;SG	N;DEF;ACC;SG	C
vanheilagur	vanheilagir	V.PTCP;PST;NOM;SG	V;IND;PST;2;SG	SRC_LEXICAL_ERROR
bismúts	bismútið	N;INDF;GEN;SG	N;DEF;NOM;SG	C
grunnlinn	grunnla	N;DEF;NOM;SG	N;INDF;DAT;SG	C
stoppunar	stoppana	N;INDF;GEN;SG	N;INDF;GEN;PL	C
umfjöllun	umfjöllunin	N;INDF;NOM;SG	N;DEF;NOM;SG	C
káetunum	káeta	N;DEF;DAT;PL	N;INDF;GEN;PL	C
slöngur	slangan	N;INDF;NOM;PL	N;DEF;NOM;SG	C
svörður	sverði	N;INDF;NOM;SG	N;INDF;DAT;SG	C
svikanna	svik	N;DEF;GEN;SG	N;INDF;ACC;SG	C
tilreiknar	tilreiknað	ADJ;NOM;PL	V.CVB	SRC_LEXICAL_ERROR;TGT_LEXICAL_ERROR
ofursta	ofurstinn	N;INDF;GEN;PL	N;DEF;NOM;SG	C
gjammar	gjömmum	V;IND;PRS;3;SG	V;SBJV;PRS;1;PL	C
píla	pílu	N;INDF;NOM;SG	N;INDF;ACC;SG	C
stoð	stoðunum	N;INDF;NOM;SG	N;DEF;DAT;PL	C
stýrið	stýrði	V;SBJV;PRS;2;PL	V;SBJV;PST;3;SG	C
stoppanirnar	stoppunar	N;DEF;ACC;PL	N;INDF;GEN;SG	C
hersveitirnar	hersveitina	N;DEF;NOM;PL	N;DEF;ACC;SG	C
raustar	raustum	ADJ;NOM;PL	N;INDF;DAT;PL	SRC_LEXICAL_ERROR
vænt	vænt	V.CVB	V.CVB	C
fagga	fagga	N;INDF;ACC;SG	N;INDF;ACC;SG	C
mæðraveldi	mæðraveldis	N;INDF;ACC;PL	N;INDF;GEN;SG	C
þerrar	þerra	V;IND;PRS;3;SG	V;IMP;2;SG	C
gylturnar	gyltuna	N;DEF;NOM;PL	N;DEF;ACC;SG	C
fjóla	fjólu	N;INDF;NOM;SG	N;INDF;GEN;SG	C
samkundustjóra	samkundustjórinn	N;INDF;GEN;PL	N;DEF;ACC;SG	SRC_LEXICAL_ERROR;TGT_LEXICAL_ERROR
ættkvíslinni	ættkvíslum	N;DEF;DAT;SG	N;INDF;DAT;PL	C
sæbjúgu	sæbjúgna	N;INDF;NOM;PL	N;INDF;GEN;PL	C
misgjörðin	misgjörða	V.PTCP;PST;ACC;PL	N;INDF;GEN;PL	SRC_LEXICAL_ERROR
kvænir	kvæn	V;IND;PRS;3;SG	V;IMP;2;SG	C
óréttinn	órétt	N;DEF;ACC;SG	N;INDF;ACC;SG	SRC_LEXICAL_ERROR
trompin	trompið	N;DEF;ACC;PL	N;DEF;ACC;SG	C
beinana	beini	N;DEF;ACC;PL	N;INDF;ACC;SG	C
blik	blikunum	N;INDF;ACC;SG	N;DEF;DAT;PL	C
hvítvín	hvítvíni	N;INDF;ACC;PL	N;INDF;DAT;SG	C
sátunni	sátu	N;DEF;DAT;SG	N;INDF;ACC;SG	C
flassið	flass	N;DEF;NOM;SG	N;INDF;NOM;SG	C
trúleysi	trúleysið	N;INDF;ACC;SG	N;DEF;ACC;SG	C
miðnættin	miðnætta	N;DEF;ACC;PL	N;INDF;GEN;PL	C
unglingsins	unglingur	N;DEF;GEN;SG	N;INDF;NOM;SG	C
lífstykkjanna	lífstykkið	N;DEF;GEN;PL	N;DEF;NOM;SG	C
hjúkruðum	hjúkrar	V;SBJV;PST;1;PL	V;IND;PST;2;SG	C
gráðu	gráða	N;INDF;GEN;SG	N;INDF;GEN;PL	C
lesanda	lesandann	N;INDF;ACC;SG	N;DEF;ACC;SG	C
kökukeflið	kökukeflis	N;DEF;NOM;SG	N;INDF;GEN;SG	C
tefldir	teflir	V;IND;PST;2;SG	V;IND;PRS;3;SG	C
frystinn	fryst	N;DEF;ACC;SG	N;INDF;DAT;SG	C
varalitanna	varalit	N;DEF;GEN;PL	N;INDF;DAT;SG	C
hnéskel	hnéskelin	N;INDF;ACC;SG	N;DEF;NOM;SG	C
talentur	talentu	V.PTCP;PST;NOM;SG	N;INDF;GEN;SG	SRC_LEXICAL_ERROR
vínguðinum	vínguðunum	N;DEF;DAT;SG	N;DEF;DAT;PL	C
kvænti	kvæntir	V;IND;PST;1;SG	V;IND;PST;2;SG	C
hnerri	hnerruðu	V;SBJV;PRS;3;SG	V;SBJV;PST;3;PL	C
hnefanum	hnefann	N;DEF;DAT;SG	N;DEF;ACC;SG	C
krossfesti	krossfestu	N;INDF;DAT;SG	N;INDF;GEN;SG	SRC_LEXICAL_ERROR
klekkti	klekkir	V;IND;PST;1;SG	V;SBJV;PRS;2;SG	C
dauðadómar	dauðadóms	N;INDF;NOM;PL	N;INDF;GEN;SG	C
kommúnistum	kommúnistinn	N;INDF;DAT;PL	N;DEF;NOM;SG	C
vekjum	vekti	V;SBJV;PRS;1;PL	V;SBJV;PST;3;SG	C
svikarar	svikurunum	N;INDF;NOM;PL	N;DEF;DAT;PL	C
organista	organistum	N;INDF;GEN;PL	N;INDF;DAT;PL	C
breytingar	breyting	N;INDF;ACC;PL	N;INDF;NOM;SG	C
spjarir	spjara	N;INDF;ACC;PL	N;INDF;GEN;PL	C
gallín	gallínið	N;INDF;ACC;SG	N;DEF;ACC;SG	C
sléttsöng	sléttsöngur	N;INDF;DAT;SG	N;INDF;NOM;SG	C
þekkingar	þekkingar	N;INDF;GEN;SG	N;INDF;GEN;SG	C
hraða	hraða	V;IMP;2;SG	V;IND;PRS;1;SG	C
fé	fjár	N;INDF;DAT;SG	N;INDF;GEN;SG	C
tölvupóstfanga	tölvupóstföngum	N;INDF;GEN;PL	N;INDF;DAT;PL	C
loga	logann	N;INDF;GEN;PL	N;DEF;ACC;SG	C
þrassins	þrasið	N;DEF;GEN;SG	N;DEF;ACC;SG	C
mynstrum	mynstra	N;INDF;DAT;PL	N;INDF;GEN;PL	C
lastmælir	lastmæltu	V;SBJV;PRS;2;SG	V;IND;PST;3;PL	SRC_LEXICAL_ERROR;TGT_LEXICAL_ERROR
brjóstbeinið	brjóstbeinið	N;DEF;NOM;SG	N;DEF;ACC;SG	C
hæsi	hæsi	N;INDF;NOM;SG	N;INDF;GEN;SG	C
raustar	raustin	ADJ;NOM;PL	V.PTCP;PST;ACC;PL	SRC_LEXICAL_ERROR
rökuðuð	rakaði	V;SBJV;PST;2;PL	V;SBJV;PST;3;SG	C
kalkspats	kalkspatið	N;INDF;GEN;SG	N;DEF;NOM;SG	C
makar	maka	N;INDF;NOM;PL	N;INDF;DAT;SG	C
lakkað	lakki	V.CVB	V;SBJV;PRS;3;PL	C
tökuorðin	tökuorð	N;DEF;ACC;PL	N;INDF;ACC;SG	C
kynkvísla	kynkvísla	N;INDF;GEN;PL	N;INDF;GEN;PL	C
sparði	sparðs	N;INDF;DAT;SG	N;INDF;GEN;SG	C
mellum	mella	N;INDF;DAT;PL	N;INDF;GEN;PL	C
skini	skinum	N;INDF;DAT;SG	N;INDF;DAT;PL	C
fetinu	feta	N;DEF;DAT;SG	N;INDF;GEN;PL	C
plokkaði	plokki	V;IND;PST;3;SG	V;SBJV;PRS;1;SG	C
kristni	kristni	N;INDF;DAT;SG	N;INDF;ACC;SG	C
fríspark	frísparkið	N;INDF;ACC;SG	N;DEF;NOM;SG	C
haltri	haltra	V;SBJV;PRS;3;SG	V;IND;PRS;1;SG	C
fórintu	fórintu	N;INDF;GEN;SG	N;INDF;DAT;SG	C
hellum	hellirinn	N;INDF;DAT;PL	N;DEF;NOM;SG	C
köngla	köngull	N;INDF;ACC;PL	N;INDF;NOM;SG	C
væskill	væskla	N;INDF;NOM;SG	N;INDF;GEN;PL	C
vanræk	vanrækja	V;IMP;2;SG	V;NFIN	C
skörð	skarði	N;INDF;ACC;PL	N;INDF;DAT;SG	C
korkum	korkunum	N;INDF;DAT;PL	N;DEF;DAT;PL	C
talsmannsins	talsmaðurinn	N;DEF;GEN;SG	N;DEF;NOM;SG	C
miðgilda	miðgildið	N;INDF;GEN;PL	N;DEF;ACC;SG	C
stær	stært	V;IMP;2;SG	V.PTCP;PST;ACC;SG	SRC_LEXICAL_ERROR
ökuleyfi	ökuleyfið	N;INDF;ACC;PL	N;DEF;NOM;SG	C
patinu	pats	N;DEF;DAT;SG	N;INDF;GEN;SG	C
góluðu	góla	V;IND;PST;3;PL	V;IMP;2;SG	C
kjörfurstar	kjörfurstann	N;INDF;NOM;PL	N;DEF;ACC;SG	C
skán	skán	N;INDF;DAT;SG	N;INDF;NOM;SG	C
Jótlandinu	Jótlandið	N;DEF;DAT;SG	N;DEF;ACC;SG	C
spils	spila	N;INDF;GEN;SG	N;INDF;GEN;PL	C
aukafallsliðina	aukafallsliðinn	N;DEF;ACC;PL	N;DEF;ACC;SG	C
gjóstarnir	gjósta	N;DEF;NOM;PL	N;INDF;GEN;PL	C
burstirnar	burst	N;DEF;NOM;PL	N;INDF;ACC;SG	C
grundarinnar	grundina	N;DEF;GEN;SG	N;DEF;ACC;SG	C
postuladóm	postuladómi	N;INDF;ACC;SG	N;INDF;DAT;SG	SRC_LEXICAL_ERROR
kryfði	kryfjið	V;SBJV;PST;3;SG	V;IMP;2;PL	C
tárin	tárið	N;DEF;NOM;PL	N;DEF;NOM;SG	C
rífist	rífst	V;SBJV;PRS;2;PL	V;IND;PST;3;SG	C
vífið	vífa	N;DEF;NOM;SG	N;INDF;GEN;PL	C
kvíða	kvíði	N;INDF;ACC;SG	N;INDF;NOM;SG	C
norrænu	norrænu	N;INDF;ACC;SG	N;INDF;GEN;SG	C
okkarínurnar	okkarínu	N;DEF;NOM;PL	N;INDF;GEN;SG	C
definite	logni	N;DEF;NOM;SG	N;INDF;GEN;SG	C
kjólföt	kjólföt	N;INDF;NOM;SG	N;INDF;NOM;SG	C
eðjan	eðju	N;DEF;NOM;SG	N;INDF;GEN;SG	C
aukaföllin	aukafalla	N;DEF;NOM;PL	N;INDF;GEN;PL	C
laxins	lax	N;DEF;GEN;SG	N;INDF;ACC;SG	C
hraktir	hrek	V;IND;PST;2;SG	V;IMP;2;SG	C
uppfærum	uppfærið	V;IND;PRS;1;PL	V;IND;PRS;2;PL	C
hvíldunum	hvíldina	N;DEF;DAT;PL	N;DEF;ACC;SG	C
sápur	sápa	N;INDF;NOM;PL	N;INDF;NOM;SG	C
býsn	býsn	N;INDF;NOM;SG	N;INDF;NOM;SG	C
vísindamönnunum	vísindamanni	N;DEF;DAT;PL	N;INDF;DAT;SG	C
skírin	skírum	N;DEF;ACC;PL	N;INDF;DAT;PL	C
útlistum	útlisti	N;INDF;DAT;PL	N;INDF;DAT;SG	SRC_LEXICAL_ERROR;TGT_LEXICAL_ERROR
húsbóndanum	húsbóndi	N;DEF;DAT;SG	N;INDF;NOM;SG	C
kalkspati	kalkspati	N;INDF;DAT;SG	N;INDF;DAT;SG	C
efuðuð	efa	V;SBJV;PST;2;PL	V;IND;PRS;1;SG	C
gæja	gæja	N;INDF;GEN;SG	N;INDF;ACC;SG	C
véið	vés	N;DEF;ACC;SG	N;INDF;GEN;SG	C
annir	önnunum	N;INDF;NOM;PL	N;DEF;DAT;PL	C
raustu	raustar	N;INDF;GEN;SG	ADJ;NOM;PL	SRC_LEXICAL_ERROR;TGT_LEXICAL_ERROR
þurríssins	þurrísum	N;DEF;GEN;SG	N;INDF;DAT;PL	C
mistur	mistrið	N;INDF;NOM;SG	N;DEF;ACC;SG	C
vinkonurnar	vinkonan	N;DEF;ACC;PL	N;DEF;NOM;SG	C
hljóðfærið	hljóðfæri	N;DEF;DAT;SG	N;INDF;GEN;SG	C
Belgann	Belga	N;DEF;ACC;SG	N;INDF;ACC;SG	C
leikaranna	leikara	N;DEF;GEN;PL	N;INDF;GEN;SG	C
öfunduðuð	öfunda	V;IND;PST;2;PL	V;NFIN	C
kerti	kerti	N;INDF;NOM;PL	N;INDF;NOM;SG	C
argaðir	arga	V;SBJV;PST;2;SG	V;IND;PRS;3;PL	C
definite	lögum	N;DEF;NOM;PL	N;INDF;GEN;PL	C
geisladiskur	geisladiskurinn	N;INDF;NOM;SG	N;DEF;NOM;SG	C
stigbreytinguna	stigbreytingu	N;DEF;ACC;SG	N;INDF;ACC;SG	C
morgnanna	morgnunum	N;DEF;GEN;PL	N;DEF;DAT;PL	C
matana	definite	N;DEF;DAT;PL	N;DEF;NOM;SG	C
lessunum	lessum	N;DEF;DAT;PL	N;INDF;DAT;PL	C
eignarlýður	eignarlýð	V.PTCP;PST;NOM;SG	N;INDF;ACC;SG	SRC_LEXICAL_ERROR;TGT_LEXICAL_ERROR
skelfisksins	skelfisk	N;DEF;GEN;SG	N;INDF;ACC;SG	C
sálma	sálmur	N;INDF;ACC;PL	N;INDF;NOM;SG	C
raula	raulaði	V;IND;PRS;1;SG	V;IND;PST;3;SG	C
iðnar	iðnum	N;INDF;GEN;SG	N;INDF;DAT;PL	C
hjakka	hjakkið	V;IMP;2;SG	V;IND;PRS;2;PL	C
áfrýjandi	áfrýjuðu	V.PTCP;PRS	V;IND;PST;3;PL	C
eigendur	eigandann	N;INDF;ACC;PL	N;DEF;ACC;SG	C
gróðaveg	gróðavegur	N;INDF;ACC;SG	V.PTCP;PST;NOM;SG	SRC_LEXICAL_ERROR
öslir	öslaði	V;SBJV;PRS;2;SG	V;IND;PST;3;SG	C
þjöl	þjöl	N;INDF;ACC;SG	N;INDF;ACC;SG	C
þátíðina	þátíð	N;DEF;ACC;SG	N;INDF;NOM;SG	C
útlistum	útlista	N;INDF;DAT;PL	N;INDF;GEN;PL	SRC_LEXICAL_ERROR
aukaspyrnu	aukaspyrnunum	N;INDF;ACC;SG	N;DEF;DAT;PL	C
spurningarnar	spurninga	N;DEF;ACC;PL	N;INDF;GEN;PL	C
bæjasvölur	bæjasvöluna	N;INDF;ACC;PL	N;DEF;ACC;SG	C
úthlutum	úthlutaði	V;SBJV;PRS;1;PL	V;IND;PST;3;SG	C
fórnfært	fórnfærði	V.PTCP;PST;ACC;SG	V;SBJV;PST;1;SG	SRC_LEXICAL_ERROR
almætti	almættið	N;INDF;DAT;SG	N;DEF;NOM;SG	C
ýsu	ýsu	N;INDF;ACC;SG	N;INDF;DAT;SG	C
jarðarberin	jarðarberjum	N;DEF;NOM;PL	N;INDF;DAT;PL	C
aðvöruðuð	aðvöruðu	V;SBJV;PST;2;PL	V;IND;PST;3;PL	C
bjórvömbunum	bjórvömb	N;DEF;DAT;PL	N;INDF;NOM;SG	C
teikna	teikna	V;IND;PRS;3;PL	V;IND;PRS;1;SG	C
lastmælir	lastmæli	V;SBJV;PRS;2;SG	V;SBJV;PRS;3;PL	SRC_LEXICAL_ERROR
fórnfært	fórnfæra	V.PTCP;PST;ACC;SG	V;NFIN	SRC_LEXICAL_ERROR
teið	tes	N;DEF;NOM;SG	N;INDF;GEN;SG	C
dýralæknar	dýralækni	N;INDF;NOM;PL	N;INDF;ACC;SG	C
vettlingum	vettling	N;INDF;DAT;PL	N;INDF;NOM;SG	C
öfgi	öfgi	V;SBJV;PRS;1;SG	V;SBJV;PRS;1;SG	C
hörmum	harmurinn	N;INDF;DAT;PL	N;DEF;NOM;SG	C
ergir	ergið	V;SBJV;PRS;2;SG	V;IND;PRS;2;PL	C
æxlanir	æxlunum	N;INDF;NOM;PL	N;INDF;DAT;PL	C
jörðuðum	jarða	V;SBJV;PST;1;PL	V;IMP;2;SG	C
hljóma	hljóma	N;INDF;GEN;PL	N;INDF;GEN;PL	C
aðdáendurna	aðdáandann	N;DEF;ACC;PL	N;DEF;ACC;SG	C
trunturnar	trunta	N;DEF;NOM;PL	N;INDF;NOM;SG	C
grafítið	grafíts	N;DEF;NOM;SG	N;INDF;GEN;SG	C
ærumeiðinganna	ærumeiðingum	N;DEF;GEN;PL	N;INDF;DAT;PL	C
tröllkonurnar	tröllkonu	N;DEF;ACC;PL	N;INDF;GEN;SG	C
etýðunnar	etýðu	N;DEF;GEN;SG	N;INDF;GEN;SG	C
þéruðu	þérað	V;IND;PST;3;PL	V.CVB	C
glásirnar	glásum	N;DEF;ACC;PL	N;INDF;DAT;PL	C
tottaði	totta	V;SBJV;PST;1;SG	V;NFIN	C
vitrað	vitrunum	V.CVB	N;DEF;DAT;PL	SRC_LEXICAL_ERROR
villimanninn	villimönnunum	N;DEF;ACC;SG	N;DEF;DAT;PL	C
gramúlfarnir	gramúlfinn	N;DEF;NOM;PL	N;DEF;ACC;SG	C
vestranum	vestra	N;DEF;DAT;SG	N;INDF;GEN;PL	C
tindurinn	tindur	N;DEF;NOM;SG	N;INDF;NOM;SG	C
albönskunnar	albönsku	N;DEF;GEN;SG	N;INDF;DAT;SG	C
tárum	tár	N;INDF;DAT;PL	N;INDF;ACC;SG	C
meðal	meðulunum	N;INDF;NOM;SG	N;DEF;DAT;PL	C
kossarnir	kossinn	N;DEF;NOM;PL	N;DEF;ACC;SG	C
helt	heltir	V.CVB	V;IND;PST;2;SG	C
tignaðir	tignað	V;IND;PST;2;SG	V.CVB	C
geddanna	geddu	N;DEF;GEN;PL	N;INDF;ACC;SG	C
furu	furu	N;INDF;ACC;SG	N;INDF;GEN;SG	C
skerið	skerið	N;DEF;ACC;SG	N;DEF;ACC;SG	C
hreinsunareldurinn	hreinsunareld	N;DEF;NOM;SG	N;INDF;ACC;SG	C
póker	pókers	N;INDF;NOM;SG	N;INDF;GEN;SG	C
rigningarnar	rigninga	N;DEF;NOM;PL	N;INDF;GEN;PL	C
gleði	gleði	N;INDF;ACC;SG	N;INDF;GEN;SG	C
skitur	skituna	N;INDF;ACC;PL	N;DEF;ACC;SG	C
brjálæðið	brjálæði	N;DEF;NOM;SG	N;INDF;NOM;SG	C
langöfunum	langöfum	N;DEF;DAT;PL	N;INDF;DAT;PL	C
hylli	hyllið	V;SBJV;PRS;3;PL	V;IMP;2;PL	C
strætisvagninn	strætisvagna	N;DEF;NOM;SG	N;INDF;GEN;PL	C
forsíðurnar	forsíðu	N;DEF;NOM;PL	N;INDF;DAT;SG	C
bagli	bagall	N;INDF;DAT;SG	N;INDF;NOM;SG	C
enda	endar	V;NFIN	V;IND;PST;3;SG	C
sviti	svita	N;INDF;NOM;SG	N;INDF;GEN;SG	C
diski	diskur	N;INDF;DAT;SG	N;INDF;NOM;SG	C
löstum	löstum	V;IND;PRS;1;PL	V;SBJV;PRS;1;PL	C
ræni	rændi	V;IND;PRS;1;SG	V;SBJV;PST;3;SG	C
ónáðaði	ónáðuðuð	V;IND;PST;3;SG	V;IND;PST;2;PL	C
svindlara	svindlurum	N;INDF;GEN;PL	N;INDF;DAT;PL	C
straumarnir	straumurinn	N;DEF;NOM;PL	N;DEF;NOM;SG	C
eindar	eindar	N;INDF;GEN;SG	N;INDF;GEN;SG	C
þrengingin	þrenging	V.PTCP;PST;ACC;PL	N;INDF;ACC;SG	SRC_LEXICAL_ERROR
fjalir	fjöl	N;INDF;NOM;PL	N;INDF;NOM;SG	C
nærmyndin	nærmynda	N;DEF;NOM;SG	N;INDF;GEN;PL	C
trjóna	trjóna	N;INDF;GEN;PL	N;INDF;NOM;SG	C
reyknum	reykjunum	N;DEF;DAT;SG	N;DEF;DAT;PL	C
hengduð	hengdu	V;SBJV;PST;2;PL	V;SBJV;PST;3;PL	C
spítalarnir	spítalinn	N;DEF;NOM;PL	N;DEF;NOM;SG	C
faldanna	faldi	N;DEF;GEN;PL	N;INDF;DAT;SG	C
farsímanna	farsími	N;DEF;GEN;PL	N;INDF;NOM;SG	C
sparkið	sparka	V;IND;PRS;2;PL	V;NFIN	C
fullreyndur	fullreynd	V.PTCP;PST;NOM;SG	N;INDF;ACC;SG	SRC_LEXICAL_ERROR
höndli	höndla	N;INDF;DAT;SG	N;INDF;GEN;PL	SRC_LEXICAL_ERROR
hefðarsætin	hefðarsæti	V.PTCP;PST;ACC;PL	N;INDF;DAT;SG	SRC_LEXICAL_ERROR
útibúa	útibúið	N;INDF;GEN;PL	N;DEF;NOM;SG	C
samtengingin	samtengingum	N;DEF;NOM;SG	N;INDF;DAT;PL	C
slúttum	slútta	V;IND;PRS;1;PL	V;IND;PRS;1;SG	C
kontrafagott	kontrafagottið	N;INDF;NOM;PL	N;DEF;NOM;SG	C
öxin	ax	N;DEF;NOM;PL	N;INDF;ACC;SG	C
granateplunum	granatepli	N;DEF;DAT;PL	N;INDF;ACC;SG	C
gormsins	gorm	N;DEF;GEN;SG	N;INDF;ACC;SG	C
brögðin	brögðum	N;DEF;NOM;PL	N;INDF;DAT;PL	C
viðskiptavinarins	viðskiptavinunum	N;DEF;GEN;SG	N;DEF;DAT;PL	C
smjatti	smjattið	N;INDF;DAT;SG	N;DEF;NOM;SG	C
spaðarnir	spöðum	N;DEF;NOM;PL	N;INDF;DAT;PL	C
kveikina	kveikinn	N;DEF;ACC;PL	N;DEF;ACC;SG	C
samkundustjórunum	samkundustjórinn	N;DEF;DAT;PL	N;DEF;ACC;SG	SRC_LEXICAL_ERROR;TGT_LEXICAL_ERROR
undirættbálkur	undirættbálkunum	N;INDF;NOM;SG	N;DEF;DAT;PL	C
minnkið	minnkaði	V;IMP;2;PL	V;SBJV;PST;3;SG	C
krókusi	krókus	N;INDF;DAT;SG	N;INDF;NOM;SG	C
útisundlaug	útisundlaugar	N;INDF;ACC;SG	N;INDF;GEN;SG	C
sárasóttina	sárasóttina	N;DEF;ACC;SG	N;DEF;ACC;SG	C
hvína	hvein	V;IND;PRS;3;PL	V;IND;PST;3;SG	C
búningana	búning	N;DEF;ACC;PL	N;INDF;ACC;SG	C
krossfara	krossfara	N;INDF;ACC;SG	N;INDF;GEN;PL	C
bifreiðirnar	bifreið	N;DEF;NOM;PL	N;INDF;ACC;SG	C
peningi	peninginn	N;INDF;DAT;SG	N;DEF;ACC;SG	C
endurnýjum	endurnýja	V;IND;PRS;1;PL	V;NFIN	C
lastmælir	lastmæla	V;SBJV;PRS;2;SG	V;NFIN	SRC_LEXICAL_ERROR
hatti	höttum	N;INDF;DAT;SG	N;INDF;DAT;PL	C
misskilnings	misskilningi	N;INDF;GEN;SG	N;INDF;DAT;SG	C
eðlum	eðla	N;INDF;DAT;PL	N;INDF;NOM;SG	C
prentuðuð	prentuðuð	V;SBJV;PST;2;PL	V;IND;PST;2;PL	C
sídd	síddum	N;INDF;ACC;SG	N;INDF;DAT;PL	C
hreima	hreim	N;INDF;ACC;PL	N;INDF;ACC;SG	C
brekkusóley	brekkusóleyjunum	N;INDF;ACC;SG	N;DEF;DAT;PL	C
leglinum	legils	N;DEF;DAT;SG	N;INDF;GEN;SG	C
menga	mengaði	V;NFIN	V;SBJV;PST;3;SG	C
tískurnar	tísku	N;DEF;ACC;PL	N;INDF;DAT;SG	C
vanheilagur	vanheilagan	V.PTCP;PST;NOM;SG	ADJ;ACC;SG	SRC_LEXICAL_ERROR;TGT_LEXICAL_ERROR
mögnum	magn	N;INDF;DAT;PL	N;INDF;NOM;SG	C
glönsum	glansi	V;SBJV;PST;1;PL	V;SBJV;PST;1;SG	C
viskí	viskíi	N;INDF;ACC;SG	N;INDF;DAT;SG	C
æðarblikans	æðarblika	N;DEF;GEN;SG	N;INDF;GEN;SG	C
blóðboga	blóðboga	N;INDF;ACC;PL	N;INDF;ACC;SG	C
formönnunum	formaðurinn	N;DEF;DAT;PL	N;DEF;NOM;SG	C
vændinu	vændis	N;DEF;DAT;SG	N;INDF;GEN;SG	C
skyldufræðinni	skyldufræði	N;DEF;DAT;SG	N;INDF;NOM;SG	C
kameljóns	kameljóns	N;INDF;GEN;SG	N;INDF;GEN;SG	C
kúturinn	kúts	N;DEF;NOM;SG	N;INDF;GEN;SG	C
úkraínsku	úkraínskan	N;INDF;DAT;SG	N;DEF;NOM;SG	C
höfnun	höfnunum	N;INDF;NOM;SG	N;INDF;DAT;PL	C
gildið	gildi	N;DEF;ACC;SG	N;INDF;DAT;SG	C
erfði	erfir	V;IND;PST;3;SG	V;SBJV;PRS;2;SG	C
afklæðum	afklæddir	V;IND;PRS;1;PL	V;IND;PST;2;SG	C
óvirti	óvirtir	N;INDF;DAT;SG	V;IND;PST;2;SG	SRC_LEXICAL_ERROR
musteranna	musterið	N;DEF;GEN;PL	N;DEF;NOM;SG	C
hólmi	hólminn	N;INDF;DAT;SG	N;DEF;ACC;SG	C
spilin	spil	N;DEF;ACC;PL	N;INDF;ACC;SG	C
trúarjátningunni	trúarjátningin	N;DEF;DAT;SG	N;DEF;NOM;SG	C
hjökkuðuð	hjökkuðuð	V;SBJV;PST;2;PL	V;IND;PST;2;PL	C
hýdratið	hýdrötum	N;DEF;ACC;SG	N;INDF;DAT;PL	C
skírlífu	skírlífar	N;INDF;GEN;SG	ADJ;NOM;PL	SRC_LEXICAL_ERROR
menguðu	mengar	V;SBJV;PST;3;PL	V;IND;PRS;2;SG	C
köngulónum	köngulóm	N;DEF;DAT;PL	N;INDF;DAT;PL	C
yfirheitin	yfirheita	N;DEF;NOM;PL	N;INDF;GEN;PL	C
sjússa	sjússunum	N;INDF;ACC;PL	N;DEF;DAT;PL	C
hæsinnar	hæsi	N;DEF;GEN;SG	N;INDF;NOM;SG	C
reyrar	reyrinn	N;INDF;NOM;PL	N;DEF;ACC;SG	C
fána	fána	N;INDF;ACC;SG	N;INDF;GEN;PL	C
vendir	vendir	V;SBJV;PRS;2;SG	V;SBJV;PRS;2;SG	C
tilreiknar	tilreiknast	ADJ;NOM;PL	V;IND;PRS;3;SG	SRC_LEXICAL_ERROR
abbadís	abbadís	N;INDF;DAT;SG	N;INDF;DAT;SG	C
fjölgyðistrúarinnar	fjölgyðistrúm	N;DEF;GEN;SG	N;INDF;DAT;PL	C
ríkdóms	ríkdómi	PRN;INDF;GEN;SG	N;INDF;DAT;SG	SRC_LEXICAL_ERROR
þöggum	þögguðu	V;IND;PRS;1;PL	V;SBJV;PST;3;PL	C
tæfunum	tæfu	N;DEF;DAT;PL	N;INDF;DAT;SG	C
væli	væla	V;SBJV;PST;1;SG	V;IND;PRS;3;PL	C
glasi	glas	N;INDF;DAT;SG	N;INDF;NOM;SG	C
kúfinn	kúfi	N;DEF;ACC;SG	N;INDF;DAT;SG	C
afklæða	afklæða	V;NFIN	V;IND;PRS;3;PL	C
bliku	blikum	N;INDF;DAT;SG	N;INDF;DAT;PL	C
hneyktuð	hneyktuð	V;SBJV;PST;2;PL	V;IND;PST;2;PL	C
skottulæknirinn	skottulækni	N;DEF;NOM;SG	N;INDF;ACC;SG	C
sjálfsmynd	sjálfsmyndina	N;INDF;DAT;SG	N;DEF;ACC;SG	C
pennavinunum	pennavinurinn	N;DEF;DAT;PL	N;DEF;NOM;SG	C
sífra	sífrar	V;NFIN	V;IND;PST;3;SG	C
tilreiknuð	tilreiknast	V;IND;PST;2;PL	V;IND;PRS;3;SG	SRC_LEXICAL_ERROR
efi	efaði	V;SBJV;PRS;1;SG	V;SBJV;PST;3;SG	C
aborra	aborra	N;INDF;ACC;PL	N;INDF;DAT;SG	C
kúbein	kúbeinunum	N;INDF;NOM;PL	N;DEF;DAT;PL	C
leikmannanna	leikmönnum	N;DEF;GEN;PL	N;INDF;DAT;PL	C
kjaftar	kjafta	N;INDF;NOM;PL	N;INDF;GEN;PL	C
tilreiknað	tilreiknuð	V.CVB	V;IND;PST;2;PL	SRC_LEXICAL_ERROR;TGT_LEXICAL_ERROR
rifrildisins	rifrildi	N;DEF;GEN;SG	N;INDF;NOM;SG	C
firði	fjörður	N;INDF;DAT;SG	N;INDF;NOM;SG	C
krydda	krydda	V;NFIN	V;NFIN	C
nýtir	nýtti	V;IND;PRS;2;SG	V;SBJV;PST;1;SG	C
þjónustuna	þjónustu	N;DEF;ACC;SG	N;INDF;ACC;SG	C
koki	koka	N;INDF;DAT;SG	N;INDF;GEN;PL	C
aborranna	aborra	N;DEF;GEN;PL	N;INDF;GEN;SG	C
settaug	settaugin	N;INDF;ACC;SG	N;DEF;NOM;SG	C
miða	miða	N;INDF;ACC;PL	N;INDF;GEN;SG	C
brauðin	brauð	N;DEF;ACC;PL	N;INDF;NOM;SG	C
lausnarinnar	lausnin	N;DEF;GEN;SG	N;DEF;NOM;SG	C
þerraði	þerrir	V;SBJV;PST;3;SG	V;SBJV;PRS;2;SG	C
poka	pokir	V;IND;PRS;3;PL	V;SBJV;PRS;2;SG	C
tómstundagamni	tómstundagamanið	N;INDF;DAT;SG	N;DEF;NOM;SG	C
samfund	samfundurinn	N;INDF;ACC;SG	N;DEF;NOM;SG	C
hávellunnar	hávellunum	N;DEF;GEN;SG	N;DEF;DAT;PL	C
krikkets	krikkets	N;INDF;GEN;SG	N;INDF;GEN;SG	C
lastmælin	lastmælir	ADJ;ACC;PL	V;SBJV;PRS;2;SG	SRC_LEXICAL_ERROR;TGT_LEXICAL_ERROR
