trygga	tryggade	V;IMP	ADJ;DEF;PL	C
krossades	krossade	V;PASS;IND;PST	ADJ;DEF;PL	C
hörsammades	hörsammade	V;PASS;IND;PST	ADJ;DEF;PL	C
stadier	stadiers	N;INDF;NOM;SG	N;INDF;GEN;PL	C
betrycktes	betrycktas	V;PASS;IND;PRS	ADJ;INDF;GEN;PL	C
korsfästes	korsfästa	V;PASS;IND;PRS	V;ACT;NFIN	C
släkterna	släkt	N;DEF;PL	N;INDF;NOM;SG	C
sticka	stickas	V;IMP	V;PASS;NFIN	C
skäres	skäras	V;PASS;IND;PRS	ADJ;INDF;GEN;PL	C
upptecknades	upptecknade	V;PASS;IND;PST	ADJ;DEF;PL	C
miste	mista	V.PTCP;PST	V;ACT;NFIN	C
avsöndrades	avsöndrade	V;PASS;IND;PST	ADJ;DEF;PL	C
skäres	skära	V;PASS;IND;PRS	V;ACT;NFIN	C
träffades	träffas	V;PASS;IND;PST	V;PASS;NFIN	C
plågades	plåga	V;PASS;IND;PST	V;IMP	C
uttåg	uttåget	N;INDF;NOM;SG	N;DEF;NOM;SG	C
skuggade	skugga	ADJ;DEF;PL	V;IMP	C
krossade	krossades	ADJ;DEF;PL	V;PASS;IND;PST	C
beten	betar	N;DEF;SG	V;ACT;IND;PRS	C
blåste	blåst	V;ACT;IND;PST	ADJ;INDF;NEUT;SG	C
år	året	N;INDF;NOM;SG	N;DEF;NOM;SG	C
förskräckt	förskräckte	ADJ;INDF;NEUT;SG	V;ACT;IND;PST	C
släkt	släktens	N;INDF;NOM;SG	N;DEF;GEN;SG	C
dyrkade	dyrkades	ADJ;DEF;PL	V;PASS;IND;PST	C
vände	vända	V;ACT;IND;PST	V;ACT;NFIN	C
förordnades	förordnade	V;PASS;IND;PST	ADJ;DEF;PL	C
glada	gladas	V;ACT;NFIN	ADJ;INDF;GEN;PL	C
dödas	dödades	V;PASS;NFIN	V;PASS;IND;PST	C
finne	finnes	V.PTCP;PST	V;PASS;IND;PRS	C
lamm	lamms	N;INDF;NOM;SG	N;INDF;GEN;PL	C
räknades	räknade	V;PASS;IND;PST	ADJ;DEF;PL	C
lovade	lovar	ADJ;DEF;PL	V;ACT;IND;PRS	C
talade	talades	ADJ;DEF;PL	V;PASS;IND;PST	C
ax	axet	N;INDF;NOM;SG	N;DEF;NOM;SG	C
fästas	fästes	ADJ;INDF;GEN;PL	V;PASS;IND;PRS	C
rov	rovet	N;INDF;NOM;SG	N;DEF;NOM;SG	C
palatset	palats	N;DEF;NOM;SG	N;INDF;NOM;SG	C
blodbadet	blodbad	N;DEF;NOM;SG	N;INDF;NOM;SG	C
hornet	horn	N;DEF;NOM;SG	N;INDF;NOM;SG	C
avskäres	avskära	V;PASS;IND;PRS	V;ACT;NFIN	C
Gudarna	Gud	N;DEF;NOM;PL	N;INDF;NOM;SG	C
stött	stötes	ADJ;INDF;NEUT;SG	V;PASS;IND;PRS	C
tårarna	tår	N;DEF;NOM;PL	N;INDF;NOM;SG	C
falle	falla	V.PTCP;PST	V;ACT;NFIN	C
uppgiva	uppgives	V;ACT;NFIN	V;PASS;IND;PRS	C
bäckarna	bäckens	N;DEF;NOM;PL	N;DEF;GEN;SG	C
vikt	vika	ADJ;INDF;NEUT;SG	V;ACT;NFIN	C
sätet	säte	N;DEF;NOM;SG	N;INDF;NOM;SG	C
uttåget	uttåg	N;DEF;NOM;SG	N;INDF;NOM;SG	C
kläder	klädde	V.CVB	V;ACT;IND;PST	C
förbud	förbudet	N;INDF;NOM;SG	N;DEF;NOM;SG	C
blotta	blottade	V;IMP	ADJ;DEF;PL	C
fadern	faders	ADJ;INDF;MASC+FEM;SG	N;INDF;GEN;SG	C
ingångarna	ingångens	N;DEF;NOM;PL	N;DEF;GEN;SG	C
anskaffade	anskaffades	ADJ;DEF;PL	V;PASS;IND;PST	C
upphöja	upphöjde	V;ACT;NFIN	V;ACT;IND;PST	C
gripa	gripes	V;ACT;NFIN	V;PASS;IND;PRS	C
betänkte	betänka	V;ACT;IND;PST	V;ACT;NFIN	C
smida	smides	V;ACT;NFIN	V;PASS;IND;PRS	C
ålägges	ålägga	V;PASS;IND;PRS	V;ACT;NFIN	C
löst	lösa	ADJ;INDF;NEUT;SG	V;ACT;NFIN	C
modet	mods	N;DEF;NOM;SG	N;INDF;GEN;PL	C
lamms	lammet	N;INDF;GEN;PL	N;DEF;NOM;SG	C
överdragna	överdragen	V;ACT;NFIN	ADJ;INDF;MASC+FEM;SG	C
avsatt	avsatte	ADJ;INDF;NEUT;SG	V;ACT;IND;PST	C
rört	röres	ADJ;INDF;NEUT;SG	V;PASS;IND;PRS	C
tillreds	tillredes	N;INDF;GEN;SG	V;PASS;IND;PRS	C
användas	användes	ADJ;INDF;GEN;PL	V;PASS;IND;PRS	C
förlåte	förlåta	V.PTCP;PST	V;ACT;NFIN	C
vetekornet	vetekorn	N;DEF;NOM;SG	N;INDF;NOM;SG	C
täckte	täckt	V;ACT;IND;PST	ADJ;INDF;NEUT;SG	C
minska	minskade	V;IMP	ADJ;DEF;PL	C
hemsökes	hemsöka	V;PASS;IND;PRS	V;ACT;NFIN	C
byggnadsverket	byggnadsverk	N;DEF;NOM;SG	N;INDF;NOM;SG	C
Vårt	Våra	ADJ;INDF;NEUT;SG	V;ACT;NFIN	C
förtryckt	förtrycka	ADJ;INDF;NEUT;SG	V;ACT;NFIN	C
stänkt	stänkes	ADJ;INDF;NEUT;SG	V;PASS;IND;PRS	C
följd	följande	V.PTCP;PST	V.PTCP;PRS	C
altaret	altare	N;DEF;NOM;SG	N;INDF;NOM;SG	C
kallas	kallades	V;PASS;NFIN	V;PASS;IND;PST	C
Israels	Israel	N;INDF;GEN;PL	N;INDF;NOM;SG	C
läras	lärt	ADJ;INDF;GEN;PL	ADJ;INDF;NEUT;SG	C
upplopp	upploppet	N;INDF;NOM;SG	N;DEF;NOM;SG	C
armen	arms	ADJ;INDF;MASC+FEM;SG	N;INDF;GEN;SG	C
uppbådades	uppbådade	V;PASS;IND;PST	ADJ;DEF;PL	C
spjutet	spjut	N;DEF;NOM;SG	N;INDF;NOM;SG	C
böjde	böja	V;ACT;IND;PST	V;ACT;NFIN	C
beskärt	beskäres	ADJ;INDF;NEUT;SG	V;PASS;IND;PRS	C
samlades	samlas	V;PASS;IND;PST	V;PASS;NFIN	C
Anas	Ana	ADJ;INDF;GEN;PL	V;ACT;NFIN	C
upprört	uppröres	ADJ;INDF;NEUT;SG	V;PASS;IND;PRS	C
säte	sätet	N;INDF;NOM;SG	N;DEF;NOM;SG	C
budet	buds	N;DEF;NOM;SG	N;INDF;GEN;PL	C
bedrage	bedraga	V.PTCP;PST	V;ACT;NFIN	C
dragna	dragen	V;ACT;NFIN	ADJ;INDF;MASC+FEM;SG	C
döva	dövas	V;IMP	V;PASS;NFIN	C
förströdda	förströdde	V;ACT;NFIN	V.PTCP;PST	C
strålande	strålade	ADJ;PRS	ADJ;DEF;PL	C
utfärdade	utfärdades	ADJ;DEF;PL	V;PASS;IND;PST	C
låret	lår	N;DEF;NOM;SG	N;INDF;NOM;SG	C
vrides	vrida	V;PASS;IND;PRS	V;ACT;NFIN	C
föreläses	föreläsa	V;PASS;IND;PRS	V;ACT;NFIN	C
mätt	mätte	ADJ;INDF;NEUT;SG	V;ACT;IND;PST	C
bälte	bältet	N;INDF;NOM;SG	N;DEF;NOM;SG	C
upplyste	upplysa	V;ACT;IND;PST	V;ACT;NFIN	C
röras	rört	ADJ;INDF;GEN;PL	ADJ;INDF;NEUT;SG	C
blygs	blygas	N;INDF;GEN;SG	ADJ;INDF;GEN;PL	C
upplysa	upplyste	V;ACT;NFIN	V;ACT;IND;PST	C
förlöst	förlösa	ADJ;INDF;NEUT;SG	V;ACT;NFIN	C
viskas	viska	V;PASS;NFIN	V;IMP	C
stilla	stillades	V;IMP	V;PASS;IND;PST	C
skurna	skuren	V;ACT;NFIN	ADJ;INDF;MASC+FEM;SG	C
bortförde	bortfört	V;ACT;IND;PST	ADJ;INDF;NEUT;SG	C
bjude	bjudes	V.PTCP;PST	V;PASS;IND;PRS	C
väcka	väckes	V;ACT;NFIN	V;PASS;IND;PRS	C
give	gives	V.PTCP;PST	V;PASS;IND;PRS	C
berömde	berömt	V;ACT;IND;PST	ADJ;INDF;NEUT;SG	C
modersskötet	moderssköte	N;DEF;NOM;SG	N;INDF;NOM;SG	C
vindarna	vind	N;DEF;NOM;PL	N;INDF;NOM;SG	C
dövas	döva	V;PASS;NFIN	V;IMP	C
ändamålet	ändamål	N;DEF;NOM;SG	N;INDF;NOM;SG	C
utsläckt	utsläcka	ADJ;INDF;NEUT;SG	V;ACT;NFIN	C
frätas	fräta	ADJ;INDF;GEN;PL	V;ACT;NFIN	C
vända	vände	V;ACT;NFIN	V;ACT;IND;PST	C
röres	röra	V;PASS;IND;PRS	V;ACT;NFIN	C
fylla	fyllde	V;ACT;NFIN	V;ACT;IND;PST	C
nederlaget	nederlag	N;DEF;NOM;SG	N;INDF;NOM;SG	C
kalla	kallades	V;IMP	V;PASS;IND;PST	C
tycka	tyckes	V;ACT;NFIN	V;PASS;IND;PRS	C
mördande	mördade	ADJ;PRS	ADJ;DEF;PL	C
hus	huset	N;INDF;NOM;SG	N;DEF;NOM;SG	C
våldföres	våldföra	V;PASS;IND;PRS	V;ACT;NFIN	C
utsprida	utspridde	V;ACT;NFIN	V;ACT;IND;PST	C
fört	föra	ADJ;INDF;NEUT;SG	V;ACT;NFIN	C
upplåtna	upplåten	V;ACT;NFIN	ADJ;INDF;MASC+FEM;SG	C
föres	föra	V;PASS;IND;PRS	V;ACT;NFIN	C
vakade	vaka	ADJ;DEF;PL	V;IMP	C
lutade	luta	ADJ;DEF;PL	V;IMP	C
agat	agas	V.CVB;ACT	V;PASS;NFIN	C
säkras	säkra	ADJ;INDF;GEN;PL	V;ACT;NFIN	C
hyllade	hylla	ADJ;DEF;PL	V;IMP	C
ringar	ringare	V;ACT;IND;PRS	N;INDF;NOM;PL	C
användes	användas	V;PASS;IND;PRS	ADJ;INDF;GEN;PL	C
skyddade	skydda	ADJ;DEF;PL	V;IMP	C
firades	firade	V;PASS;IND;PST	ADJ;DEF;PL	C
vingar	vingarna	N;INDF;PL	N;DEF;NOM;PL	C
kastades	kastade	V;PASS;IND;PST	ADJ;DEF;PL	C
aktade	aktades	ADJ;DEF;PL	V;PASS;IND;PST	C
invånare	invånares	N;INDF;NOM;SG	N;INDF;GEN;PL	C
omvände	omvända	V.PTCP;PST	V;ACT;NFIN	C
stenröse	stenröset	N;INDF;NOM;SG	N;DEF;NOM;SG	C
smälte	smälta	V.PTCP;PST	V;ACT;NFIN	C
blottade	blottades	ADJ;DEF;PL	V;PASS;IND;PST	C
förödes	föröda	V;PASS;IND;PRS	V;ACT;NFIN	C
förskräckte	förskräcka	V;ACT;IND;PST	V;ACT;NFIN	C
budord	budordet	N;INDF;NOM;SG	N;DEF;NOM;SG	C
nätet	nät	N;DEF;NOM;SG	N;INDF;NOM;SG	C
slaktdjur	slaktdjuret	N;INDF;NOM;SG	N;DEF;NOM;SG	C
antändas	antändes	ADJ;INDF;GEN;PL	V;PASS;IND;PRS	C
året	års	N;DEF;NOM;SG	N;INDF;GEN;PL	C
lider	lida	V.CVB	V;ACT;NFIN	C
förtryckta	förtrycktas	V;ACT;NFIN	ADJ;INDF;GEN;PL	C
nederlag	nederlaget	N;INDF;NOM;SG	N;DEF;NOM;SG	C
upprörd	upprört	V.PTCP;PST	ADJ;INDF;NEUT;SG	C
fästes	fästas	V;PASS;IND;PRS	ADJ;INDF;GEN;PL	C
visa	visade	V;IMP	ADJ;DEF;PL	C
invånares	invånare	N;INDF;GEN;PL	N;INDF;NOM;SG	C
bryta	brytes	V;ACT;NFIN	V;PASS;IND;PRS	C
bohag	bohaget	N;INDF;NOM;SG	N;DEF;NOM;SG	C
utsläcka	utsläckes	V;ACT;NFIN	V;PASS;IND;PRS	C
stärkt	stärka	ADJ;INDF;NEUT;SG	V;ACT;NFIN	C
valvet	valv	N;DEF;NOM;SG	N;INDF;NOM;SG	C
beta	betar	V;IMP	V;ACT;IND;PRS	C
tycke	tyckes	V.PTCP;PST	V;PASS;IND;PRS	C
belopp	beloppet	N;INDF;NOM;SG	N;DEF;NOM;SG	C
talade	talar	ADJ;DEF;PL	V;ACT;IND;PRS	C
böjd	böjt	V.PTCP;PST	ADJ;INDF;NEUT;SG	C
Visar	Visa	V;ACT;IND;PRS	V;IMP	C
man	mana	ADJ;INDF;MASC+FEM;SG	V;ACT;NFIN	C
lämnades	lämnade	V;PASS;IND;PST	ADJ;DEF;PL	C
täckas	täcka	ADJ;INDF;GEN;PL	V;ACT;NFIN	C
Folket	Folk	N;DEF;NOM;SG	N;INDF;NOM;SG	C
buds	bud	N;INDF;GEN;PL	N;INDF;NOM;SG	C
vändas	vändes	ADJ;INDF;GEN;PL	V;PASS;IND;PRS	C
jubelåret	jubelår	N;DEF;NOM;SG	N;INDF;NOM;SG	C
förgjordes	förgjorde	V;PASS;IND;PRS	V.PTCP;PST	C
ringa	ringas	V;IMP	V;PASS;NFIN	C
mönstrades	mönstrade	V;PASS;IND;PST	ADJ;DEF;PL	C
skölja	sköljes	V;ACT;NFIN	V;PASS;IND;PRS	C
förra	förras	V;ACT;NFIN	ADJ;INDF;GEN;PL	C
markens	marks	N;DEF;GEN;SG	N;INDF;GEN;PL	C
hämtades	hämtade	V;PASS;IND;PST	ADJ;DEF;PL	C
bortförd	bortfört	V.PTCP;PST	ADJ;INDF;NEUT;SG	C
ristade	rista	ADJ;DEF;PL	V;IMP	C
klädda	klädd	V;ACT;NFIN	V.PTCP;PST	C
föda	födes	V;ACT;NFIN	V;PASS;IND;PRS	C
mätte	mäta	V;ACT;IND;PST	V;ACT;NFIN	C
dyrkades	dyrkade	V;PASS;IND;PST	ADJ;DEF;PL	C
stadga	stadgar	V;IMP	V;ACT;IND;PRS	C
stillade	stillades	ADJ;DEF;PL	V;PASS;IND;PST	C
bortkastade	bortkastat	V;ACT;IND;PST	ADJ;INDF;NEUT;SG	C
söks	sökte	N;INDF;GEN;SG	V;ACT;IND;PST	C
förtryckes	förtrycka	V;PASS;IND;PRS	V;ACT;NFIN	C
avsöndrade	avsöndrades	ADJ;DEF;PL	V;PASS;IND;PST	C
marks	markens	N;INDF;GEN;PL	N;DEF;GEN;SG	C
friköpt	friköpa	ADJ;INDF;NEUT;SG	V;ACT;NFIN	C
böjt	böjde	ADJ;INDF;NEUT;SG	V;ACT;IND;PST	C
födas	föda	ADJ;INDF;GEN;PL	V;ACT;NFIN	C
torn	tornet	N;INDF;NOM;SG	N;DEF;NOM;SG	C
aktades	aktade	V;PASS;IND;PST	ADJ;DEF;PL	C
påbudet	påbud	N;DEF;NOM;SG	N;INDF;NOM;SG	C
läsa	läses	V;ACT;NFIN	V;PASS;IND;PRS	C
pålägges	pålägga	V;PASS;IND;PRS	V;ACT;NFIN	C
bete	beta	ADJ;DEF;MASC;SG	V;IMP	C
förstöres	förstöra	V;PASS;IND;PRS	V;ACT;NFIN	C
många	mången	V;ACT;NFIN	ADJ;INDF;MASC+FEM;SG	C
Landet	Land	N;DEF;NOM;SG	N;INDF;NOM;SG	C
klövarna	klöv	N;DEF;NOM;PL	N;INDF;NOM;SG	C
födde	föda	V;ACT;IND;PST	V;ACT;NFIN	C
utgöres	utgöra	V;PASS;IND;PRS	V;ACT;NFIN	C
insatte	insatt	V;ACT;IND;PST	ADJ;INDF;NEUT;SG	C
rädd	rädda	V.PTCP;PST	V;ACT;NFIN	C
bortförda	bortfört	V;ACT;NFIN	ADJ;INDF;NEUT;SG	C
styrkes	styrka	V;PASS;IND;PRS	V;ACT;NFIN	C
hälsades	hälsa	V;PASS;IND;PST	V;IMP	C
ringas	ringa	V;PASS;NFIN	V;IMP	C
visas	vise	V;PASS;NFIN	ADJ;DEF;MASC;SG	C
Talar	Tala	V;ACT;IND;PRS	V;IMP	C
inställa	inställde	V;ACT;NFIN	V;ACT;IND;PST	C
renade	renas	ADJ;DEF;PL	V;PASS;NFIN	C
plågas	plåga	V;PASS;NFIN	V;IMP	C
sabbaterna	sabbat	N;DEF;PL	N;INDF;NOM;SG	C
föda	födde	V;ACT;NFIN	V;ACT;IND;PST	C
öppnades	öppnade	V;PASS;IND;PST	ADJ;DEF;PL	C
upphöjt	upphöjde	ADJ;INDF;NEUT;SG	V;ACT;IND;PST	C
täcke	täckt	V.PTCP;PST	ADJ;INDF;NEUT;SG	C
förfares	förfara	V;PASS;IND;PRS	V;ACT;NFIN	C
uppbådade	uppbådades	ADJ;DEF;PL	V;PASS;IND;PST	C
fästa	fästes	V;ACT;NFIN	V;PASS;IND;PRS	C
fören	föres	ADJ;INDF;MASC+FEM;SG	V;PASS;IND;PRS	C
fria	friade	V;IMP	ADJ;DEF;PL	C
anställda	anställde	V;ACT;NFIN	V;ACT;IND;PST	C
bäre	bära	V.PTCP;PST	V;ACT;NFIN	C
rättfärdigas	rättfärdiga	ADJ;INDF;GEN;PL	V;ACT;NFIN	C
ätes	äta	V;PASS;IND;PRS	V;ACT;NFIN	C
upphöjt	upphöja	ADJ;INDF;NEUT;SG	V;ACT;NFIN	C
böjt	böjes	ADJ;INDF;NEUT;SG	V;PASS;IND;PRS	C
täcka	täckes	V;ACT;NFIN	V;PASS;IND;PRS	C
vann	vanna	ADJ;INDF;MASC+FEM;SG	V;ACT;NFIN	C
klövs	klöv	N;INDF;GEN;PL	N;INDF;NOM;SG	C
marks	mark	N;INDF;GEN;PL	N;INDF;NOM;SG	C
förbjuda	förbjudes	V;ACT;NFIN	V;PASS;IND;PRS	C
fyllt	fyllde	ADJ;INDF;NEUT;SG	V;ACT;IND;PST	C
grannarna	granne	N;DEF;NOM;PL	N;INDF;NOM;SG	C
lidande	liden	V.PTCP;PRS	ADJ;INDF;MASC+FEM;SG	C
stycke	stycken	ADJ;DEF;MASC;SG	N;DEF;SG	C
slagna	slagen	V;ACT;NFIN	ADJ;INDF;MASC+FEM;SG	C
försåtet	försåt	N;DEF;NOM;SG	N;INDF;NOM;SG	C
upprätta	upprättades	V;IMP	V;PASS;IND;PST	C
sena	sen	V;ACT;NFIN	ADJ;INDF;MASC+FEM;SG	C
visade	visa	ADJ;DEF;PL	V;IMP	C
vallar	valla	V;ACT;IND;PRS	V;IMP	C
förlikt	förlika	ADJ;INDF;NEUT;SG	V;ACT;NFIN	C
stall	stallet	N;INDF;NOM;SG	N;DEF;NOM;SG	C
Både	Båda	V.PTCP;PST	V;ACT;NFIN	C
axet	ax	N;DEF;NOM;SG	N;INDF;NOM;SG	C
sträckt	sträcka	ADJ;INDF;NEUT;SG	V;ACT;NFIN	C
fattat	fattades	V.CVB;ACT	V;PASS;IND;PST	C
våld	våldet	N;INDF;NOM;SG	N;DEF;NOM;SG	C
förbytt	förbytes	ADJ;INDF;NEUT;SG	V;PASS;IND;PRS	C
beredde	bereda	V;ACT;IND;PST	V;ACT;NFIN	C
blåses	blåste	V;PASS;IND;PRS	V;ACT;IND;PST	C
väckas	väckt	ADJ;INDF;GEN;PL	ADJ;INDF;NEUT;SG	C
nedbryta	nedbrytes	V;ACT;NFIN	V;PASS;IND;PRS	C
fyllda	fylld	V;ACT;NFIN	V.PTCP;PST	C
tränga	trängde	V;ACT;NFIN	V;ACT;IND;PST	C
läses	läsa	V;PASS;IND;PRS	V;ACT;NFIN	C
täckas	täckt	ADJ;INDF;GEN;PL	ADJ;INDF;NEUT;SG	C
dolda	dolde	V;ACT;NFIN	V.PTCP;PST	C
beskära	beskäres	V;ACT;NFIN	V;PASS;IND;PRS	C
mäta	mätte	V;ACT;NFIN	V;ACT;IND;PST	C
fyllt	fylla	ADJ;INDF;NEUT;SG	V;ACT;NFIN	C
lyftes	lyfta	V;PASS;IND;PRS	V;ACT;NFIN	C
sjuke	sjukt	V.PTCP;PST	ADJ;INDF;NEUT;SG	C
uppväckt	uppväcka	ADJ;INDF;NEUT;SG	V;ACT;NFIN	C
bygges	bygga	V;PASS;IND;PRS	V;ACT;NFIN	C
moderliv	moderlivet	N;INDF;NOM;SG	N;DEF;NOM;SG	C
avvända	avvändes	V;ACT;NFIN	V;PASS;IND;PRS	C
förskräckte	förskräckt	V;ACT;IND;PST	ADJ;INDF;NEUT;SG	C
trycka	tryckte	V;ACT;NFIN	V;ACT;IND;PST	C
segrar	segrare	V;ACT;IND;PRS	N;INDF;NOM;PL	C
betade	beta	ADJ;DEF;PL	V;IMP	C
format	formade	V.CVB;ACT	ADJ;DEF;PL	C
höljes	hölja	V;PASS;IND;PRS	V;ACT;NFIN	C
frambäres	frambära	V;PASS;IND;PRS	V;ACT;NFIN	C
trälarbete	trälarbetet	N;INDF;NOM;SG	N;DEF;NOM;SG	C
handlade	handla	ADJ;DEF;PL	V;IMP	C
kläder	kläda	V.CVB	V;ACT;NFIN	C
behövs	behöva	N;INDF;GEN;SG	V;ACT;NFIN	C
utgjutes	utgjuta	V;PASS;IND;PRS	V;ACT;NFIN	C
beskärda	beskärde	V;ACT;NFIN	V;ACT;IND;PST	C
ökade	ökades	ADJ;DEF;PL	V;PASS;IND;PST	C
kända	kände	V;ACT;NFIN	V.PTCP;PST	C
höljas	höljes	ADJ;INDF;GEN;PL	V;PASS;IND;PRS	C
enas	ena	ADJ;INDF;GEN;PL	V;ACT;NFIN	C
förbytt	förbyta	ADJ;INDF;NEUT;SG	V;ACT;NFIN	C
ära	äras	V;IMP	V;PASS;NFIN	C
hålla	hålles	V;ACT;NFIN	V;PASS;IND;PRS	C
visen	vise	N;DEF;SG	ADJ;DEF;MASC;SG	C
trängd	trängt	V.PTCP;PST	ADJ;INDF;NEUT;SG	C
rikes	rikt	V;PASS;IND;PRS	ADJ;INDF;NEUT;SG	C
predikades	predikade	V;PASS;IND;PST	ADJ;DEF;PL	C
utbredda	utbredde	V;ACT;NFIN	V;ACT;IND;PST	C
moderlivet	moderliv	N;DEF;NOM;SG	N;INDF;NOM;SG	C
böjde	böjt	V;ACT;IND;PST	ADJ;INDF;NEUT;SG	C
kännes	känna	V;PASS;IND;PRS	V;ACT;NFIN	C
tillreda	tillredes	V;ACT;NFIN	V;PASS;IND;PRS	C
Hagar	Hagars	N;INDF;NOM;SG	N;INDF;GEN;PL	C
bitarna	bitens	N;DEF;NOM;PL	N;DEF;GEN;SG	C
förstörda	förstörd	V;ACT;NFIN	V.PTCP;PST	C
fattades	fattade	V;PASS;IND;PST	ADJ;DEF;PL	C
sårade	sårande	ADJ;DEF;PL	ADJ;PRS	C
förgöra	förgöres	V;ACT;NFIN	V;PASS;IND;PRS	C
kokte	kokt	V;ACT;IND;PST	ADJ;INDF;NEUT;SG	C
gemak	gemaket	N;INDF;NOM;SG	N;DEF;NOM;SG	C
utbyta	utbytte	V;ACT;NFIN	V;ACT;IND;PST	C
kalla	kallade	V;IMP	ADJ;DEF;PL	C
mister	mista	V.CVB	V;ACT;NFIN	C
trängt	tränga	ADJ;INDF;NEUT;SG	V;ACT;NFIN	C
tagna	tagen	V;ACT;NFIN	ADJ;INDF;MASC+FEM;SG	C
Antikrists	Antikrist	N;INDF;GEN;PL	N;INDF;NOM;SG	C
förskingrade	förskingrades	ADJ;DEF;PL	V;PASS;IND;PST	C
domar	domarna	N;INDF;PL	N;DEF;NOM;PL	C
täckte	täckes	V;ACT;IND;PST	V;PASS;IND;PRS	C
namnet	namns	N;DEF;NOM;SG	N;INDF;GEN;PL	C
läras	lärde	ADJ;INDF;GEN;PL	V;ACT;IND;PST	C
stormade	stormades	ADJ;DEF;PL	V;PASS;IND;PST	C
tage	tages	V.PTCP;PST	V;PASS;IND;PRS	C
nära	närande	V;IMP	ADJ;PRS	C
agade	agas	ADJ;DEF;PL	V;PASS;NFIN	C
stengolv	stengolvet	N;INDF;NOM;SG	N;DEF;NOM;SG	C
ordspråket	ordspråk	N;DEF;NOM;SG	N;INDF;NOM;SG	C
nämnde	nämnes	V;ACT;IND;PST	V;PASS;IND;PRS	C
sports	sport	N;INDF;GEN;PL	N;INDF;NOM;SG	C
mötes	möta	V;PASS;IND;PRS	V;ACT;NFIN	C
beskäres	beskära	V;PASS;IND;PRS	V;ACT;NFIN	C
drivna	driven	V;ACT;NFIN	ADJ;INDF;MASC+FEM;SG	C
tage	taga	V.PTCP;PST	V;ACT;NFIN	C
rötterna	rötter	N;DEF;PL	N;INDF;PL	C
smälta	smältes	V;ACT;NFIN	V;PASS;IND;PRS	C
behövs	behöves	N;INDF;GEN;SG	V;PASS;IND;PRS	C
skilda	skilde	V;ACT;NFIN	V.PTCP;PST	C
skära	skäres	V;ACT;NFIN	V;PASS;IND;PRS	C
uppsatta	uppsatte	V;ACT;NFIN	V.PTCP;PST	C
sökte	sökt	V;ACT;IND;PST	ADJ;INDF;NEUT;SG	C
budens	bud	N;DEF;GEN;SG	N;INDF;NOM;SG	C
förbudet	förbud	N;DEF;NOM;SG	N;INDF;NOM;SG	C
hjälpt	hjälpa	ADJ;INDF;NEUT;SG	V;ACT;NFIN	C
brännsår	brännsåret	N;INDF;NOM;SG	N;DEF;NOM;SG	C
drype	drypa	V.PTCP;PST	V;ACT;NFIN	C
vänt	vände	ADJ;INDF;NEUT;SG	V;ACT;IND;PST	C
armodet	armod	N;DEF;NOM;SG	N;INDF;NOM;SG	C
utplånade	utplånades	ADJ;DEF;PL	V;PASS;IND;PST	C
tusentals	tusental	N;INDF;GEN;PL	N;INDF;NOM;SG	C
besökt	besöka	ADJ;INDF;NEUT;SG	V;ACT;NFIN	C
lidandet	lidandes	ADJ;INDF;NEUT;SG	N;INDF;GEN;SG	C
ödmjukade	ödmjuka	ADJ;DEF;PL	V;IMP	C
sons	son	N;INDF;GEN;PL	N;INDF;NOM;SG	C
blottades	blottas	V;PASS;IND;PST	V;PASS;NFIN	C
förrådshuset	förrådshus	N;DEF;NOM;SG	N;INDF;NOM;SG	C
rättas	rätta	V;PASS;NFIN	V;IMP	C
täckt	täckte	ADJ;INDF;NEUT;SG	V;ACT;IND;PST	C
utbytte	utbyta	V;ACT;IND;PST	V;ACT;NFIN	C
stötte	stöta	V;ACT;IND;PST	V;ACT;NFIN	C
bohaget	bohag	N;DEF;NOM;SG	N;INDF;NOM;SG	C
ed	edens	N;INDF;NOM;SG	N;DEF;GEN;SG	C
förkunnade	förkunnades	ADJ;DEF;PL	V;PASS;IND;PST	C
täcka	täckt	V;ACT;NFIN	ADJ;INDF;NEUT;SG	C
väckes	väcka	V;PASS;IND;PRS	V;ACT;NFIN	C
omfånget	omfång	N;DEF;NOM;SG	N;INDF;NOM;SG	C
bundna	bunden	V;ACT;NFIN	ADJ;INDF;MASC+FEM;SG	C
skålarna	skål	N;DEF;NOM;PL	N;INDF;NOM;SG	C
omskära	omskäres	V;ACT;NFIN	V;PASS;IND;PRS	C
väns	vänt	N;INDF;GEN;SG	ADJ;INDF;NEUT;SG	C
plåga	plågas	V;IMP	V;PASS;NFIN	C
tjänade	tjäna	ADJ;DEF;PL	V;IMP	C
arks	ark	N;INDF;GEN;PL	N;INDF;NOM;SG	C
många	mångas	V;ACT;NFIN	ADJ;INDF;GEN;PL	C
församlade	församlas	ADJ;DEF;PL	V;PASS;NFIN	C
mark	marks	N;INDF;NOM;SG	N;INDF;GEN;PL	C
stillas	stillades	V;PASS;NFIN	V;PASS;IND;PST	C
stillades	stilla	V;PASS;IND;PST	V;IMP	C
Stället	Ställ	N;DEF;NOM;SG	N;INDF;NOM;SG	C
funna	funne	V;ACT;NFIN	V.PTCP;PST	C
blotta	blottades	V;IMP	V;PASS;IND;PST	C
skäras	skära	ADJ;INDF;GEN;PL	V;ACT;NFIN	C
hölje	hölja	V.PTCP;PST	V;ACT;NFIN	C
förbyta	förbytes	V;ACT;NFIN	V;PASS;IND;PRS	C
vars	vara	N;INDF;GEN;SG	V;ACT;NFIN	C
Ord	Ordet	N;INDF;NOM;SG	N;DEF;NOM;SG	C
plåga	plågades	V;IMP	V;PASS;IND;PST	C
skarpa	skarpt	V;ACT;NFIN	ADJ;INDF;NEUT;SG	C
rest	resa	ADJ;INDF;NEUT;SG	V;ACT;NFIN	C
tryggade	trygga	ADJ;DEF;PL	V;IMP	C
drive	driven	V.PTCP;PST	ADJ;INDF;MASC+FEM;SG	C
altare	altaret	N;INDF;NOM;SG	N;DEF;NOM;SG	C
betryckt	betryckte	ADJ;INDF;NEUT;SG	V;ACT;IND;PST	C
Vare	Vars	V.PTCP;PST	N;INDF;GEN;SG	C
fyllda	fyllde	V;ACT;NFIN	V;ACT;IND;PST	C
nämnes	nämnde	V;PASS;IND;PRS	V;ACT;IND;PST	C
klövs	klövarna	N;INDF;GEN;PL	N;DEF;NOM;PL	C
stänkes	stänka	V;PASS;IND;PRS	V;ACT;NFIN	C
platserna	plats	N;DEF;PL	N;INDF;NOM;SG	C
vätas	väta	ADJ;INDF;GEN;PL	V;ACT;NFIN	C
viskade	viska	ADJ;DEF;PL	V;IMP	C
smides	smida	V;PASS;IND;PRS	V;ACT;NFIN	C
snärjas	snärja	ADJ;INDF;GEN;PL	V;ACT;NFIN	C
gömmas	gömma	ADJ;INDF;GEN;PL	V;ACT;NFIN	C
marker	mark	N;INDF;PL	N;INDF;NOM;SG	C
uppenbarades	uppenbarade	V;PASS;IND;PST	ADJ;DEF;PL	C
fallen	falls	ADJ;INDF;MASC+FEM;SG	N;INDF;GEN;SG	C
förrättade	förrättades	ADJ;DEF;PL	V;PASS;IND;PST	C
tränges	trängde	V;PASS;IND;PRS	V;ACT;IND;PST	C
vanärade	vanära	ADJ;DEF;PL	V;IMP	C
försonade	försonas	ADJ;DEF;PL	V;PASS;NFIN	C
mången	mångas	ADJ;INDF;MASC+FEM;SG	ADJ;INDF;GEN;PL	C
korsfästa	korsfästes	V;ACT;NFIN	V;PASS;IND;PRS	C
förvarades	förvarade	V;PASS;IND;PST	ADJ;DEF;PL	C
upptagna	upptagen	V;ACT;NFIN	ADJ;INDF;MASC+FEM;SG	C
upptaga	upptages	V;ACT;NFIN	V;PASS;IND;PRS	C
lamms	lamm	N;INDF;GEN;PL	N;INDF;NOM;SG	C
använda	användes	V;ACT;NFIN	V;PASS;IND;PRS	C
brevet	brev	N;DEF;NOM;SG	N;INDF;NOM;SG	C
beställt	beställa	ADJ;INDF;NEUT;SG	V;ACT;NFIN	C
täckas	täckte	ADJ;INDF;GEN;PL	V;ACT;IND;PST	C
grav	gravarna	N;INDF;NOM;SG	N;DEF;NOM;PL	C
knyte	knyta	V.PTCP;PST	V;ACT;NFIN	C
folk	folket	N;INDF;NOM;SG	N;DEF;NOM;SG	C
upptändes	upptändas	V;PASS;IND;PRS	ADJ;INDF;GEN;PL	C
rovet	rov	N;DEF;NOM;SG	N;INDF;NOM;SG	C
styrka	styrkes	V;ACT;NFIN	V;PASS;IND;PRS	C
upptecknade	upptecknades	ADJ;DEF;PL	V;PASS;IND;PST	C
skål	skålarna	N;INDF;NOM;SG	N;DEF;NOM;PL	C
fattades	fattas	V;PASS;IND;PST	V;PASS;NFIN	C
klagade	klagande	ADJ;DEF;PL	ADJ;PRS	C
kalla	kallas	V;IMP	V;PASS;NFIN	C
upplöst	upplösa	ADJ;INDF;NEUT;SG	V;ACT;NFIN	C
täcka	täckas	V;ACT;NFIN	ADJ;INDF;GEN;PL	C
damm	dammarna	N;INDF;NOM;SG	N;DEF;NOM;PL	C
beskärda	beskärt	V;ACT;NFIN	ADJ;INDF;NEUT;SG	C
rykte	ryka	V;ACT;IND;PST	V;ACT;NFIN	C
bud	buds	N;INDF;NOM;SG	N;INDF;GEN;PL	C
fattat	fattas	V.CVB;ACT	V;PASS;NFIN	C
bytte	byta	V;ACT;IND;PST	V;ACT;NFIN	C
blottades	blotta	V;PASS;IND;PST	V;IMP	C
betryckte	betryckt	V;ACT;IND;PST	ADJ;INDF;NEUT;SG	C
utkräva	utkräves	V;ACT;NFIN	V;PASS;IND;PRS	C
tabernakels	tabernakel	N;INDF;GEN;PL	N;INDF;NOM;SG	C
fäste	fästes	V.PTCP;PST	V;PASS;IND;PRS	C
torkade	torka	ADJ;DEF;PL	V;IMP	C
lyfta	lyftas	V;ACT;NFIN	ADJ;INDF;GEN;PL	C
smide	smides	V.PTCP;PST	V;PASS;IND;PRS	C
avvändes	avvända	V;PASS;IND;PRS	V;ACT;NFIN	C
korsfästa	korsfästas	V;ACT;NFIN	ADJ;INDF;GEN;PL	C
bältet	bälte	N;DEF;NOM;SG	N;INDF;NOM;SG	C
oxarna	oxens	N;DEF;NOM;PL	N;DEF;GEN;SG	C
hindrade	hindrades	ADJ;DEF;PL	V;PASS;IND;PST	C
fiskade	fiskar	ADJ;DEF;PL	V;ACT;IND;PRS	C
ringa	ringar	V;IMP	V;ACT;IND;PRS	C
offrade	offrades	ADJ;DEF;PL	V;PASS;IND;PST	C
område	området	N;INDF;NOM;SG	N;DEF;NOM;SG	C
böja	böjes	V;ACT;NFIN	V;PASS;IND;PRS	C
renat	renade	V.CVB;ACT	ADJ;DEF;PL	C
betänkt	betänkte	ADJ;INDF;NEUT;SG	V;ACT;IND;PST	C
utsända	utsändes	V;ACT;NFIN	V;PASS;IND;PRS	C
borgen	borgar	N;DEF;SG	V;ACT;IND;PRS	C
födde	födes	V;ACT;IND;PST	V;PASS;IND;PRS	C
övrigt	övrigas	ADJ;INDF;NEUT;SG	ADJ;INDF;GEN;PL	C
helade	helas	ADJ;DEF;PL	V;PASS;NFIN	C
saknas	saknade	N;INDF;GEN;SG	V;ACT;IND;PST	C
handlar	handla	V;ACT;IND;PRS	V;IMP	C
upphöjde	upphöjt	V;ACT;IND;PST	ADJ;INDF;NEUT;SG	C
hålles	hålla	V;PASS;IND;PRS	V;ACT;NFIN	C
vände	vänt	V;ACT;IND;PST	ADJ;INDF;NEUT;SG	C
väckas	väcka	ADJ;INDF;GEN;PL	V;ACT;NFIN	C
äta	ätes	V;ACT;NFIN	V;PASS;IND;PRS	C
berömda	berömde	V;ACT;NFIN	V;ACT;IND;PST	C
förvandlade	förvandlades	ADJ;DEF;PL	V;PASS;IND;PST	C
upphäva	upphäves	V;ACT;NFIN	V;PASS;IND;PRS	C
sålda	sålde	V;ACT;NFIN	V.PTCP;PST	C
lösa	löst	V;ACT;NFIN	ADJ;INDF;NEUT;SG	C
anklagades	anklagade	V;PASS;IND;PST	ADJ;DEF;PL	C
rövade	rövar	ADJ;DEF;PL	V;ACT;IND;PRS	C
sändas	sända	ADJ;INDF;GEN;PL	V;ACT;NFIN	C
blygas	blyges	ADJ;INDF;GEN;PL	V;PASS;IND;PRS	C
lår	låret	N;INDF;NOM;SG	N;DEF;NOM;SG	C
förståndet	förstånd	N;DEF;NOM;SG	N;INDF;NOM;SG	C
stänkt	stänka	ADJ;INDF;NEUT;SG	V;ACT;NFIN	C
vänd	vända	V.PTCP;PST	V;ACT;NFIN	C
omskäres	omskära	V;PASS;IND;PRS	V;ACT;NFIN	C
Ställ	Stället	N;INDF;NOM;SG	N;DEF;NOM;SG	C
fäste	fästas	V.PTCP;PST	ADJ;INDF;GEN;PL	C
bevarade	bevarades	ADJ;DEF;PL	V;PASS;IND;PST	C
viskade	viskas	ADJ;DEF;PL	V;PASS;NFIN	C
spridde	sprida	V;ACT;IND;PST	V;ACT;NFIN	C
torg	torget	N;INDF;NOM;SG	N;DEF;NOM;SG	C
Ester	Esters	N;INDF;NOM;SG	N;INDF;GEN;PL	C
döpt	döpa	ADJ;INDF;NEUT;SG	V;ACT;NFIN	C
äte	ätes	V.PTCP;PST	V;PASS;IND;PRS	C
våldet	våld	N;DEF;NOM;SG	N;INDF;NOM;SG	C
mönstrade	mönstrades	ADJ;DEF;PL	V;PASS;IND;PST	C
vägs	väges	N;INDF;GEN;SG	V;PASS;IND;PRS	C
dräpes	dräpa	V;PASS;IND;PRS	V;ACT;NFIN	C
uppenbaras	uppenbarades	V;PASS;NFIN	V;PASS;IND;PST	C
benet	ben	N;DEF;NOM;SG	N;INDF;NOM;SG	C
året	år	N;DEF;NOM;SG	N;INDF;NOM;SG	C
skött	sköta	ADJ;INDF;NEUT;SG	V;ACT;NFIN	C
agat	agade	V.CVB;ACT	ADJ;DEF;PL	C
stilla	stillas	V;IMP	V;PASS;NFIN	C
räddas	räddades	V;PASS;NFIN	V;PASS;IND;PST	C
pålägga	pålägges	V;ACT;NFIN	V;PASS;IND;PRS	C
Land	Landet	N;INDF;NOM;SG	N;DEF;NOM;SG	C
fördärvade	fördärvades	ADJ;DEF;PL	V;PASS;IND;PST	C
bära	bäres	V;ACT;NFIN	V;PASS;IND;PRS	C
utrönt	utröna	ADJ;INDF;NEUT;SG	V;ACT;NFIN	C
oxens	oxarna	N;DEF;GEN;SG	N;DEF;NOM;PL	C
sänkt	sänka	ADJ;INDF;NEUT;SG	V;ACT;NFIN	C
klädda	klädde	V;ACT;NFIN	V;ACT;IND;PST	C
bortförda	bortförd	V;ACT;NFIN	V.PTCP;PST	C
ålägga	ålägges	V;ACT;NFIN	V;PASS;IND;PRS	C
manades	manade	V;PASS;IND;PST	ADJ;DEF;PL	C
fattas	fattades	V;PASS;NFIN	V;PASS;IND;PST	C
lärd	lärt	V.PTCP;PST	ADJ;INDF;NEUT;SG	C
rört	röra	ADJ;INDF;NEUT;SG	V;ACT;NFIN	C
manade	manades	ADJ;DEF;PL	V;PASS;IND;PST	C
öst	ösa	ADJ;INDF;NEUT;SG	V;ACT;NFIN	C
drivas	drives	ADJ;INDF;GEN;PL	V;PASS;IND;PRS	C
skapades	skapade	V;PASS;IND;PST	ADJ;DEF;PL	C
nästas	nästa	ADJ;INDF;GEN;PL	V;ACT;NFIN	C
avsatserna	avsats	N;DEF;PL	N;INDF;NOM;SG	C
ordspråk	ordspråket	N;INDF;NOM;SG	N;DEF;NOM;SG	C
bara	bars	V;ACT;NFIN	N;INDF;GEN;SG	C
domarna	dom	N;DEF;NOM;PL	N;INDF;NOM;SG	C
stupade	stupa	ADJ;DEF;PL	V;IMP	C
beskärde	beskärt	V;ACT;IND;PST	ADJ;INDF;NEUT;SG	C
fåren	fårs	ADJ;INDF;MASC+FEM;SG	N;INDF;GEN;SG	C
samlas	samlades	V;PASS;NFIN	V;PASS;IND;PST	C
visas	visar	V;PASS;NFIN	V;ACT;IND;PRS	C
bestämda	bestämde	V;ACT;NFIN	V.PTCP;PST	C
hela	helas	V;IMP	V;PASS;NFIN	C
förbundet	förbund	N;DEF;NOM;SG	N;INDF;NOM;SG	C
upprättades	upprättade	V;PASS;IND;PST	ADJ;DEF;PL	C
sky	skyarna	N;INDF;NOM;SG	N;DEF;NOM;PL	C
brytes	bryta	V;PASS;IND;PRS	V;ACT;NFIN	C
stillas	stilla	V;PASS;NFIN	V;IMP	C
bortföra	bortförde	V;ACT;NFIN	V;ACT;IND;PST	C
skada	skadade	V;IMP	ADJ;DEF;PL	C
frågade	fråga	ADJ;DEF;PL	V;IMP	C
plugg	pluggarna	N;INDF;NOM;SG	N;DEF;NOM;PL	C
taga	tages	V;ACT;NFIN	V;PASS;IND;PRS	C
gjordes	gjorda	V;PASS;IND;PRS	V;ACT;NFIN	C
års	år	N;INDF;GEN;PL	N;INDF;NOM;SG	C
uppgives	uppgiva	V;PASS;IND;PRS	V;ACT;NFIN	C
fält	fältet	N;INDF;NOM;SG	N;DEF;NOM;SG	C
seendes	seende	N;INDF;GEN;PL	N;INDF;NOM;SG	C
löftet	löfte	N;DEF;NOM;SG	N;INDF;NOM;SG	C
förtäres	förtära	V;PASS;IND;PRS	V;ACT;NFIN	C
höra	höres	V;ACT;NFIN	V;PASS;IND;PRS	C
dyrkades	dyrkar	V;PASS;IND;PST	V;ACT;IND;PRS	C
skylde	skylt	V;ACT;IND;PST	ADJ;INDF;NEUT;SG	C
renas	renade	V;PASS;NFIN	ADJ;DEF;PL	C
väckt	väcka	ADJ;INDF;NEUT;SG	V;ACT;NFIN	C
eder	ed	N;INDF;PL	N;INDF;NOM;SG	C
sätta	sättes	V;ACT;NFIN	V;PASS;IND;PRS	C
togs	tog	N;INDF;GEN;PL	N;INDF;NOM;SG	C
släktet	släkte	N;DEF;NOM;SG	N;INDF;NOM;SG	C
lägges	lägga	V;PASS;IND;PRS	V;ACT;NFIN	C
struts	strutsarna	N;INDF;NOM;SG	N;DEF;NOM;PL	C
aga	agas	V;IMP	V;PASS;NFIN	C
slån	slås	ADJ;INDF;MASC+FEM;SG	N;INDF;GEN;SG	C
föra	föres	V;ACT;NFIN	V;PASS;IND;PRS	C
fylld	fyllt	V.PTCP;PST	ADJ;INDF;NEUT;SG	C
vårdar	vårdare	V;ACT;IND;PRS	N;INDF;NOM;PL	C
uppförd	uppfört	V.PTCP;PST	ADJ;INDF;NEUT;SG	C
draga	drages	V;ACT;NFIN	V;PASS;IND;PRS	C
förstörde	förstöra	V;ACT;IND;PST	V;ACT;NFIN	C
utplånades	utplånade	V;PASS;IND;PST	ADJ;DEF;PL	C
Simmas	Simma	ADJ;INDF;GEN;PL	V;ACT;NFIN	C
betryckta	betrycktas	V;ACT;NFIN	ADJ;INDF;GEN;PL	C
undantagna	undantagen	V;ACT;NFIN	ADJ;INDF;MASC+FEM;SG	C
blåste	blåses	V;ACT;IND;PST	V;PASS;IND;PRS	C
säga	säges	V;ACT;NFIN	V;PASS;IND;PRS	C
upplagda	upplagt	V;ACT;NFIN	ADJ;INDF;NEUT;SG	C
före	föres	V.PTCP;PST	V;PASS;IND;PRS	C
uppsöka	uppsökte	V;ACT;NFIN	V;ACT;IND;PST	C
förlåtna	förlåten	V;ACT;NFIN	ADJ;INDF;MASC+FEM;SG	C
genomsökt	genomsöka	ADJ;INDF;NEUT;SG	V;ACT;NFIN	C
förbränna	förbrännes	V;ACT;NFIN	V;PASS;IND;PRS	C
stige	stiga	V.PTCP;PST	V;ACT;NFIN	C
träd	träda	V.PTCP;PST	V;ACT;NFIN	C
tillspillogivna	tillspillogiven	V;ACT;NFIN	ADJ;INDF;MASC+FEM;SG	C
dyrkade	dyrkar	ADJ;DEF;PL	V;ACT;IND;PRS	C
äppelträd	äppelträdet	N;INDF;NOM;SG	N;DEF;NOM;SG	C
bedriva	bedrives	V;ACT;NFIN	V;PASS;IND;PRS	C
vittnesbörd	vittnesbördet	N;INDF;NOM;SG	N;DEF;NOM;SG	C
vara	vars	V;ACT;NFIN	N;INDF;GEN;SG	C
hölje	höljes	V.PTCP;PST	V;PASS;IND;PRS	C
saker	sakens	N;INDF;PL	N;DEF;GEN;SG	C
hals	halt	N;INDF;GEN;SG	ADJ;INDF;NEUT;SG	C
både	bådas	ADJ;DEF;MASC;SG	V;PASS;NFIN	C
vrida	vrides	V;ACT;NFIN	V;PASS;IND;PRS	C
inmönstrade	inmönstrades	ADJ;DEF;PL	V;PASS;IND;PST	C
loven	lovar	N;DEF;SG	V;ACT;IND;PRS	C
järnet	järn	N;DEF;NOM;SG	N;INDF;NOM;SG	C
utstakade	utstakat	V;ACT;IND;PST	ADJ;INDF;NEUT;SG	C
bortkastade	bortkastad	V;ACT;IND;PST	V.PTCP;PST	C
helas	helade	V;PASS;NFIN	ADJ;DEF;PL	C
upptage	upptages	V.PTCP;PST	V;PASS;IND;PRS	C
stadgar	stadgas	V;ACT;IND;PRS	V;PASS;NFIN	C
gapet	gap	N;DEF;NOM;SG	N;INDF;NOM;SG	C
vita	vitt	V;ACT;NFIN	ADJ;INDF;NEUT;SG	C
markerna	marks	N;DEF;PL	N;INDF;GEN;PL	C
lärde	lära	V;ACT;IND;PST	V;ACT;NFIN	C
födes	föda	V;PASS;IND;PRS	V;ACT;NFIN	C
skydda	skyddade	V;IMP	ADJ;DEF;PL	C
hjul	hjulet	N;INDF;NOM;SG	N;DEF;NOM;SG	C
skära	skäras	V;ACT;NFIN	ADJ;INDF;GEN;PL	C
binde	bindes	V.PTCP;PST	V;PASS;IND;PRS	C
vana	vant	V;ACT;NFIN	ADJ;INDF;NEUT;SG	C
tyckes	tycka	V;PASS;IND;PRS	V;ACT;NFIN	C
make	maka	V.PTCP;PST	V;ACT;NFIN	C
bud	budet	N;INDF;NOM;SG	N;DEF;NOM;SG	C
kläda	klädde	V;ACT;NFIN	V;ACT;IND;PST	C
hals	hala	N;INDF;GEN;SG	V;ACT;NFIN	C
nämnda	nämnde	V;ACT;NFIN	V;ACT;IND;PST	C
Ordet	Ord	N;DEF;NOM;SG	N;INDF;NOM;SG	C
lärt	lära	ADJ;INDF;NEUT;SG	V;ACT;NFIN	C
ödelägga	ödelägges	V;ACT;NFIN	V;PASS;IND;PRS	C
sakerna	sakens	N;DEF;PL	N;DEF;GEN;SG	C
bakhållet	bakhåll	N;DEF;NOM;SG	N;INDF;NOM;SG	C
gjuta	gjutes	V;ACT;NFIN	V;PASS;IND;PRS	C
fullbordades	fullbordade	V;PASS;IND;PST	ADJ;DEF;PL	C
pressade	pressar	ADJ;DEF;PL	V;ACT;IND;PRS	C
täckt	täcka	ADJ;INDF;NEUT;SG	V;ACT;NFIN	C
trampas	trampa	V;PASS;NFIN	V;IMP	C
ringas	ringar	V;PASS;NFIN	V;ACT;IND;PRS	C
hugges	hugga	V;PASS;IND;PRS	V;ACT;NFIN	C
renades	rena	V;PASS;IND;PST	V;IMP	C
öppnas	öppnade	V;PASS;NFIN	ADJ;DEF;PL	C
släckt	släckes	ADJ;INDF;NEUT;SG	V;PASS;IND;PRS	C
utsättes	utsätta	V;PASS;IND;PRS	V;ACT;NFIN	C
utdelat	utdelade	V.CVB;ACT	ADJ;DEF;PL	C
viska	viskas	V;IMP	V;PASS;NFIN	C
hala	halt	V;ACT;NFIN	ADJ;INDF;NEUT;SG	C
flyttade	flyttades	ADJ;DEF;PL	V;PASS;IND;PST	C
burna	buren	V;ACT;NFIN	ADJ;INDF;MASC+FEM;SG	C
lärda	lärd	V;ACT;NFIN	V.PTCP;PST	C
mött	möta	ADJ;INDF;NEUT;SG	V;ACT;NFIN	C
stickade	sticka	ADJ;DEF;PL	V;IMP	C
tunga	tungas	V;ACT;NFIN	ADJ;INDF;GEN;PL	C
insatt	insatte	ADJ;INDF;NEUT;SG	V;ACT;IND;PST	C
resande	rest	V.PTCP;PRS	ADJ;INDF;NEUT;SG	C
borrade	borrar	ADJ;DEF;PL	V;ACT;IND;PRS	C
byggnadsverk	byggnadsverket	N;INDF;NOM;SG	N;DEF;NOM;SG	C
stickade	stickas	ADJ;DEF;PL	V;PASS;NFIN	C
övriga	övrigas	V;ACT;NFIN	ADJ;INDF;GEN;PL	C
ställt	ställde	ADJ;INDF;NEUT;SG	V;ACT;IND;PST	C
spjut	spjutet	N;INDF;NOM;SG	N;DEF;NOM;SG	C
äppelträdet	äppelträd	N;DEF;NOM;SG	N;INDF;NOM;SG	C
upphöjd	upphöjt	V.PTCP;PST	ADJ;INDF;NEUT;SG	C
vetekorn	vetekornet	N;INDF;NOM;SG	N;DEF;NOM;SG	C
ene	ena	V.PTCP;PST	V;ACT;NFIN	C
budet	bud	N;DEF;NOM;SG	N;INDF;NOM;SG	C
tryckte	trycka	V;ACT;IND;PST	V;ACT;NFIN	C
byar	byarna	N;INDF;PL	N;DEF;NOM;PL	C
förökade	förökades	ADJ;DEF;PL	V;PASS;IND;PST	C
gudarna	gud	N;DEF;NOM;PL	N;INDF;NOM;SG	C
smältas	smältes	ADJ;INDF;GEN;PL	V;PASS;IND;PRS	C
elände	eländet	N;INDF;NOM;SG	N;DEF;NOM;SG	C
Esters	Ester	N;INDF;GEN;PL	N;INDF;NOM;SG	C
förökades	förökade	V;PASS;IND;PST	ADJ;DEF;PL	C
antalet	antal	N;DEF;NOM;SG	N;INDF;NOM;SG	C
Rådet	Råd	N;DEF;NOM;SG	N;INDF;NOM;SG	C
behöves	behöva	V;PASS;IND;PRS	V;ACT;NFIN	C
spikarna	spik	N;DEF;NOM;PL	N;INDF;NOM;SG	C
sökte	söka	V;ACT;IND;PST	V;ACT;NFIN	C
Guds	Gud	N;INDF;GEN;PL	N;INDF;NOM;SG	C
sanna	sann	V;ACT;NFIN	ADJ;INDF;MASC+FEM;SG	C
ryckes	rycka	V;PASS;IND;PRS	V;ACT;NFIN	C
dödades	dödade	V;PASS;IND;PST	ADJ;DEF;PL	C
namns	namn	N;INDF;GEN;PL	N;INDF;NOM;SG	C
vilddjur	vilddjuret	N;INDF;NOM;SG	N;DEF;NOM;SG	C
omgiva	omgives	V;ACT;NFIN	V;PASS;IND;PRS	C
hälsade	hälsa	ADJ;DEF;PL	V;IMP	C
avfallna	avfallen	V;ACT;NFIN	ADJ;INDF;MASC+FEM;SG	C
bäckens	bäckarna	N;DEF;GEN;SG	N;DEF;NOM;PL	C
tystade	tysta	ADJ;DEF;PL	V;IMP	C
upphöjda	upphöjt	V;ACT;NFIN	ADJ;INDF;NEUT;SG	C
dödades	dödande	V;PASS;IND;PST	ADJ;PRS	C
påbud	påbudet	N;INDF;NOM;SG	N;DEF;NOM;SG	C
minskade	minska	ADJ;DEF;PL	V;IMP	C
gästabudet	gästabud	N;DEF;NOM;SG	N;INDF;NOM;SG	C
drive	driva	V.PTCP;PST	V;ACT;NFIN	C
upphöjde	upphöja	V;ACT;IND;PST	V;ACT;NFIN	C
brunnarna	brunnens	N;DEF;NOM;PL	N;DEF;GEN;SG	C
räckas	räcka	ADJ;INDF;GEN;PL	V;ACT;NFIN	C
upphöjda	upphöjde	V;ACT;NFIN	V;ACT;IND;PST	C
styrkas	styrka	ADJ;INDF;GEN;PL	V;ACT;NFIN	C
skrapade	skrapa	ADJ;DEF;PL	V;IMP	C
trätt	träta	ADJ;INDF;NEUT;SG	V;ACT;NFIN	C
ödmjukade	ödmjukas	ADJ;DEF;PL	V;PASS;NFIN	C
namn	namns	N;INDF;NOM;SG	N;INDF;GEN;PL	C
vakttorn	vakttornet	N;INDF;NOM;SG	N;DEF;NOM;SG	C
fördömde	fördöma	V;ACT;IND;PST	V;ACT;NFIN	C
öppnade	öppnas	ADJ;DEF;PL	V;PASS;NFIN	C
sökt	sökte	ADJ;INDF;NEUT;SG	V;ACT;IND;PST	C
stött	stöta	ADJ;INDF;NEUT;SG	V;ACT;NFIN	C
förtrycka	förtryckes	V;ACT;NFIN	V;PASS;IND;PRS	C
satta	satte	V;ACT;NFIN	V.PTCP;PST	C
stillas	stillade	V;PASS;NFIN	ADJ;DEF;PL	C
bönerna	bön	N;DEF;PL	N;INDF;NOM;SG	C
livet	livs	N;DEF;NOM;SG	N;INDF;GEN;PL	C
Lea	Leas	V;ACT;NFIN	ADJ;INDF;GEN;PL	C
stengolvet	stengolv	N;DEF;NOM;SG	N;INDF;NOM;SG	C
drabbade	drabbades	ADJ;DEF;PL	V;PASS;IND;PST	C
besatta	besatte	V;ACT;NFIN	V.PTCP;PST	C
fare	fara	V.PTCP;PST	V;ACT;NFIN	C
rörde	röres	V;ACT;IND;PST	V;PASS;IND;PRS	C
inbyggare	inbyggares	N;INDF;NOM;SG	N;INDF;GEN;PL	C
dödade	dödas	ADJ;DEF;PL	V;PASS;NFIN	C
dammet	dammarna	N;DEF;NOM;SG	N;DEF;NOM;PL	C
bindes	binda	V;PASS;IND;PRS	V;ACT;NFIN	C
vinn	vinna	ADJ;INDF;MASC+FEM;SG	V;ACT;NFIN	C
släcka	släckes	V;ACT;NFIN	V;PASS;IND;PRS	C
omgives	omgiva	V;PASS;IND;PRS	V;ACT;NFIN	C
firade	firades	ADJ;DEF;PL	V;PASS;IND;PST	C
spända	spände	V;ACT;NFIN	V.PTCP;PST	C
predikade	predikades	ADJ;DEF;PL	V;PASS;IND;PST	C
rullas	rulla	V;PASS;NFIN	V;IMP	C
rena	renade	V;IMP	ADJ;DEF;PL	C
styrkt	styrka	ADJ;INDF;NEUT;SG	V;ACT;NFIN	C
köpebrevet	köpebrev	N;DEF;NOM;SG	N;INDF;NOM;SG	C
markerna	markens	N;DEF;PL	N;DEF;GEN;SG	C
visar	visa	V;ACT;IND;PRS	V;IMP	C
rike	rikt	V.PTCP;PST	ADJ;INDF;NEUT;SG	C
järn	järnet	N;INDF;NOM;SG	N;DEF;NOM;SG	C
mördade	mördande	ADJ;DEF;PL	ADJ;PRS	C
välvt	välva	ADJ;INDF;NEUT;SG	V;ACT;NFIN	C
tabernakel	tabernakels	N;INDF;NOM;SG	N;INDF;GEN;PL	C
känna	kännes	V;ACT;NFIN	V;PASS;IND;PRS	C
röra	röres	V;ACT;NFIN	V;PASS;IND;PRS	C
råds	rådde	N;INDF;GEN;SG	V;ACT;IND;PST	C
befäl	befälet	N;INDF;NOM;SG	N;DEF;NOM;SG	C
gudsfruktans	gudsfruktan	N;INDF;GEN;PL	N;INDF;NOM;SG	C
köpebrev	köpebrevet	N;INDF;NOM;SG	N;DEF;NOM;SG	C
vilade	vila	ADJ;DEF;PL	V;IMP	C
blygs	blyges	N;INDF;GEN;SG	V;PASS;IND;PRS	C
ställda	ställde	V;ACT;NFIN	V;ACT;IND;PST	C
stötes	stötte	V;PASS;IND;PRS	V;ACT;IND;PST	C
förskräckte	förskräckes	V;ACT;IND;PST	V;PASS;IND;PRS	C
visen	visar	N;DEF;SG	V;ACT;IND;PRS	C
moderssköte	modersskötet	N;INDF;NOM;SG	N;DEF;NOM;SG	C
plågades	plågas	V;PASS;IND;PST	V;PASS;NFIN	C
övertäckt	övertäcka	ADJ;INDF;NEUT;SG	V;ACT;NFIN	C
Asas	Asa	ADJ;INDF;GEN;PL	V;ACT;NFIN	C
vakar	vaka	V;ACT;IND;PRS	V;IMP	C
släkte	släktens	N;INDF;NOM;SG	N;DEF;GEN;SG	C
brunne	brunnens	N;INDF;NOM;SG	N;DEF;GEN;SG	C
ansedda	ansedde	V;ACT;NFIN	V.PTCP;PST	C
borgar	borgare	V;ACT;IND;PRS	N;INDF;NOM;PL	C
drivas	driva	ADJ;INDF;GEN;PL	V;ACT;NFIN	C
utföra	utföres	V;ACT;NFIN	V;PASS;IND;PRS	C
blottades	blottade	V;PASS;IND;PST	ADJ;DEF;PL	C
märkt	märka	ADJ;INDF;NEUT;SG	V;ACT;NFIN	C
snara	snart	V;ACT;NFIN	ADJ;INDF;NEUT;SG	C
löses	löst	V;PASS;IND;PRS	ADJ;INDF;NEUT;SG	C
torget	torg	N;DEF;NOM;SG	N;INDF;NOM;SG	C
täcke	täckas	V.PTCP;PST	ADJ;INDF;GEN;PL	C
fört	föres	ADJ;INDF;NEUT;SG	V;PASS;IND;PRS	C
sänkas	sänka	ADJ;INDF;GEN;PL	V;ACT;NFIN	C
beskärt	beskära	ADJ;INDF;NEUT;SG	V;ACT;NFIN	C
handlade	handlar	ADJ;DEF;PL	V;ACT;IND;PRS	C
axens	axet	N;DEF;GEN;SG	N;DEF;NOM;SG	C
årens	året	N;DEF;GEN;SG	N;DEF;NOM;SG	C
uppslukade	uppslukades	ADJ;DEF;PL	V;PASS;IND;PST	C
bredd	breda	V.PTCP;PST	V;ACT;NFIN	C
tryckes	trycka	V;PASS;IND;PRS	V;ACT;NFIN	C
huggna	huggen	V;ACT;NFIN	ADJ;INDF;MASC+FEM;SG	C
inbyggares	inbyggare	N;INDF;GEN;PL	N;INDF;NOM;SG	C
bäre	bäres	V.PTCP;PST	V;PASS;IND;PRS	C
låge	låga	V.PTCP;PST	V;ACT;NFIN	C
ökades	ökade	V;PASS;IND;PST	ADJ;DEF;PL	C
befästas	befästa	ADJ;INDF;GEN;PL	V;ACT;NFIN	C
säges	säga	V;PASS;IND;PRS	V;ACT;NFIN	C
slites	slita	V;PASS;IND;PRS	V;ACT;NFIN	C
visar	visas	V;ACT;IND;PRS	V;PASS;NFIN	C
talades	talade	V;PASS;IND;PST	ADJ;DEF;PL	C
styrkas	styrkt	ADJ;INDF;GEN;PL	ADJ;INDF;NEUT;SG	C
förslag	förslaget	N;INDF;NOM;SG	N;DEF;NOM;SG	C
bortfört	bortförde	ADJ;INDF;NEUT;SG	V;ACT;IND;PST	C
våldföra	våldföres	V;ACT;NFIN	V;PASS;IND;PRS	C
förstörde	förstöres	V;ACT;IND;PST	V;PASS;IND;PRS	C
hörsammade	hörsamma	ADJ;DEF;PL	V;IMP	C
råder	rådde	V.CVB	V;ACT;IND;PST	C
släktet	släktens	N;DEF;NOM;SG	N;DEF;GEN;SG	C
bygga	bygges	V;ACT;NFIN	V;PASS;IND;PRS	C
tänkt	tänka	ADJ;INDF;NEUT;SG	V;ACT;NFIN	C
förhindrades	förhindrade	V;PASS;IND;PST	ADJ;DEF;PL	C
flottar	flotta	V;ACT;IND;PRS	V;IMP	C
täckte	täcka	V;ACT;IND;PST	V;ACT;NFIN	C
vänt	vända	ADJ;INDF;NEUT;SG	V;ACT;NFIN	C
penningarna	penningar	N;DEF;NOM;PL	N;INDF;PL	C
undersökt	undersöka	ADJ;INDF;NEUT;SG	V;ACT;NFIN	C
lösas	löses	ADJ;INDF;GEN;PL	V;PASS;IND;PRS	C
vattnade	vattnas	ADJ;DEF;PL	V;PASS;NFIN	C
utvalda	utvaldas	V;ACT;NFIN	ADJ;INDF;GEN;PL	C
tågade	tåga	ADJ;DEF;PL	V;IMP	C
kriget	krig	N;DEF;NOM;SG	N;INDF;NOM;SG	C
vänd	vände	V.PTCP;PST	V;ACT;IND;PST	C
tillreds	tillreda	N;INDF;GEN;SG	V;ACT;NFIN	C
flotta	flottar	V;IMP	V;ACT;IND;PRS	C
påskalammet	påskalamm	N;DEF;NOM;SG	N;INDF;NOM;SG	C
årens	år	N;DEF;GEN;SG	N;INDF;NOM;SG	C
fattat	fattade	V.CVB;ACT	ADJ;DEF;PL	C
täckte	täckas	V;ACT;IND;PST	ADJ;INDF;GEN;PL	C
lever	leva	V.CVB	V;ACT;NFIN	C
fortfare	fortfara	V.PTCP;PST	V;ACT;NFIN	C
området	område	N;DEF;NOM;SG	N;INDF;NOM;SG	C
uppfödde	uppföda	V;ACT;IND;PST	V;ACT;NFIN	C
hoppade	hoppas	ADJ;DEF;PL	V;PASS;NFIN	C
sjuka	sjukt	V;ACT;NFIN	ADJ;INDF;NEUT;SG	C
agade	aga	ADJ;DEF;PL	V;IMP	C
konungadömet	konungadöme	N;DEF;NOM;SG	N;INDF;NOM;SG	C
ark	arks	N;INDF;NOM;SG	N;INDF;GEN;PL	C
årens	års	N;DEF;GEN;SG	N;INDF;GEN;PL	C
täckes	täckas	V;PASS;IND;PRS	ADJ;INDF;GEN;PL	C
dom	domarna	N;INDF;NOM;SG	N;DEF;NOM;PL	C
offrades	offrade	V;PASS;IND;PST	ADJ;DEF;PL	C
domar	dom	N;INDF;PL	N;INDF;NOM;SG	C
plågade	plågas	ADJ;DEF;PL	V;PASS;NFIN	C
utsatta	utsatte	V;ACT;NFIN	V.PTCP;PST	C
lyftas	lyftes	ADJ;INDF;GEN;PL	V;PASS;IND;PRS	C
blotta	blottas	V;IMP	V;PASS;NFIN	C
vilddjuret	vilddjur	N;DEF;NOM;SG	N;INDF;NOM;SG	C
lider	liden	V.CVB	ADJ;INDF;MASC+FEM;SG	C
taket	tak	N;DEF;NOM;SG	N;INDF;NOM;SG	C
gäckade	gäckas	ADJ;DEF;PL	V;PASS;NFIN	C
fetmas	fetma	ADJ;INDF;GEN;PL	V;ACT;NFIN	C
förrättades	förrättade	V;PASS;IND;PST	ADJ;DEF;PL	C
blåsa	blåses	V;ACT;NFIN	V;PASS;IND;PRS	C
brännsåret	brännsår	N;DEF;NOM;SG	N;INDF;NOM;SG	C
avskära	avskäres	V;ACT;NFIN	V;PASS;IND;PRS	C
antal	antalet	N;INDF;NOM;SG	N;DEF;NOM;SG	C
hörsamma	hörsammades	V;IMP	V;PASS;IND;PST	C
bedrives	bedriva	V;PASS;IND;PRS	V;ACT;NFIN	C
lycka	lyckas	V;IMP	V;PASS;NFIN	C
fördärvades	fördärvade	V;PASS;IND;PST	ADJ;DEF;PL	C
manas	manades	V;PASS;NFIN	V;PASS;IND;PST	C
klöv	klövarna	N;INDF;NOM;SG	N;DEF;NOM;PL	C
Tala	Talar	V;IMP	V;ACT;IND;PRS	C
helgade	helgades	ADJ;DEF;PL	V;PASS;IND;PST	C
fjättrade	fjättrar	ADJ;DEF;PL	V;ACT;IND;PRS	C
anstiftade	anstiftades	ADJ;DEF;PL	V;PASS;IND;PST	C
krig	kriget	N;INDF;NOM;SG	N;DEF;NOM;SG	C
fördrives	fördriva	V;PASS;IND;PRS	V;ACT;NFIN	C
renades	renas	V;PASS;IND;PST	V;PASS;NFIN	C
skälet	skäl	N;DEF;NOM;SG	N;INDF;NOM;SG	C
dammet	damm	N;DEF;NOM;SG	N;INDF;NOM;SG	C
gud	gudarna	N;INDF;NOM;SG	N;DEF;NOM;PL	C
sökt	söka	ADJ;INDF;NEUT;SG	V;ACT;NFIN	C
tages	taga	V;PASS;IND;PRS	V;ACT;NFIN	C
stötes	stöta	V;PASS;IND;PRS	V;ACT;NFIN	C
mättas	mätta	V;PASS;NFIN	V;IMP	C
ställda	ställd	V;ACT;NFIN	V.PTCP;PST	C
tillredes	tillreda	V;PASS;IND;PRS	V;ACT;NFIN	C
stadgar	stadga	V;ACT;IND;PRS	V;IMP	C
orterna	ort	N;DEF;PL	N;INDF;NOM;SG	C
gränserna	gräns	N;DEF;PL	N;INDF;NOM;SG	C
molnet	moln	N;DEF;NOM;SG	N;INDF;NOM;SG	C
folket	folk	N;DEF;NOM;SG	N;INDF;NOM;SG	C
ryka	rykte	V;ACT;NFIN	V;ACT;IND;PST	C
vänd	vänt	V.PTCP;PST	ADJ;INDF;NEUT;SG	C
Heles	Hela	V;PASS;IND;PRS	V;ACT;NFIN	C
vare	vars	V.PTCP;PST	N;INDF;GEN;SG	C
drive	drives	V.PTCP;PST	V;PASS;IND;PRS	C
fot	fots	N;INDF;NOM;SG	N;INDF;GEN;PL	C
lyfta	lyftes	V;ACT;NFIN	V;PASS;IND;PRS	C
inställde	inställa	V;ACT;IND;PST	V;ACT;NFIN	C
förgjorda	förgjorde	V;ACT;NFIN	V.PTCP;PST	C
förjagades	förjagade	V;PASS;IND;PST	ADJ;DEF;PL	C
stadgas	stadga	V;PASS;NFIN	V;IMP	C
kon	kos	ADJ;INDF;MASC+FEM;SG	N;INDF;GEN;SG	C
Fadern	Faders	ADJ;INDF;MASC+FEM;SG	N;INDF;GEN;SG	C
tusental	tusentals	N;INDF;NOM;SG	N;INDF;GEN;PL	C
blottas	blottade	V;PASS;NFIN	ADJ;DEF;PL	C
uppståndna	uppstånden	V;ACT;NFIN	ADJ;INDF;MASC+FEM;SG	C
blive	bliva	V.PTCP;PST	V;ACT;NFIN	C
räddas	räddade	V;PASS;NFIN	ADJ;DEF;PL	C
renas	renades	V;PASS;NFIN	V;PASS;IND;PST	C
sjunge	sjunga	V.PTCP;PST	V;ACT;NFIN	C
lärda	lärde	V;ACT;NFIN	V;ACT;IND;PST	C
åker	åka	V.CVB	V;ACT;NFIN	C
träffas	träffades	V;PASS;NFIN	V;PASS;IND;PST	C
inrättade	inrättades	ADJ;DEF;PL	V;PASS;IND;PST	C
byta	bytte	V;ACT;NFIN	V;ACT;IND;PST	C
fiskar	fiskare	V;ACT;IND;PRS	N;INDF;NOM;PL	C
bjudes	bjuda	V;PASS;IND;PRS	V;ACT;NFIN	C
mätte	mätt	V;ACT;IND;PST	ADJ;INDF;NEUT;SG	C
strutsarna	struts	N;DEF;NOM;PL	N;INDF;NOM;SG	C
både	båda	ADJ;DEF;MASC;SG	V;IMP	C
predikat	predikades	V.CVB;ACT	V;PASS;IND;PST	C
följeslagare	följeslagares	N;INDF;NOM;SG	N;INDF;GEN;PL	C
bete	betar	ADJ;DEF;MASC;SG	V;ACT;IND;PRS	C
hackade	hacka	ADJ;DEF;PL	V;IMP	C
övriga	övrigt	V;ACT;NFIN	ADJ;INDF;NEUT;SG	C
plågas	plågades	V;PASS;NFIN	V;PASS;IND;PST	C
moln	molnet	N;INDF;NOM;SG	N;DEF;NOM;SG	C
gives	giva	V;PASS;IND;PRS	V;ACT;NFIN	C
fostrade	fostrades	ADJ;DEF;PL	V;PASS;IND;PST	C
snår	snåret	N;INDF;NOM;SG	N;DEF;NOM;SG	C
penningar	penningarna	N;INDF;PL	N;DEF;NOM;PL	C
Gud	Gudarna	N;INDF;NOM;SG	N;DEF;NOM;PL	C
dammarna	damm	N;DEF;NOM;PL	N;INDF;NOM;SG	C
vändes	vändas	V;PASS;IND;PRS	ADJ;INDF;GEN;PL	C
damm	dammet	N;INDF;NOM;SG	N;DEF;NOM;SG	C
svängde	svänga	V;ACT;IND;PST	V;ACT;NFIN	C
läst	läsa	ADJ;INDF;NEUT;SG	V;ACT;NFIN	C
upprest	uppresa	ADJ;INDF;NEUT;SG	V;ACT;NFIN	C
död	döda	V.PTCP;PST	V;ACT;NFIN	C
eder	eds	N;INDF;PL	N;INDF;GEN;PL	C
hållna	hållen	V;ACT;NFIN	ADJ;INDF;MASC+FEM;SG	C
bortkastad	bortkastat	V.PTCP;PST	ADJ;INDF;NEUT;SG	C
klagande	klagade	ADJ;PRS	ADJ;DEF;PL	C
bortfört	bortföra	ADJ;INDF;NEUT;SG	V;ACT;NFIN	C
fördöma	fördömde	V;ACT;NFIN	V;ACT;IND;PST	C
visade	visar	ADJ;DEF;PL	V;ACT;IND;PRS	C
vätas	vätt	ADJ;INDF;GEN;PL	ADJ;INDF;NEUT;SG	C
djuret	djur	N;DEF;NOM;SG	N;INDF;NOM;SG	C
följda	följd	V;ACT;NFIN	V.PTCP;PST	C
sändebud	sändebudet	N;INDF;NOM;SG	N;DEF;NOM;SG	C
fästa	fästas	V;ACT;NFIN	ADJ;INDF;GEN;PL	C
gjutes	gjuta	V;PASS;IND;PRS	V;ACT;NFIN	C
utrotade	utrotades	ADJ;DEF;PL	V;PASS;IND;PST	C
snöret	snöre	N;DEF;NOM;SG	N;INDF;NOM;SG	C
Folk	Folket	N;INDF;NOM;SG	N;DEF;NOM;SG	C
upptändas	upptända	ADJ;INDF;GEN;PL	V;ACT;NFIN	C
falls	falla	N;INDF;GEN;SG	V;ACT;NFIN	C
agat	aga	V.CVB;ACT	V;IMP	C
binda	bindes	V;ACT;NFIN	V;PASS;IND;PRS	C
stilla	stillade	V;IMP	ADJ;DEF;PL	C
räta	rätas	V;ACT;NFIN	ADJ;INDF;GEN;PL	C
bröllopet	bröllop	N;DEF;NOM;SG	N;INDF;NOM;SG	C
göras	göra	ADJ;INDF;GEN;PL	V;ACT;NFIN	C
lugnade	lugna	ADJ;DEF;PL	V;IMP	C
utstött	utstöta	ADJ;INDF;NEUT;SG	V;ACT;NFIN	C
stillades	stillas	V;PASS;IND;PST	V;PASS;NFIN	C
öppnade	öppnades	ADJ;DEF;PL	V;PASS;IND;PST	C
buds	budet	N;INDF;GEN;PL	N;DEF;NOM;SG	C
sån	sås	ADJ;INDF;MASC+FEM;SG	N;INDF;GEN;SG	C
talar	talades	V;ACT;IND;PRS	V;PASS;IND;PST	C
skildes	skilde	V;PASS;IND;PRS	V.PTCP;PST	C
styrkt	styrkes	ADJ;INDF;NEUT;SG	V;PASS;IND;PRS	C
spenabarn	spenabarnet	N;INDF;NOM;SG	N;DEF;NOM;SG	C
födda	född	V;ACT;NFIN	V.PTCP;PST	C
förutbestämde	förutbestämt	V;ACT;IND;PST	ADJ;INDF;NEUT;SG	C
döpes	döpa	V;PASS;IND;PRS	V;ACT;NFIN	C
betänkt	betänka	ADJ;INDF;NEUT;SG	V;ACT;NFIN	C
gripes	gripa	V;PASS;IND;PRS	V;ACT;NFIN	C
utslaget	utslag	N;DEF;NOM;SG	N;INDF;NOM;SG	C
gifta	gifte	V;IMP	ADJ;DEF;MASC;SG	C
stött	stötte	ADJ;INDF;NEUT;SG	V;ACT;IND;PST	C
förtorkade	förtorkades	ADJ;DEF;PL	V;PASS;IND;PST	C
skänkt	skänka	ADJ;INDF;NEUT;SG	V;ACT;NFIN	C
smältes	smältas	V;PASS;IND;PRS	ADJ;INDF;GEN;PL	C
murbruk	murbruket	N;INDF;NOM;SG	N;DEF;NOM;SG	C
nedbrytes	nedbryta	V;PASS;IND;PRS	V;ACT;NFIN	C
fördömda	fördömde	V;ACT;NFIN	V;ACT;IND;PST	C
svänga	svängde	V;ACT;NFIN	V;ACT;IND;PST	C
boks	bok	N;INDF;GEN;PL	N;INDF;NOM;SG	C
lärt	lärde	ADJ;INDF;NEUT;SG	V;ACT;IND;PST	C
förskräckes	förskräcka	V;PASS;IND;PRS	V;ACT;NFIN	C
slags	slagen	N;INDF;GEN;SG	ADJ;INDF;MASC+FEM;SG	C
sträva	strävade	V;IMP	ADJ;DEF;PL	C
utgjuta	utgjutes	V;ACT;NFIN	V;PASS;IND;PRS	C
svalkas	svalka	ADJ;INDF;GEN;PL	V;ACT;NFIN	C
slaktades	slaktade	V;PASS;IND;PST	ADJ;DEF;PL	C
blottade	blottas	ADJ;DEF;PL	V;PASS;NFIN	C
uppbygges	uppbygga	V;PASS;IND;PRS	V;ACT;NFIN	C
upploppet	upplopp	N;DEF;NOM;SG	N;INDF;NOM;SG	C
mark	markens	N;INDF;NOM;SG	N;DEF;GEN;SG	C
hjulet	hjul	N;DEF;NOM;SG	N;INDF;NOM;SG	C
uppfört	uppföra	ADJ;INDF;NEUT;SG	V;ACT;NFIN	C
tiger	tiga	V.CVB	V;ACT;NFIN	C
tröstade	tröstar	ADJ;DEF;PL	V;ACT;IND;PRS	C
sändes	sändas	V;PASS;IND;PRS	ADJ;INDF;GEN;PL	C
vare	vara	V.PTCP;PST	V;ACT;NFIN	C
lösas	lösa	ADJ;INDF;GEN;PL	V;ACT;NFIN	C
fältet	fält	N;DEF;NOM;SG	N;INDF;NOM;SG	C
hölja	höljes	V;ACT;NFIN	V;PASS;IND;PRS	C
gripna	gripen	V;ACT;NFIN	ADJ;INDF;MASC+FEM;SG	C
täcke	täckes	V.PTCP;PST	V;PASS;IND;PRS	C
laga	lagade	V;IMP	ADJ;DEF;PL	C
fattade	fattas	ADJ;DEF;PL	V;PASS;NFIN	C
manades	manas	V;PASS;IND;PST	V;PASS;NFIN	C
pluggarna	plugg	N;DEF;NOM;PL	N;INDF;NOM;SG	C
ammade	amma	ADJ;DEF;PL	V;IMP	C
löst	lösas	ADJ;INDF;NEUT;SG	ADJ;INDF;GEN;PL	C
kokt	kokte	ADJ;INDF;NEUT;SG	V;ACT;IND;PST	C
fäste	fästa	V.PTCP;PST	V;ACT;NFIN	C
uppenbaras	uppenbara	V;PASS;NFIN	V;IMP	C
palats	palatset	N;INDF;NOM;SG	N;DEF;NOM;SG	C
födas	födes	ADJ;INDF;GEN;PL	V;PASS;IND;PRS	C
ändamål	ändamålet	N;INDF;NOM;SG	N;DEF;NOM;SG	C
handla	handlar	V;IMP	V;ACT;IND;PRS	C
släppt	släppa	ADJ;INDF;NEUT;SG	V;ACT;NFIN	C
Man	Mana	ADJ;INDF;MASC+FEM;SG	V;ACT;NFIN	C
befälet	befäl	N;DEF;NOM;SG	N;INDF;NOM;SG	C
förmörkades	förmörkade	V;PASS;IND;PST	ADJ;DEF;PL	C
dödade	dödades	ADJ;DEF;PL	V;PASS;IND;PST	C
renat	rena	V.CVB;ACT	V;IMP	C
gode	gods	V.PTCP;PST	N;INDF;GEN;SG	C
talades	talar	V;PASS;IND;PST	V;ACT;IND;PRS	C
göra	göres	V;ACT;NFIN	V;PASS;IND;PRS	C
böjt	böja	ADJ;INDF;NEUT;SG	V;ACT;NFIN	C
förskräckt	förskräcka	ADJ;INDF;NEUT;SG	V;ACT;NFIN	C
lammet	lamms	N;DEF;NOM;SG	N;INDF;GEN;PL	C
kallades	kallas	V;PASS;IND;PST	V;PASS;NFIN	C
täckt	täckes	ADJ;INDF;NEUT;SG	V;PASS;IND;PRS	C
Eder	Edens	N;INDF;PL	N;DEF;GEN;SG	C
anskaffades	anskaffade	V;PASS;IND;PST	ADJ;DEF;PL	C
markens	mark	N;DEF;GEN;SG	N;INDF;NOM;SG	C
fyllas	fyllde	ADJ;INDF;GEN;PL	V;ACT;IND;PST	C
förstöra	förstörde	V;ACT;NFIN	V;ACT;IND;PST	C
Faraos	Farao	N;INDF;GEN;PL	N;INDF;NOM;SG	C
fästes	fästa	V;PASS;IND;PRS	V;ACT;NFIN	C
ben	benet	N;INDF;NOM;SG	N;DEF;NOM;SG	C
ed	eds	N;INDF;NOM;SG	N;INDF;GEN;PL	C
läkt	läka	ADJ;INDF;NEUT;SG	V;ACT;NFIN	C
slaktdjuret	slaktdjur	N;DEF;NOM;SG	N;INDF;NOM;SG	C
böja	böjde	V;ACT;NFIN	V;ACT;IND;PST	C
jagade	jagades	ADJ;DEF;PL	V;PASS;IND;PST	C
slitna	sliten	V;ACT;NFIN	ADJ;INDF;MASC+FEM;SG	C
dräpa	dräpes	V;ACT;NFIN	V;PASS;IND;PRS	C
slungade	slunga	ADJ;DEF;PL	V;IMP	C
utsträckt	utsträcka	ADJ;INDF;NEUT;SG	V;ACT;NFIN	C
rätas	räta	ADJ;INDF;GEN;PL	V;ACT;NFIN	C
avstånd	avståndet	N;INDF;NOM;SG	N;DEF;NOM;SG	C
fotbladet	fotblad	N;DEF;NOM;SG	N;INDF;NOM;SG	C
förbytes	förbyta	V;PASS;IND;PRS	V;ACT;NFIN	C
fogades	fogade	V;PASS;IND;PST	ADJ;DEF;PL	C
sprida	spridde	V;ACT;NFIN	V;ACT;IND;PST	C
bytt	byta	ADJ;INDF;NEUT;SG	V;ACT;NFIN	C
övermod	övermodet	N;INDF;NOM;SG	N;DEF;NOM;SG	C
smältas	smälta	ADJ;INDF;GEN;PL	V;ACT;NFIN	C
uppenbara	uppenbaras	V;IMP	V;PASS;NFIN	C
svans	svansarna	N;INDF;NOM;SG	N;DEF;NOM;PL	C
uppfylles	uppfylla	V;PASS;IND;PRS	V;ACT;NFIN	C
armes	arms	V;PASS;IND;PRS	N;INDF;GEN;SG	C
förskräcka	förskräckte	V;ACT;NFIN	V;ACT;IND;PST	C
rygga	ryggas	V;IMP	V;PASS;NFIN	C
räddade	räddades	ADJ;DEF;PL	V;PASS;IND;PST	C
mjöl	mjölet	N;INDF;NOM;SG	N;DEF;NOM;SG	C
tryckes	tryckte	V;PASS;IND;PRS	V;ACT;IND;PST	C
renat	renades	V.CVB;ACT	V;PASS;IND;PST	C
fälles	fälla	V;PASS;IND;PRS	V;ACT;NFIN	C
sköljes	skölja	V;PASS;IND;PRS	V;ACT;NFIN	C
anklagade	anklagades	ADJ;DEF;PL	V;PASS;IND;PST	C
tända	tändas	V;ACT;NFIN	ADJ;INDF;GEN;PL	C
läras	lära	ADJ;INDF;GEN;PL	V;ACT;NFIN	C
egyptierna	egyptiers	V;ACT;NFIN	N;INDF;GEN;SG	C
tyget	tyg	N;DEF;NOM;SG	N;INDF;NOM;SG	C
hembäre	hembära	V.PTCP;PST	V;ACT;NFIN	C
falle	falls	V.PTCP;PST	N;INDF;GEN;SG	C
förtälja	förtäljes	V;ACT;NFIN	V;PASS;IND;PRS	C
beskärda	beskärd	V;ACT;NFIN	V.PTCP;PST	C
hyst	hysa	ADJ;INDF;NEUT;SG	V;ACT;NFIN	C
sändes	sända	V;PASS;IND;PRS	V;ACT;NFIN	C
stöta	stötes	V;ACT;NFIN	V;PASS;IND;PRS	C
antända	antändes	V;ACT;NFIN	V;PASS;IND;PRS	C
dödsrike	dödsriket	N;INDF;NOM;SG	N;DEF;NOM;SG	C
upptända	upptändas	V;ACT;NFIN	ADJ;INDF;GEN;PL	C
förblive	förbliva	V.PTCP;PST	V;ACT;NFIN	C
antändes	antändas	V;PASS;IND;PRS	ADJ;INDF;GEN;PL	C
huset	hus	N;DEF;NOM;SG	N;INDF;NOM;SG	C
födas	födde	ADJ;INDF;GEN;PL	V;ACT;IND;PST	C
dräpt	dräpes	ADJ;INDF;NEUT;SG	V;PASS;IND;PRS	C
ryggas	rygga	V;PASS;NFIN	V;IMP	C
lärde	lärt	V;ACT;IND;PST	ADJ;INDF;NEUT;SG	C
svarande	svarade	ADJ;PRS	ADJ;DEF;PL	C
söks	söka	N;INDF;GEN;SG	V;ACT;NFIN	C
svävade	svävande	ADJ;DEF;PL	ADJ;PRS	C
förleder	förleda	V.CVB	V;ACT;NFIN	C
arv	arvet	N;INDF;NOM;SG	N;DEF;NOM;SG	C
röras	röra	ADJ;INDF;GEN;PL	V;ACT;NFIN	C
trängt	trängde	ADJ;INDF;NEUT;SG	V;ACT;IND;PST	C
bränna	brännes	V;ACT;NFIN	V;PASS;IND;PRS	C
förskräcka	förskräckes	V;ACT;NFIN	V;PASS;IND;PRS	C
bindas	bindes	ADJ;INDF;GEN;PL	V;PASS;IND;PRS	C
ödmjukas	ödmjukade	V;PASS;NFIN	ADJ;DEF;PL	C
rista	ristade	V;IMP	ADJ;DEF;PL	C
utrotades	utrotade	V;PASS;IND;PST	ADJ;DEF;PL	C
döpa	döpes	V;ACT;NFIN	V;PASS;IND;PRS	C
anställde	anställa	V;ACT;IND;PST	V;ACT;NFIN	C
huvudet	huvud	N;DEF;NOM;SG	N;INDF;NOM;SG	C
anstiftades	anstiftade	V;PASS;IND;PST	ADJ;DEF;PL	C
förbrännes	förbränna	V;PASS;IND;PRS	V;ACT;NFIN	C
lösas	löst	ADJ;INDF;GEN;PL	ADJ;INDF;NEUT;SG	C
upphäves	upphäva	V;PASS;IND;PRS	V;ACT;NFIN	C
borttappat	borttappade	ADJ;INDF;NEUT;SG	V;ACT;IND;PST	C
förjagade	förjagades	ADJ;DEF;PL	V;PASS;IND;PST	C
kallades	kallade	V;PASS;IND;PST	ADJ;DEF;PL	C
fördömda	fördömd	V;ACT;NFIN	V.PTCP;PST	C
täckas	täckes	ADJ;INDF;GEN;PL	V;PASS;IND;PRS	C
sälja	säljes	V;ACT;NFIN	V;PASS;IND;PRS	C
stadga	stadgas	V;IMP	V;PASS;NFIN	C
budens	buds	N;DEF;GEN;SG	N;INDF;GEN;PL	C
blinda	blindas	V;ACT;NFIN	ADJ;INDF;GEN;PL	C
nödgade	nödgas	ADJ;DEF;PL	V;PASS;NFIN	C
löses	lösa	V;PASS;IND;PRS	V;ACT;NFIN	C
resas	rest	ADJ;INDF;GEN;PL	ADJ;INDF;NEUT;SG	C
tår	tårarna	N;INDF;NOM;SG	N;DEF;NOM;PL	C
omringade	omringades	ADJ;DEF;PL	V;PASS;IND;PST	C
beskärt	beskärde	ADJ;INDF;NEUT;SG	V;ACT;IND;PST	C
visas	visa	V;PASS;NFIN	V;IMP	C
resas	resa	ADJ;INDF;GEN;PL	V;ACT;NFIN	C
tornet	torn	N;DEF;NOM;SG	N;INDF;NOM;SG	C
höres	höra	V;PASS;IND;PRS	V;ACT;NFIN	C
lagade	laga	ADJ;DEF;PL	V;IMP	C
stänger	stänga	V.CVB	V;ACT;NFIN	C
bestänkt	bestänka	ADJ;INDF;NEUT;SG	V;ACT;NFIN	C
helgades	helgade	V;PASS;IND;PST	ADJ;DEF;PL	C
renat	renas	V.CVB;ACT	V;PASS;NFIN	C
förslaget	förslag	N;DEF;NOM;SG	N;INDF;NOM;SG	C
värden	värde	N;DEF;SG	ADJ;DEF;MASC;SG	C
överlämnade	överlämnades	ADJ;DEF;PL	V;PASS;IND;PST	C
brev	brevet	N;INDF;NOM;SG	N;DEF;NOM;SG	C
brunnens	brunnarna	N;DEF;GEN;SG	N;DEF;NOM;PL	C
skyarna	sky	N;DEF;NOM;PL	N;INDF;NOM;SG	C
beskäres	beskärde	V;PASS;IND;PRS	V;ACT;IND;PST	C
blåst	blåsa	ADJ;INDF;NEUT;SG	V;ACT;NFIN	C
lyftes	lyftas	V;PASS;IND;PRS	ADJ;INDF;GEN;PL	C
hörsammade	hörsammades	ADJ;DEF;PL	V;PASS;IND;PST	C
drage	draga	V.PTCP;PST	V;ACT;NFIN	C
stötte	stött	V;ACT;IND;PST	ADJ;INDF;NEUT;SG	C
länder	lända	V.CVB	V;ACT;NFIN	C
Satans	Satan	N;INDF;GEN;PL	N;INDF;NOM;SG	C
äras	ära	V;PASS;NFIN	V;IMP	C
löst	löses	ADJ;INDF;NEUT;SG	V;PASS;IND;PRS	C
tak	taket	N;INDF;NOM;SG	N;DEF;NOM;SG	C
öppnas	öppnades	V;PASS;NFIN	V;PASS;IND;PST	C
binde	binda	V.PTCP;PST	V;ACT;NFIN	C
släktens	släktet	N;DEF;GEN;SG	N;DEF;NOM;SG	C
förtäljes	förtälja	V;PASS;IND;PRS	V;ACT;NFIN	C
nät	nätet	N;INDF;NOM;SG	N;DEF;NOM;SG	C
tillsätta	tillsättes	V;ACT;NFIN	V;PASS;IND;PRS	C
kullar	kullarna	N;INDF;PL	N;DEF;NOM;PL	C
vederkvickt	vederkvicka	ADJ;INDF;NEUT;SG	V;ACT;NFIN	C
dammarna	dammet	N;DEF;NOM;PL	N;DEF;NOM;SG	C
förres	förras	V;PASS;IND;PRS	ADJ;INDF;GEN;PL	C
uppenbarades	uppenbara	V;PASS;IND;PST	V;IMP	C
svinet	svin	N;DEF;NOM;SG	N;INDF;NOM;SG	C
stickas	sticka	V;PASS;NFIN	V;IMP	C
visa	visar	V;IMP	V;ACT;IND;PRS	C
fyllde	fyllt	V;ACT;IND;PST	ADJ;INDF;NEUT;SG	C
korna	kors	V;ACT;NFIN	N;INDF;GEN;SG	C
jämna	jämnas	V;IMP	V;PASS;NFIN	C
lyftas	lyfta	ADJ;INDF;GEN;PL	V;ACT;NFIN	C
söka	sökte	V;ACT;NFIN	V;ACT;IND;PST	C
eds	ed	N;INDF;GEN;PL	N;INDF;NOM;SG	C
givna	given	V;ACT;NFIN	ADJ;INDF;MASC+FEM;SG	C
svarade	svarande	ADJ;DEF;PL	ADJ;PRS	C
kärve	kärvarna	N;INDF;NOM;SG	N;DEF;NOM;PL	C
fälla	fälles	V;ACT;NFIN	V;PASS;IND;PRS	C
betänka	betänkte	V;ACT;NFIN	V;ACT;IND;PST	C
lamm	lammet	N;INDF;NOM;SG	N;DEF;NOM;SG	C
horn	hornet	N;INDF;NOM;SG	N;DEF;NOM;SG	C
like	lika	V.PTCP;PST	V;ACT;NFIN	C
berömda	berömt	V;ACT;NFIN	ADJ;INDF;NEUT;SG	C
fallna	fallen	V;ACT;NFIN	ADJ;INDF;MASC+FEM;SG	C
åts	åt	N;INDF;GEN;PL	N;INDF;NOM;SG	C
ställd	ställt	V.PTCP;PST	ADJ;INDF;NEUT;SG	C
räckt	räcka	ADJ;INDF;NEUT;SG	V;ACT;NFIN	C
vaka	vakar	V;IMP	V;ACT;IND;PRS	C
giva	gives	V;ACT;NFIN	V;PASS;IND;PRS	C
fotblad	fotbladet	N;INDF;NOM;SG	N;DEF;NOM;SG	C
fattade	fattades	ADJ;DEF;PL	V;PASS;IND;PST	C
svala	svalt	V;ACT;NFIN	ADJ;INDF;NEUT;SG	C
uppsökte	uppsöka	V;ACT;IND;PST	V;ACT;NFIN	C
hemsöka	hemsökes	V;ACT;NFIN	V;PASS;IND;PRS	C
mjölet	mjöl	N;DEF;NOM;SG	N;INDF;NOM;SG	C
beskära	beskärde	V;ACT;NFIN	V;ACT;IND;PST	C
hemsökt	hemsöka	ADJ;INDF;NEUT;SG	V;ACT;NFIN	C
inmönstrades	inmönstrade	V;PASS;IND;PST	ADJ;DEF;PL	C
berget	berg	N;DEF;NOM;SG	N;INDF;NOM;SG	C
minne	minnes	V.PTCP;PST	V;PASS;IND;PRS	C
användas	använda	ADJ;INDF;GEN;PL	V;ACT;NFIN	C
förstörda	förstörde	V;ACT;NFIN	V;ACT;IND;PST	C
blåst	blåses	ADJ;INDF;NEUT;SG	V;PASS;IND;PRS	C
Lamm	Lammet	N;INDF;NOM;SG	N;DEF;NOM;SG	C
sänkas	sänkt	ADJ;INDF;GEN;PL	ADJ;INDF;NEUT;SG	C
sända	sändas	V;ACT;NFIN	ADJ;INDF;GEN;PL	C
befästa	befästas	V;ACT;NFIN	ADJ;INDF;GEN;PL	C
täckt	täckas	ADJ;INDF;NEUT;SG	ADJ;INDF;GEN;PL	C
budens	budet	N;DEF;GEN;SG	N;DEF;NOM;SG	C
kallade	kalla	ADJ;DEF;PL	V;IMP	C
beseglade	beseglades	ADJ;DEF;PL	V;PASS;IND;PST	C
uppenbarade	uppenbara	ADJ;DEF;PL	V;IMP	C
rörande	rört	V.PTCP;PRS	ADJ;INDF;NEUT;SG	C
slaktade	slaktades	ADJ;DEF;PL	V;PASS;IND;PST	C
mött	mötes	ADJ;INDF;NEUT;SG	V;PASS;IND;PRS	C
förgöres	förgöra	V;PASS;IND;PRS	V;ACT;NFIN	C
täcka	täckte	V;ACT;NFIN	V;ACT;IND;PST	C
fogade	fogades	ADJ;DEF;PL	V;PASS;IND;PST	C
namn	namnet	N;INDF;NOM;SG	N;DEF;NOM;SG	C
manade	manas	ADJ;DEF;PL	V;PASS;NFIN	C
utbredde	utbreda	V;ACT;IND;PST	V;ACT;NFIN	C
vädurarna	vädurens	N;DEF;NOM;PL	N;DEF;GEN;SG	C
fördriva	fördrives	V;ACT;NFIN	V;PASS;IND;PRS	C
axens	ax	N;DEF;GEN;SG	N;INDF;NOM;SG	C
blottade	blotta	ADJ;DEF;PL	V;IMP	C
överlämnades	överlämnade	V;PASS;IND;PST	ADJ;DEF;PL	C
edens	ed	N;DEF;GEN;SG	N;INDF;NOM;SG	C
marker	markens	N;INDF;PL	N;DEF;GEN;SG	C
förstörs	förstöra	N;INDF;GEN;SG	V;ACT;NFIN	C
klipper	klippa	V.CVB	V;ACT;NFIN	C
arvet	arv	N;DEF;NOM;SG	N;INDF;NOM;SG	C
trängde	trängt	V;ACT;IND;PST	ADJ;INDF;NEUT;SG	C
äktenskapsbrott	äktenskapsbrottet	N;INDF;NOM;SG	N;DEF;NOM;SG	C
strids	strida	N;INDF;GEN;SG	V;ACT;NFIN	C
sändebudet	sändebud	N;DEF;NOM;SG	N;INDF;NOM;SG	C
använda	användas	V;ACT;NFIN	ADJ;INDF;GEN;PL	C
skäl	skälet	N;INDF;NOM;SG	N;DEF;NOM;SG	C
väckas	väckes	ADJ;INDF;GEN;PL	V;PASS;IND;PRS	C
främmandes	främmande	N;INDF;GEN;PL	N;INDF;NOM;SG	C
betade	betar	ADJ;DEF;PL	V;ACT;IND;PRS	C
jagades	jagade	V;PASS;IND;PST	ADJ;DEF;PL	C
Råd	Rådet	N;INDF;NOM;SG	N;DEF;NOM;SG	C
rättfärdiga	rättfärdigas	V;ACT;NFIN	ADJ;INDF;GEN;PL	C
trampa	trampas	V;IMP	V;PASS;NFIN	C
övermodet	övermod	N;DEF;NOM;SG	N;INDF;NOM;SG	C
antända	antändas	V;ACT;NFIN	ADJ;INDF;GEN;PL	C
röra	rörde	V;ACT;NFIN	V;ACT;IND;PST	C
röras	rörde	ADJ;INDF;GEN;PL	V;ACT;IND;PST	C
vätt	väta	ADJ;INDF;NEUT;SG	V;ACT;NFIN	C
skapade	skapades	ADJ;DEF;PL	V;PASS;IND;PST	C
funnes	funne	V;PASS;IND;PRS	V.PTCP;PST	C
synas	syns	ADJ;INDF;GEN;PL	N;INDF;GEN;SG	C
förrådshus	förrådshuset	N;INDF;NOM;SG	N;DEF;NOM;SG	C
lammet	lamm	N;DEF;NOM;SG	N;INDF;NOM;SG	C
förstörs	förstörde	N;INDF;GEN;SG	V;ACT;IND;PST	C
förstöra	förstöres	V;ACT;NFIN	V;PASS;IND;PRS	C
fikonträd	fikonträdet	N;INDF;NOM;SG	N;DEF;NOM;SG	C
följande	följd	V.PTCP;PRS	V.PTCP;PST	C
ekar	ek	N;INDF;PL	N;INDF;NOM;SG	C
konungadöme	konungadömet	N;INDF;NOM;SG	N;DEF;NOM;SG	C
fyllas	fylla	ADJ;INDF;GEN;PL	V;ACT;NFIN	C
tryckte	tryckes	V;ACT;IND;PST	V;PASS;IND;PRS	C
böjes	böjde	V;PASS;IND;PRS	V;ACT;IND;PST	C
allting	alltings	N;INDF;NOM;SG	N;INDF;GEN;PL	C
utsändes	utsända	V;PASS;IND;PRS	V;ACT;NFIN	C
garn	garnet	N;INDF;NOM;SG	N;DEF;NOM;SG	C
vädurens	vädurarna	N;DEF;GEN;SG	N;DEF;NOM;PL	C
daglönare	daglönares	N;INDF;NOM;SG	N;INDF;GEN;PL	C
födes	födde	V;PASS;IND;PRS	V;ACT;IND;PST	C
lugna	lugnade	V;IMP	ADJ;DEF;PL	C
kallas	kalla	V;PASS;NFIN	V;IMP	C
kysst	kyssa	ADJ;INDF;NEUT;SG	V;ACT;NFIN	C
berg	berget	N;INDF;NOM;SG	N;DEF;NOM;SG	C
hälsade	hälsades	ADJ;DEF;PL	V;PASS;IND;PST	C
dödades	dödas	V;PASS;IND;PST	V;PASS;NFIN	C
rätta	rättas	V;IMP	V;PASS;NFIN	C
bådas	båda	V;PASS;NFIN	V;IMP	C
upptändas	upptändes	ADJ;INDF;GEN;PL	V;PASS;IND;PRS	C
uppenbarades	uppenbaras	V;PASS;IND;PST	V;PASS;NFIN	C
livs	livet	N;INDF;GEN;PL	N;DEF;NOM;SG	C
stallet	stall	N;DEF;NOM;SG	N;INDF;NOM;SG	C
ringar	ringa	V;ACT;IND;PRS	V;IMP	C
blåses	blåsa	V;PASS;IND;PRS	V;ACT;NFIN	C
Svärd	Svärdet	N;INDF;NOM;SG	N;DEF;NOM;SG	C
kränkt	kränka	ADJ;INDF;NEUT;SG	V;ACT;NFIN	C
säkra	säkras	V;ACT;NFIN	ADJ;INDF;GEN;PL	C
blåste	blåsa	V;ACT;IND;PST	V;ACT;NFIN	C
drage	dragen	V.PTCP;PST	ADJ;INDF;MASC+FEM;SG	C
renas	rena	V;PASS;NFIN	V;IMP	C
mods	modet	N;INDF;GEN;PL	N;DEF;NOM;SG	C
näpst	näpsa	ADJ;INDF;NEUT;SG	V;ACT;NFIN	C
enes	ena	V;PASS;IND;PRS	V;ACT;NFIN	C
smältes	smälta	V;PASS;IND;PRS	V;ACT;NFIN	C
övrigas	övrigt	ADJ;INDF;GEN;PL	ADJ;INDF;NEUT;SG	C
kallade	kallas	ADJ;DEF;PL	V;PASS;NFIN	C
korsfästes	korsfästas	V;PASS;IND;PRS	ADJ;INDF;GEN;PL	C
förgäte	förgäta	V.PTCP;PST	V;ACT;NFIN	C
koka	kokte	V;ACT;NFIN	V;ACT;IND;PST	C
utsläckes	utsläcka	V;PASS;IND;PRS	V;ACT;NFIN	C
trälarbetet	trälarbete	N;DEF;NOM;SG	N;INDF;NOM;SG	C
plågade	plågades	ADJ;DEF;PL	V;PASS;IND;PST	C
strålade	strålande	ADJ;DEF;PL	ADJ;PRS	C
jubelår	jubelåret	N;INDF;NOM;SG	N;DEF;NOM;SG	C
släta	slätt	V;ACT;NFIN	ADJ;INDF;NEUT;SG	C
strävade	sträva	ADJ;DEF;PL	V;IMP	C
tankar	tankarna	N;INDF;PL	N;DEF;NOM;PL	C
drabbades	drabbade	V;PASS;IND;PST	ADJ;DEF;PL	C
betar	beta	V;ACT;IND;PRS	V;IMP	C
sända	sändes	V;ACT;NFIN	V;PASS;IND;PRS	C
ställda	ställt	V;ACT;NFIN	ADJ;INDF;NEUT;SG	C
armod	armodet	N;INDF;NOM;SG	N;DEF;NOM;SG	C
äte	äta	V.PTCP;PST	V;ACT;NFIN	C
trampade	trampas	ADJ;DEF;PL	V;PASS;NFIN	C
utspridde	utsprida	V;ACT;IND;PST	V;ACT;NFIN	C
jämnas	jämna	V;PASS;NFIN	V;IMP	C
eder	edens	N;INDF;PL	N;DEF;GEN;SG	C
anställa	anställde	V;ACT;NFIN	V;ACT;IND;PST	C
visa	vise	V;IMP	ADJ;DEF;MASC;SG	C
djur	djuret	N;INDF;NOM;SG	N;DEF;NOM;SG	C
rötter	rötterna	N;INDF;PL	N;DEF;PL	C
kokte	koka	V;ACT;IND;PST	V;ACT;NFIN	C
förvarade	förvarades	ADJ;DEF;PL	V;PASS;IND;PST	C
edens	eds	N;DEF;GEN;SG	N;INDF;GEN;PL	C
uppenbara	uppenbarades	V;IMP	V;PASS;IND;PST	C
förtära	förtäres	V;ACT;NFIN	V;PASS;IND;PRS	C
föreläsa	föreläses	V;ACT;NFIN	V;PASS;IND;PRS	C
faste	fast	V;ACT;IND;PST	ADJ;INDF;NEUT;SG	C
stormades	stormade	V;PASS;IND;PST	ADJ;DEF;PL	C
täckes	täckte	V;PASS;IND;PRS	V;ACT;IND;PST	C
sann	sanna	ADJ;INDF;MASC+FEM;SG	V;ACT;NFIN	C
vårt	våra	ADJ;INDF;NEUT;SG	V;ACT;NFIN	C
släkte	släktet	N;INDF;NOM;SG	N;DEF;NOM;SG	C
omstörtade	omstörtades	ADJ;DEF;PL	V;PASS;IND;PST	C
tränges	tränga	V;PASS;IND;PRS	V;ACT;NFIN	C
stillades	stillade	V;PASS;IND;PST	ADJ;DEF;PL	C
dyrkar	dyrkades	V;ACT;IND;PRS	V;PASS;IND;PST	C
stadgas	stadgar	V;PASS;NFIN	V;ACT;IND;PRS	C
beskärde	beskära	V;ACT;IND;PST	V;ACT;NFIN	C
gravarna	grav	N;DEF;NOM;PL	N;INDF;NOM;SG	C
räknade	räknades	ADJ;DEF;PL	V;PASS;IND;PST	C
röres	rörde	V;PASS;IND;PRS	V;ACT;IND;PST	C
markerna	mark	N;DEF;PL	N;INDF;NOM;SG	C
stekt	steka	ADJ;INDF;NEUT;SG	V;ACT;NFIN	C
alltings	allting	N;INDF;GEN;PL	N;INDF;NOM;SG	C
förutbestämt	förutbestämde	ADJ;INDF;NEUT;SG	V;ACT;IND;PST	C
tillfrisknat	tillfrisknade	V.CVB;ACT	ADJ;DEF;PL	C
fyllas	fyllt	ADJ;INDF;GEN;PL	ADJ;INDF;NEUT;SG	C
dukat	dukade	V.CVB;ACT	ADJ;DEF;PL	C
avlämnades	avlämnade	V;PASS;IND;PST	ADJ;DEF;PL	C
vända	vänt	V;ACT;NFIN	ADJ;INDF;NEUT;SG	C
klappade	klappa	ADJ;DEF;PL	V;IMP	C
förtorkades	förtorkade	V;PASS;IND;PST	ADJ;DEF;PL	C
smälte	smältes	V.PTCP;PST	V;PASS;IND;PRS	C
utsätta	utsättes	V;ACT;NFIN	V;PASS;IND;PRS	C
slagen	slags	ADJ;INDF;MASC+FEM;SG	N;INDF;GEN;SG	C
driva	drives	V;ACT;NFIN	V;PASS;IND;PRS	C
daglönares	daglönare	N;INDF;GEN;PL	N;INDF;NOM;SG	C
Svärdet	Svärd	N;DEF;NOM;SG	N;INDF;NOM;SG	C
förödda	förödande	V;ACT;NFIN	V.PTCP;PRS	C
års	året	N;INDF;GEN;PL	N;DEF;NOM;SG	C
blottas	blotta	V;PASS;NFIN	V;IMP	C
äktenskapsbrottet	äktenskapsbrott	N;DEF;NOM;SG	N;INDF;NOM;SG	C
köpt	köpa	ADJ;INDF;NEUT;SG	V;ACT;NFIN	C
upptage	upptaga	V.PTCP;PST	V;ACT;NFIN	C
fullbordade	fullbordades	ADJ;DEF;PL	V;PASS;IND;PST	C
hon	hos	ADJ;INDF;MASC+FEM;SG	N;INDF;GEN;SG	C
avsatte	avsatt	V;ACT;IND;PST	ADJ;INDF;NEUT;SG	C
eländet	elände	N;DEF;NOM;SG	N;INDF;NOM;SG	C
stöta	stötte	V;ACT;NFIN	V;ACT;IND;PST	C
tackade	tacka	ADJ;DEF;PL	V;IMP	C
utbreda	utbredde	V;ACT;NFIN	V;ACT;IND;PST	C
rulla	rullas	V;IMP	V;PASS;NFIN	C
dödsriket	dödsrike	N;DEF;NOM;SG	N;INDF;NOM;SG	C
odjuret	odjur	N;DEF;NOM;SG	N;INDF;NOM;SG	C
flyttades	flyttade	V;PASS;IND;PST	ADJ;DEF;PL	C
vind	vindarna	N;INDF;NOM;SG	N;DEF;NOM;PL	C
städer	städ	N;INDF;PL	N;INDF;NOM;SG	C
utföres	utföra	V;PASS;IND;PRS	V;ACT;NFIN	C
röras	röres	ADJ;INDF;GEN;PL	V;PASS;IND;PRS	C
lärda	lärt	V;ACT;NFIN	ADJ;INDF;NEUT;SG	C
fläkt	fläka	ADJ;INDF;NEUT;SG	V;ACT;NFIN	C
utvalde	utvaldas	V.PTCP;PST	ADJ;INDF;GEN;PL	C
mångas	mången	ADJ;INDF;GEN;PL	ADJ;INDF;MASC+FEM;SG	C
rena	renades	V;IMP	V;PASS;IND;PST	C
kallade	kallades	ADJ;DEF;PL	V;PASS;IND;PST	C
kärl	kärlet	N;INDF;NOM;SG	N;DEF;NOM;SG	C
behöva	behöves	V;ACT;NFIN	V;PASS;IND;PRS	C
vakade	vakar	ADJ;DEF;PL	V;ACT;IND;PRS	C
Surs	Sur	N;INDF;GEN;PL	N;INDF;NOM;SG	C
upptages	upptaga	V;PASS;IND;PRS	V;ACT;NFIN	C
gästabud	gästabudet	N;INDF;NOM;SG	N;DEF;NOM;SG	C
sårande	sårade	ADJ;PRS	ADJ;DEF;PL	C
förordnade	förordnades	ADJ;DEF;PL	V;PASS;IND;PST	C
betrodda	betrodde	V;ACT;NFIN	V.PTCP;PST	C
blyges	blygas	V;PASS;IND;PRS	ADJ;INDF;GEN;PL	C
stillade	stilla	ADJ;DEF;PL	V;IMP	C
kokt	koka	ADJ;INDF;NEUT;SG	V;ACT;NFIN	C
täckes	täckt	V;PASS;IND;PRS	ADJ;INDF;NEUT;SG	C
förstånd	förståndet	N;INDF;NOM;SG	N;DEF;NOM;SG	C
beredda	beredd	V;ACT;NFIN	V.PTCP;PST	C
brodern	broders	ADJ;INDF;MASC+FEM;SG	N;INDF;GEN;SG	C
fällas	fälla	ADJ;INDF;GEN;PL	V;ACT;NFIN	C
anställda	anställd	V;ACT;NFIN	V.PTCP;PST	C
dödas	dödade	V;PASS;NFIN	ADJ;DEF;PL	C
friade	fria	ADJ;DEF;PL	V;IMP	C
kallades	kalla	V;PASS;IND;PST	V;IMP	C
förstörs	förstöres	N;INDF;GEN;SG	V;PASS;IND;PRS	C
mister	miste	V.CVB	V.PTCP;PST	C
omfång	omfånget	N;INDF;NOM;SG	N;DEF;NOM;SG	C
blinde	blindas	V.PTCP;PST	ADJ;INDF;GEN;PL	C
stänka	stänkes	V;ACT;NFIN	V;PASS;IND;PRS	C
murbruket	murbruk	N;DEF;NOM;SG	N;INDF;NOM;SG	C
smälte	smältas	V.PTCP;PST	ADJ;INDF;GEN;PL	C
antändes	antända	V;PASS;IND;PRS	V;ACT;NFIN	C
bereda	beredde	V;ACT;NFIN	V;ACT;IND;PST	C
ödmjukas	ödmjuka	V;PASS;NFIN	V;IMP	C
användes	använda	V;PASS;IND;PRS	V;ACT;NFIN	C
kastade	kastades	ADJ;DEF;PL	V;PASS;IND;PST	C
uppfylla	uppfylles	V;ACT;NFIN	V;PASS;IND;PRS	C
Lammet	Lamm	N;DEF;NOM;SG	N;INDF;NOM;SG	C
avhålle	avhålla	V.PTCP;PST	V;ACT;NFIN	C
budordet	budord	N;DEF;NOM;SG	N;INDF;NOM;SG	C
flyge	flyga	V.PTCP;PST	V;ACT;NFIN	C
släkterna	släktens	N;DEF;PL	N;DEF;GEN;SG	C
påskalamm	påskalammet	N;INDF;NOM;SG	N;DEF;NOM;SG	C
huvud	huvudet	N;INDF;NOM;SG	N;DEF;NOM;SG	C
förvandlades	förvandlade	V;PASS;IND;PST	ADJ;DEF;PL	C
bjuda	bjudes	V;ACT;NFIN	V;PASS;IND;PRS	C
Benjamins	Benjamin	N;INDF;GEN;PL	N;INDF;NOM;SG	C
Vakna	Vaken	V;ACT;NFIN	ADJ;INDF;MASC+FEM;SG	C
rena	renas	V;IMP	V;PASS;NFIN	C
trängt	tränges	ADJ;INDF;NEUT;SG	V;PASS;IND;PRS	C
förskingrades	förskingrade	V;PASS;IND;PST	ADJ;DEF;PL	C
loge	logarna	N;INDF;NOM;SG	N;DEF;NOM;PL	C
utfärdades	utfärdade	V;PASS;IND;PST	ADJ;DEF;PL	C
båda	bådas	V;IMP	V;PASS;NFIN	C
förhindrade	förhindrades	ADJ;DEF;PL	V;PASS;IND;PST	C
uppgivna	uppgiven	V;ACT;NFIN	ADJ;INDF;MASC+FEM;SG	C
korsfästas	korsfästa	ADJ;INDF;GEN;PL	V;ACT;NFIN	C
lära	lärde	V;ACT;NFIN	V;ACT;IND;PST	C
lindade	linda	ADJ;DEF;PL	V;IMP	C
fostrades	fostrade	V;PASS;IND;PST	ADJ;DEF;PL	C
berömt	berömde	ADJ;INDF;NEUT;SG	V;ACT;IND;PST	C
utgöra	utgöres	V;ACT;NFIN	V;PASS;IND;PRS	C
Guds	Gudarna	N;INDF;GEN;PL	N;DEF;NOM;PL	C
ställa	ställde	V;ACT;NFIN	V;ACT;IND;PST	C
retade	retas	ADJ;DEF;PL	V;PASS;NFIN	C
höljas	hölja	ADJ;INDF;GEN;PL	V;ACT;NFIN	C
förmörkade	förmörkades	ADJ;DEF;PL	V;PASS;IND;PST	C
klädde	kläda	V;ACT;IND;PST	V;ACT;NFIN	C
kärlet	kärl	N;DEF;NOM;SG	N;INDF;NOM;SG	C
kärvarna	kärve	N;DEF;NOM;PL	N;INDF;NOM;SG	C
Visa	Visar	V;IMP	V;ACT;IND;PRS	C
fällas	fälles	ADJ;INDF;GEN;PL	V;PASS;IND;PRS	C
rörde	röra	V;ACT;IND;PST	V;ACT;NFIN	C
visa	visas	V;IMP	V;PASS;NFIN	C
halt	hals	ADJ;INDF;NEUT;SG	N;INDF;GEN;SG	C
förtryckt	förtryckes	ADJ;INDF;NEUT;SG	V;PASS;IND;PRS	C
inrättades	inrättade	V;PASS;IND;PST	ADJ;DEF;PL	C
bindas	binda	ADJ;INDF;GEN;PL	V;ACT;NFIN	C
råder	råds	V.CVB	N;INDF;GEN;SG	C
svansarna	svans	N;DEF;NOM;PL	N;INDF;NOM;SG	C
valla	vallar	V;IMP	V;ACT;IND;PRS	C
Heles	Helt	V;PASS;IND;PRS	ADJ;INDF;NEUT;SG	C
uddar	udd	N;INDF;PL	N;INDF;NOM;SG	C
uppenbara	uppenbarade	V;IMP	ADJ;DEF;PL	C
krönt	kröna	ADJ;INDF;NEUT;SG	V;ACT;NFIN	C
blottas	blottades	V;PASS;NFIN	V;PASS;IND;PST	C
förenade	förena	ADJ;DEF;PL	V;IMP	C
bevekande	bevekt	V.PTCP;PRS	ADJ;INDF;NEUT;SG	C
renade	renades	ADJ;DEF;PL	V;PASS;IND;PST	C
avlämnade	avlämnades	ADJ;DEF;PL	V;PASS;IND;PST	C
ödelägges	ödelägga	V;PASS;IND;PRS	V;ACT;NFIN	C
täckes	täcka	V;PASS;IND;PRS	V;ACT;NFIN	C
hela	helade	V;IMP	ADJ;DEF;PL	C
drogs	drog	N;INDF;GEN;PL	N;INDF;NOM;SG	C
räddade	räddas	ADJ;DEF;PL	V;PASS;NFIN	C
gläds	glädes	N;INDF;GEN;SG	V;PASS;IND;PRS	C
upprättade	upprättades	ADJ;DEF;PL	V;PASS;IND;PST	C
tysta	tystade	V;IMP	ADJ;DEF;PL	C
förfärade	förfäras	ADJ;DEF;PL	V;PASS;NFIN	C
trampade	trampa	ADJ;DEF;PL	V;IMP	C
upplöses	upplösa	V;PASS;IND;PRS	V;ACT;NFIN	C
låte	låta	V.PTCP;PST	V;ACT;NFIN	C
uppföda	uppfödde	V;ACT;NFIN	V;ACT;IND;PST	C
uppslukades	uppslukade	V;PASS;IND;PST	ADJ;DEF;PL	C
betäckt	betäcka	ADJ;INDF;NEUT;SG	V;ACT;NFIN	C
dryckerna	dryck	N;DEF;PL	N;INDF;NOM;SG	C
förda	fört	V;ACT;NFIN	ADJ;INDF;NEUT;SG	C
följda	följande	V;ACT;NFIN	V.PTCP;PRS	C
fyllda	fyllt	V;ACT;NFIN	ADJ;INDF;NEUT;SG	C
göres	göra	V;PASS;IND;PRS	V;ACT;NFIN	C
nedgjorda	nedgjorde	V;ACT;NFIN	V.PTCP;PST	C
stenröset	stenröse	N;DEF;NOM;SG	N;INDF;NOM;SG	C
stoderna	stod	N;DEF;PL	N;INDF;NOM;SG	C
rört	rörde	ADJ;INDF;NEUT;SG	V;ACT;IND;PST	C
göras	göres	ADJ;INDF;GEN;PL	V;PASS;IND;PRS	C
dricke	dricka	V.PTCP;PST	V;ACT;NFIN	C
uppenbarade	uppenbaras	ADJ;DEF;PL	V;PASS;NFIN	C
skadade	skada	ADJ;DEF;PL	V;IMP	C
uppföra	uppförde	V;ACT;NFIN	V;ACT;IND;PST	C
utslag	utslaget	N;INDF;NOM;SG	N;DEF;NOM;SG	C
blåst	blåste	ADJ;INDF;NEUT;SG	V;ACT;IND;PST	C
förskräckes	förskräckte	V;PASS;IND;PRS	V;ACT;IND;PST	C
hälsa	hälsades	V;IMP	V;PASS;IND;PST	C
bröllop	bröllopet	N;INDF;NOM;SG	N;DEF;NOM;SG	C
helas	hela	V;PASS;NFIN	V;IMP	C
beskärd	beskärt	V.PTCP;PST	ADJ;INDF;NEUT;SG	C
avlat	avla	V.CVB;ACT	V;IMP	C
backar	backarna	N;INDF;PL	N;DEF;NOM;PL	C
uppdrag	uppdraget	N;INDF;NOM;SG	N;DEF;NOM;SG	C
avståndet	avstånd	N;DEF;NOM;SG	N;INDF;NOM;SG	C
avmätt	avmäta	ADJ;INDF;NEUT;SG	V;ACT;NFIN	C
trängde	tränga	V;ACT;IND;PST	V;ACT;NFIN	C
upphöjda	upphöjd	V;ACT;NFIN	V.PTCP;PST	C
mottaga	mottages	V;ACT;NFIN	V;PASS;IND;PRS	C
fyllde	fylla	V;ACT;IND;PST	V;ACT;NFIN	C
hemsökt	hemsökes	ADJ;INDF;NEUT;SG	V;PASS;IND;PRS	C
slita	slites	V;ACT;NFIN	V;PASS;IND;PRS	C
valv	valvet	N;INDF;NOM;SG	N;DEF;NOM;SG	C
bortförda	bortförde	V;ACT;NFIN	V;ACT;IND;PST	C
ingångens	ingångarna	N;DEF;GEN;SG	N;DEF;NOM;PL	C
brännes	bränna	V;PASS;IND;PRS	V;ACT;NFIN	C
snåret	snår	N;DEF;NOM;SG	N;INDF;NOM;SG	C
löfte	löftet	N;INDF;NOM;SG	N;DEF;NOM;SG	C
omringades	omringade	V;PASS;IND;PST	ADJ;DEF;PL	C
bortförde	bortföra	V;ACT;IND;PST	V;ACT;NFIN	C
komme	komma	V.PTCP;PST	V;ACT;NFIN	C
namns	namnet	N;INDF;GEN;PL	N;DEF;NOM;SG	C
dräpt	dräpa	ADJ;INDF;NEUT;SG	V;ACT;NFIN	C
uppfört	uppförde	ADJ;INDF;NEUT;SG	V;ACT;IND;PST	C
uppenbaras	uppenbarade	V;PASS;NFIN	ADJ;DEF;PL	C
hugga	hugges	V;ACT;NFIN	V;PASS;IND;PRS	C
namnet	namn	N;DEF;NOM;SG	N;INDF;NOM;SG	C
beredda	beredde	V;ACT;NFIN	V;ACT;IND;PST	C
utlyst	utlysa	ADJ;INDF;NEUT;SG	V;ACT;NFIN	C
dödade	dödande	ADJ;DEF;PL	ADJ;PRS	C
mottages	mottaga	V;PASS;IND;PRS	V;ACT;NFIN	C
klagoropet	klagorop	N;DEF;NOM;SG	N;INDF;NOM;SG	C
böjde	böjes	V;ACT;IND;PST	V;PASS;IND;PRS	C
möte	mötes	V.PTCP;PST	V;PASS;IND;PRS	C
år	års	N;INDF;NOM;SG	N;INDF;GEN;PL	C
drage	drages	V.PTCP;PST	V;PASS;IND;PRS	C
hämtade	hämtades	ADJ;DEF;PL	V;PASS;IND;PST	C
svävande	svävade	ADJ;PRS	ADJ;DEF;PL	C
fots	fot	N;INDF;GEN;PL	N;INDF;NOM;SG	C
förstöres	förstörde	V;PASS;IND;PRS	V;ACT;IND;PST	C
hörsamma	hörsammade	V;IMP	ADJ;DEF;PL	C
fikonträdet	fikonträd	N;DEF;NOM;SG	N;INDF;NOM;SG	C
plågades	plågade	V;PASS;IND;PST	ADJ;DEF;PL	C
näst	näste	ADJ;INDF;NEUT;SG	V;ACT;IND;PST	C
täcke	täcka	V.PTCP;PST	V;ACT;NFIN	C
fästas	fästa	ADJ;INDF;GEN;PL	V;ACT;NFIN	C
predikat	predikade	V.CVB;ACT	ADJ;DEF;PL	C
förskräckt	förskräckes	ADJ;INDF;NEUT;SG	V;PASS;IND;PRS	C
helade	hela	ADJ;DEF;PL	V;IMP	C
rörde	rört	V;ACT;IND;PST	ADJ;INDF;NEUT;SG	C
upplösa	upplöses	V;ACT;NFIN	V;PASS;IND;PRS	C
spik	spikarna	N;INDF;NOM;SG	N;DEF;NOM;PL	C
hindrades	hindrade	V;PASS;IND;PST	ADJ;DEF;PL	C
försåt	försåtet	N;INDF;NOM;SG	N;DEF;NOM;SG	C
upptändes	upptända	V;PASS;IND;PRS	V;ACT;NFIN	C
upptända	upptändes	V;ACT;NFIN	V;PASS;IND;PRS	C
Hela	Helt	V;ACT;NFIN	ADJ;INDF;NEUT;SG	C
drives	driva	V;PASS;IND;PRS	V;ACT;NFIN	C
bytt	bytte	ADJ;INDF;NEUT;SG	V;ACT;IND;PST	C
kallas	kallade	V;PASS;NFIN	ADJ;DEF;PL	C
utsläckt	utsläckes	ADJ;INDF;NEUT;SG	V;PASS;IND;PRS	C
omgivna	omgiven	V;ACT;NFIN	ADJ;INDF;MASC+FEM;SG	C
spridda	spridde	V;ACT;NFIN	V;ACT;IND;PST	C
hälsades	hälsade	V;PASS;IND;PST	ADJ;DEF;PL	C
marker	marks	N;INDF;PL	N;INDF;GEN;PL	C
döpt	döpes	ADJ;INDF;NEUT;SG	V;PASS;IND;PRS	C
sättes	sätta	V;PASS;IND;PRS	V;ACT;NFIN	C
give	giva	V.PTCP;PST	V;ACT;NFIN	C
löses	lösas	V;PASS;IND;PRS	ADJ;INDF;GEN;PL	C
böjes	böja	V;PASS;IND;PRS	V;ACT;NFIN	C
förkunnades	förkunnade	V;PASS;IND;PST	ADJ;DEF;PL	C
tillsättes	tillsätta	V;PASS;IND;PRS	V;ACT;NFIN	C
klagorop	klagoropet	N;INDF;NOM;SG	N;DEF;NOM;SG	C
övergive	övergiva	V.PTCP;PST	V;ACT;NFIN	C
druckna	drucken	V;ACT;NFIN	ADJ;INDF;MASC+FEM;SG	C
räddades	räddas	V;PASS;IND;PST	V;PASS;NFIN	C
renades	renade	V;PASS;IND;PST	ADJ;DEF;PL	C
tränga	tränges	V;ACT;NFIN	V;PASS;IND;PRS	C
agas	aga	V;PASS;NFIN	V;IMP	C
visade	visas	ADJ;DEF;PL	V;PASS;NFIN	C
stötte	stötes	V;ACT;IND;PST	V;PASS;IND;PRS	C
snöre	snöret	N;INDF;NOM;SG	N;DEF;NOM;SG	C
vittnesbördet	vittnesbörd	N;DEF;NOM;SG	N;INDF;NOM;SG	C
vaken	vakar	N;DEF;SG	V;ACT;IND;PRS	C
beloppet	belopp	N;DEF;NOM;SG	N;INDF;NOM;SG	C
utvalda	utvalde	V;ACT;NFIN	V.PTCP;PST	C
trängde	tränges	V;ACT;IND;PST	V;PASS;IND;PRS	C
lösa	löses	V;ACT;NFIN	V;PASS;IND;PRS	C
granne	grannarna	N;INDF;NOM;SG	N;DEF;NOM;PL	C
uppbygga	uppbygges	V;ACT;NFIN	V;PASS;IND;PRS	C
korsfästas	korsfästes	ADJ;INDF;GEN;PL	V;PASS;IND;PRS	C
frambära	frambäres	V;ACT;NFIN	V;PASS;IND;PRS	C
blodbad	blodbadet	N;INDF;NOM;SG	N;DEF;NOM;SG	C
råkade	råka	ADJ;DEF;PL	V;IMP	C
möta	mötes	V;ACT;NFIN	V;PASS;IND;PRS	C
stillade	stillas	ADJ;DEF;PL	V;PASS;NFIN	C
tyg	tyget	N;INDF;NOM;SG	N;DEF;NOM;SG	C
säljes	sälja	V;PASS;IND;PRS	V;ACT;NFIN	C
betänkte	betänkt	V;ACT;IND;PST	ADJ;INDF;NEUT;SG	C
ödmjuka	ödmjukas	V;IMP	V;PASS;NFIN	C
uppförde	uppföra	V;ACT;IND;PST	V;ACT;NFIN	C
förbund	förbundet	N;INDF;NOM;SG	N;DEF;NOM;SG	C
bevarades	bevarade	V;PASS;IND;PST	ADJ;DEF;PL	C
trycka	tryckes	V;ACT;NFIN	V;PASS;IND;PRS	C
uppläst	uppläsa	ADJ;INDF;NEUT;SG	V;ACT;NFIN	C
upprätta	upprättade	V;IMP	ADJ;DEF;PL	C
öppnades	öppnas	V;PASS;IND;PST	V;PASS;NFIN	C
uppenbarade	uppenbarades	ADJ;DEF;PL	V;PASS;IND;PST	C
sitter	sitta	V.CVB	V;ACT;NFIN	C
logarna	loge	N;DEF;NOM;PL	N;INDF;NOM;SG	C
nästa	nästas	V;ACT;NFIN	ADJ;INDF;GEN;PL	C
eds	edens	N;INDF;GEN;PL	N;DEF;GEN;SG	C
råd	råda	V.PTCP;PST	V;ACT;NFIN	C
räckas	räckt	ADJ;INDF;GEN;PL	ADJ;INDF;NEUT;SG	C
bäres	bära	V;PASS;IND;PRS	V;ACT;NFIN	C
antändas	antända	ADJ;INDF;GEN;PL	V;ACT;NFIN	C
spenabarnet	spenabarn	N;DEF;NOM;SG	N;INDF;NOM;SG	C
murar	murare	V;ACT;IND;PRS	N;INDF;NOM;PL	C
lägga	lägges	V;ACT;NFIN	V;PASS;IND;PRS	C
rycka	ryckes	V;ACT;NFIN	V;PASS;IND;PRS	C
bytte	bytt	V;ACT;IND;PST	ADJ;INDF;NEUT;SG	C
avskilda	avskilde	V;ACT;NFIN	V.PTCP;PST	C
uppdraget	uppdrag	N;DEF;NOM;SG	N;INDF;NOM;SG	C
dödande	dödade	ADJ;PRS	ADJ;DEF;PL	C
ringar	ringas	V;ACT;IND;PRS	V;PASS;NFIN	C
följeslagares	följeslagare	N;INDF;GEN;PL	N;INDF;NOM;SG	C
hörsammades	hörsamma	V;PASS;IND;PST	V;IMP	C
bakhåll	bakhållet	N;INDF;NOM;SG	N;DEF;NOM;SG	C
blåsa	blåste	V;ACT;NFIN	V;ACT;IND;PST	C
vett	vette	ADJ;INDF;NEUT;SG	V;ACT;IND;PST	C
upplöst	upplöses	ADJ;INDF;NEUT;SG	V;PASS;IND;PRS	C
borttappade	borttappat	V;ACT;IND;PST	ADJ;INDF;NEUT;SG	C
renade	rena	ADJ;DEF;PL	V;IMP	C
utstakat	utstakade	ADJ;INDF;NEUT;SG	V;ACT;IND;PST	C
stört	störes	ADJ;INDF;NEUT;SG	V;PASS;IND;PRS	C
ställt	ställa	ADJ;INDF;NEUT;SG	V;ACT;NFIN	C
styrkas	styrkes	ADJ;INDF;GEN;PL	V;PASS;IND;PRS	C
upprättade	upprätta	ADJ;DEF;PL	V;IMP	C
släktens	släkte	N;DEF;GEN;SG	N;INDF;NOM;SG	C
valkares	valkare	N;INDF;GEN;PL	N;INDF;NOM;SG	C
förre	förras	V.PTCP;PST	ADJ;INDF;GEN;PL	C
skäras	skäres	ADJ;INDF;GEN;PL	V;PASS;IND;PRS	C
skylt	skylde	ADJ;INDF;NEUT;SG	V;ACT;IND;PST	C
väckt	väckes	ADJ;INDF;NEUT;SG	V;PASS;IND;PRS	C
gap	gapet	N;INDF;NOM;SG	N;DEF;NOM;SG	C
uppförde	uppfört	V;ACT;IND;PST	ADJ;INDF;NEUT;SG	C
rövar	rövare	V;ACT;IND;PRS	N;INDF;NOM;PL	C
räddades	räddade	V;PASS;IND;PST	ADJ;DEF;PL	C
garnet	garn	N;DEF;NOM;SG	N;INDF;NOM;SG	C
gemaket	gemak	N;DEF;NOM;SG	N;INDF;NOM;SG	C
omstörtades	omstörtade	V;PASS;IND;PST	ADJ;DEF;PL	C
arme	arms	V.PTCP;PST	N;INDF;GEN;SG	C
släckt	släcka	ADJ;INDF;NEUT;SG	V;ACT;NFIN	C
mätta	mättas	V;IMP	V;PASS;NFIN	C
beseglades	beseglade	V;PASS;IND;PST	ADJ;DEF;PL	C
vakttornet	vakttorn	N;DEF;NOM;SG	N;INDF;NOM;SG	C
fördolda	fördolde	V;ACT;NFIN	V.PTCP;PST	C
övergivna	övergiven	V;ACT;NFIN	ADJ;INDF;MASC+FEM;SG	C
bjude	bjuda	V.PTCP;PST	V;ACT;NFIN	C
sändas	sändes	ADJ;INDF;GEN;PL	V;PASS;IND;PRS	C
ställde	ställt	V;ACT;IND;PST	ADJ;INDF;NEUT;SG	C
utkräves	utkräva	V;PASS;IND;PRS	V;ACT;NFIN	C
lämnade	lämnades	ADJ;DEF;PL	V;PASS;IND;PST	C
beskärde	beskäres	V;ACT;IND;PST	V;PASS;IND;PRS	C
plågade	plåga	ADJ;DEF;PL	V;IMP	C
ställde	ställa	V;ACT;IND;PST	V;ACT;NFIN	C
tröstar	tröstare	V;ACT;IND;PRS	N;INDF;NOM;PL	C
upprättades	upprätta	V;PASS;IND;PST	V;IMP	C
visas	visade	V;PASS;NFIN	ADJ;DEF;PL	C
läst	läses	ADJ;INDF;NEUT;SG	V;PASS;IND;PRS	C
lösa	lösas	V;ACT;NFIN	ADJ;INDF;GEN;PL	C
släckes	släcka	V;PASS;IND;PRS	V;ACT;NFIN	C
smälta	smältas	V;ACT;NFIN	ADJ;INDF;GEN;PL	C
stjäle	stjäla	V.PTCP;PST	V;ACT;NFIN	C
mätt	mäta	ADJ;INDF;NEUT;SG	V;ACT;NFIN	C
svin	svinet	N;INDF;NOM;SG	N;DEF;NOM;SG	C
födda	födde	V;ACT;NFIN	V;ACT;IND;PST	C
bitens	bitarna	N;DEF;GEN;SG	N;DEF;NOM;PL	C
ödmjuka	ödmjukade	V;IMP	ADJ;DEF;PL	C
förbjudes	förbjuda	V;PASS;IND;PRS	V;ACT;NFIN	C
drages	draga	V;PASS;IND;PRS	V;ACT;NFIN	C
valkare	valkares	N;INDF;NOM;SG	N;INDF;GEN;PL	C
odjur	odjuret	N;INDF;NOM;SG	N;DEF;NOM;SG	C
log	logarna	N;INDF;NOM;SG	N;DEF;NOM;PL	C
tändas	tända	ADJ;INDF;GEN;PL	V;ACT;NFIN	C
släktens	släkt	N;DEF;GEN;SG	N;INDF;NOM;SG	C
föröda	förödes	V;ACT;NFIN	V;PASS;IND;PRS	C
