малый	малы	ADJ;ACC;MASC;SG	N;NOM;PL	TGT_SLOT_ERROR
пленным	плену	ADJ;INS;NEUT;SG	V;FUT;1;SG	PARADIGM_ERROR;TGT_SLOT_ERROR
посылать	посылала	ADJ;GEN;FEM;SG	ADJ;FEM;SG;LGSPEC1	SRC_SLOT_ERROR;TGT_SLOT_ERROR
завладел	завладели	ADJ;MASC;SG;LGSPEC1	V.CVB	SRC_SLOT_ERROR;TGT_SLOT_ERROR
привели	привела	N;NOM;PL	N;GEN;SG	SRC_SLOT_ERROR;TGT_SLOT_ERROR
поручали	поручился	V;PST;PL	V;PST;SG;MASC	PARADIGM_ERROR
разговаривал	разговаривают	ADJ;MASC;SG;LGSPEC1	V;FUT;3;PL	SRC_SLOT_ERROR;TGT_SLOT_ERROR
подними	поднимали	V;IMP;2;SG	V;PST;PL	PARADIGM_ERROR
достать	достали	ADJ;GEN;FEM;SG	V.CVB	SRC_SLOT_ERROR;TGT_SLOT_ERROR
води	воду	V;IMP;2;SG	V;FUT;1;SG	POS_PAIR_ERROR;TGT_SLOT_ERROR
отнят	отнята	N;NOM;SG	N;GEN;SG	SRC_SLOT_ERROR;TGT_SLOT_ERROR
Какое	Какой	ADJ;NOM;NEUT;SG	ADJ;ESS;FEM;SG	SRC_SLOT_ERROR;TGT_SLOT_ERROR
заперли	заперла	V.CVB	ADJ;FEM;SG;LGSPEC1	SRC_SLOT_ERROR;TGT_SLOT_ERROR
язве	язвою	N;ESS;SG	ADJ;INS;FEM;SG	TGT_SLOT_ERROR
невеждам	невежд	N;DAT;PL	N;NOM;SG	TGT_SLOT_ERROR
пух	пухли	N;ACC;SG	V.CVB	TGT_SLOT_ERROR
большую	большом	ADJ;ACC;FEM;SG	N;INS;SG	TGT_SLOT_ERROR
отделен	отделился	V.PTCP;PASS;PST	V;PST;SG;MASC	PARADIGM_ERROR
позвали	позвать	V.CVB	ADJ;GEN;FEM;SG	SRC_SLOT_ERROR;TGT_SLOT_ERROR
поднято	поднята	N;ESS;SG	N;GEN;SG	SRC_SLOT_ERROR;TGT_SLOT_ERROR
возлегло	возлег	V;PST;SG;NEUT	N;ACC;SG	TGT_SLOT_ERROR
затворит	затворив	V;FUT;3;SG	V.CVB;PST	POS_PAIR_ERROR
собрать	собрали	ADJ;GEN;FEM;SG	V.CVB	SRC_SLOT_ERROR;TGT_SLOT_ERROR
которого	которую	ADJ;GEN;MASC;SG	ADJ;ACC;FEM;SG	SRC_SLOT_ERROR;TGT_SLOT_ERROR
желающий	желать	V.PTCP;ACT;PRS	ADJ;GEN;FEM;SG	TGT_SLOT_ERROR
иной	иных	ADJ;ESS;FEM;SG	N;GEN;PL	SRC_POS_ERROR;SRC_SLOT_ERROR
какою	каком	ADJ;INS;FEM;SG	N;INS;SG	SRC_SLOT_ERROR;TGT_SLOT_ERROR
другого	другую	ADJ;GEN;MASC;SG	ADJ;ACC;FEM;SG	TGT_POS_ERROR;SRC_SLOT_ERROR;TGT_SLOT_ERROR
выслушали	выслушай	V.CVB	N;ACC;SG	SRC_SLOT_ERROR;TGT_SLOT_ERROR
дерзновении	дерзновением	N;ACC;PL	V;PRS;1;PL	SRC_SLOT_ERROR;TGT_SLOT_ERROR
ваш	ваше	N;NOM;SG	N;ESS;SG	SRC_SLOT_ERROR;TGT_SLOT_ERROR
могли	мог	V.CVB	N;ACC;SG	SRC_SLOT_ERROR;TGT_SLOT_ERROR
Мать	Мало	ADJ;GEN;FEM;SG	V;PST;SG;NEUT	POS_PAIR_ERROR;SRC_SLOT_ERROR;TGT_SLOT_ERROR
попирать	попирали	ADJ;GEN;FEM;SG	V.CVB	SRC_SLOT_ERROR;TGT_SLOT_ERROR
царскою	царски	ADJ;INS;FEM;SG	N;NOM;PL	TGT_SLOT_ERROR
родили	родился	V;PST;PL	V;PST;SG;MASC	PARADIGM_ERROR
разводите	разводное	V;FUT;2;PL	ADJ;ACC;NEUT;SG	POS_PAIR_ERROR;SRC_SLOT_ERROR
самого	самая	ADJ;GEN;MASC;SG	ADJ;NOM;FEM;SG	SRC_POS_ERROR;TGT_POS_ERROR;SRC_SLOT_ERROR;TGT_SLOT_ERROR
покрыла	покрыли	N;GEN;SG	N;NOM;PL	SRC_SLOT_ERROR;TGT_SLOT_ERROR
мертвою	мертвых	ADJ;INS;FEM;SG	N;GEN;PL	POS_PAIR_ERROR
условии	условие	N;NOM;PL	N;ESS;SG	SRC_SLOT_ERROR;TGT_SLOT_ERROR
ожить	ожил	ADJ;GEN;FEM;SG	ADJ;MASC;SG;LGSPEC1	SRC_SLOT_ERROR;TGT_SLOT_ERROR
твердая	твердых	ADJ;NOM;FEM;SG	N;GEN;PL	TGT_SLOT_ERROR
поручился	поручен	V;PST;SG;MASC	V.PTCP;PASS;PST	PARADIGM_ERROR
другое	другом	ADJ;NOM;NEUT;SG	N;INS;SG	SRC_POS_ERROR;SRC_SLOT_ERROR
родных	родит	ADJ;ESS;PL	V;FUT;3;SG	POS_PAIR_ERROR
божествах	божество	N;ESS;PL	N;ESS;SG	TGT_SLOT_ERROR
смирить	смирен	V;NFIN	V.PTCP;PASS;PST	POS_PAIR_ERROR
каждого	каждом	ADJ;GEN;MASC;SG	N;INS;SG	SRC_POS_ERROR;TGT_POS_ERROR;SRC_SLOT_ERROR;TGT_SLOT_ERROR
отсчитать	отсчитай	ADJ;GEN;FEM;SG	N;ACC;SG	SRC_SLOT_ERROR;TGT_SLOT_ERROR
отвели	отвела	N;NOM;PL	N;GEN;SG	SRC_SLOT_ERROR;TGT_SLOT_ERROR
худом	худ	N;INS;SG	N;NOM;SG	TGT_SLOT_ERROR
скрывала	скрывать	ADJ;FEM;SG;LGSPEC1	ADJ;GEN;FEM;SG	SRC_SLOT_ERROR;TGT_SLOT_ERROR
каждом	каждую	N;INS;SG	ADJ;ACC;FEM;SG	SRC_POS_ERROR;TGT_POS_ERROR;SRC_SLOT_ERROR;TGT_SLOT_ERROR
считал	считай	ADJ;MASC;SG;LGSPEC1	N;ACC;SG	SRC_SLOT_ERROR;TGT_SLOT_ERROR
питай	питать	N;ACC;SG	ADJ;GEN;FEM;SG	SRC_SLOT_ERROR;TGT_SLOT_ERROR
звезд	звезду	N;NOM;SG	N;DAT;SG	SRC_SLOT_ERROR;TGT_SLOT_ERROR
сказывала	сказывай	ADJ;FEM;SG;LGSPEC1	N;ACC;SG	SRC_SLOT_ERROR;TGT_SLOT_ERROR
написали	написать	V.CVB	ADJ;GEN;FEM;SG	SRC_SLOT_ERROR;TGT_SLOT_ERROR
отплыли	отплыл	N;ACC;PL	N;ACC;SG	SRC_SLOT_ERROR;TGT_SLOT_ERROR
показывай	показывать	N;ACC;SG	ADJ;GEN;FEM;SG	SRC_SLOT_ERROR;TGT_SLOT_ERROR
стоишь	стоите	V;FUT;2;SG	V;FUT;2;PL	SRC_SLOT_ERROR;TGT_SLOT_ERROR
называйте	называй	V;IMP;2;PL	N;ACC;SG	TGT_SLOT_ERROR
начертай	начертали	N;ACC;SG	V.CVB	SRC_SLOT_ERROR;TGT_SLOT_ERROR
корму	кормите	V;FUT;1;SG	V;FUT;2;PL	POS_PAIR_ERROR;SRC_SLOT_ERROR;TGT_SLOT_ERROR
малым	малом	ADJ;INS;MASC;SG	N;INS;SG	TGT_SLOT_ERROR
сказывайте	сказывала	V;IMP;2;PL	ADJ;FEM;SG;LGSPEC1	TGT_SLOT_ERROR
узнать	узнала	ADJ;GEN;FEM;SG	ADJ;FEM;SG;LGSPEC1	SRC_SLOT_ERROR;TGT_SLOT_ERROR
составить	составился	V;NFIN	V;PST;SG;MASC	PARADIGM_ERROR
твердое	тверди	ADJ;NOM;NEUT;SG	N;NOM;PL	POS_PAIR_ERROR
Моисеевы	Моисеевым	N;NOM;PL	ADJ;INS;MASC;SG	SRC_POS_ERROR;TGT_POS_ERROR;SRC_SLOT_ERROR;TGT_SLOT_ERROR
принимала	принимали	ADJ;FEM;SG;LGSPEC1	V.CVB	SRC_SLOT_ERROR;TGT_SLOT_ERROR
иным	иной	ADJ;INS;MASC;SG	ADJ;ESS;FEM;SG	TGT_POS_ERROR;SRC_SLOT_ERROR;TGT_SLOT_ERROR
превозносили	превозносите	V;PST;PL	V;FUT;2;PL	TGT_SLOT_ERROR
Котором	Которого	N;INS;SG	ADJ;GEN;MASC;SG	SRC_SLOT_ERROR;TGT_SLOT_ERROR
манною	манна	ADJ;INS;FEM;SG	N;GEN;SG	TGT_SLOT_ERROR
обманула	обмануть	ADJ;FEM;SG;LGSPEC1	ADJ;GEN;FEM;SG	SRC_SLOT_ERROR;TGT_SLOT_ERROR
траву	трава	N;DAT;SG	N;GEN;SG	SRC_SLOT_ERROR;TGT_SLOT_ERROR
доброю	добром	ADJ;INS;FEM;SG	N;INS;SG	POS_PAIR_ERROR
поешь	пола	V;PRS;2;SG	ADJ;FEM;SG;LGSPEC1	POS_PAIR_ERROR
поем	пол	V;PRS;1;PL	ADJ;MASC;SG;LGSPEC1	PARADIGM_ERROR
разить	разные	V;NFIN	ADJ;NOM;PL	POS_PAIR_ERROR
они	он	N;NOM;PL	N;NOM;SG	PARADIGM_ERROR;SRC_SLOT_ERROR
поручился	поручили	V;PST;SG;MASC	V;PST;PL	PARADIGM_ERROR
слушало	слушать	V;PST;SG;NEUT	ADJ;GEN;FEM;SG	TGT_SLOT_ERROR
страшные	страшился	ADJ;NOM;PL	V;PST;SG;MASC	POS_PAIR_ERROR
открытую	открытом	ADJ;ACC;FEM;SG	N;INS;SG	TGT_SLOT_ERROR
открыто	открытом	N;ESS;SG	N;INS;SG	SRC_SLOT_ERROR;TGT_SLOT_ERROR
нечисты	нечист	N;NOM;PL	N;NOM;SG	SRC_SLOT_ERROR;TGT_SLOT_ERROR
питай	питали	N;ACC;SG	V.CVB	SRC_SLOT_ERROR;TGT_SLOT_ERROR
производить	производите	V;NFIN	V;FUT;2;PL	TGT_SLOT_ERROR
похвалить	похвалился	V;NFIN	V;PST;SG;MASC	PARADIGM_ERROR
преследовали	преследовать	V.CVB	ADJ;GEN;FEM;SG	SRC_SLOT_ERROR;TGT_SLOT_ERROR
язвами	язва	N;INS;PL	N;GEN;SG	TGT_SLOT_ERROR
представляй	представляла	N;ACC;SG	ADJ;FEM;SG;LGSPEC1	SRC_SLOT_ERROR;TGT_SLOT_ERROR
обличить	обличились	V;NFIN	PRN;DAT;SG	TGT_LEXICAL_ERROR
Самой	Самого	ADJ;ESS;FEM;SG	ADJ;GEN;MASC;SG	SRC_POS_ERROR;TGT_POS_ERROR;SRC_SLOT_ERROR;TGT_SLOT_ERROR
благом	благи	N;INS;SG	N;NOM;PL	TGT_SLOT_ERROR
покрывало	покрывал	V;PST;SG;NEUT	ADJ;MASC;SG;LGSPEC1	TGT_SLOT_ERROR
как	каком	N;NOM;SG	N;INS;SG	POS_PAIR_ERROR;SRC_POS_ERROR;SRC_SLOT_ERROR;TGT_SLOT_ERROR
обещать	обещал	ADJ;GEN;FEM;SG	ADJ;MASC;SG;LGSPEC1	SRC_SLOT_ERROR;TGT_SLOT_ERROR
последовала	последовать	ADJ;FEM;SG;LGSPEC1	ADJ;GEN;FEM;SG	SRC_SLOT_ERROR;TGT_SLOT_ERROR
живая	живых	ADJ;NOM;FEM;SG	N;GEN;PL	POS_PAIR_ERROR
они	она	N;NOM;PL	N;GEN;SG	PARADIGM_ERROR;SRC_SLOT_ERROR;TGT_SLOT_ERROR
целовали	целовала	V.CVB	ADJ;FEM;SG;LGSPEC1	SRC_SLOT_ERROR;TGT_SLOT_ERROR
убийца	убийц	N;GEN;SG	N;NOM;SG	SRC_SLOT_ERROR;TGT_SLOT_ERROR
святою	святых	ADJ;INS;FEM;SG	N;GEN;PL	POS_PAIR_ERROR
родишь	роду	V;FUT;2;SG	V;FUT;1;SG	POS_PAIR_ERROR;TGT_SLOT_ERROR
положила	положен	V;PST;SG;FEM	V.PTCP;PASS;PST	POS_PAIR_ERROR
принимай	принимала	N;ACC;SG	ADJ;FEM;SG;LGSPEC1	SRC_SLOT_ERROR;TGT_SLOT_ERROR
будь	будешь	N;ACC;SG	V;PRS;2;SG	SRC_SLOT_ERROR;TGT_SLOT_ERROR
всяком	всякой	N;INS;SG	ADJ;ESS;FEM;SG	SRC_SLOT_ERROR;TGT_SLOT_ERROR
проклятою	проклят	ADJ;INS;FEM;SG	N;NOM;SG	TGT_SLOT_ERROR
преуспевайте	преуспевали	V;IMP;2;PL	V.CVB	TGT_SLOT_ERROR
имело	имеют	V;PST;SG;NEUT	V;FUT;3;PL	TGT_SLOT_ERROR
научился	научите	V;PST;SG;MASC	V;FUT;2;PL	PARADIGM_ERROR
уповайте	уповать	V;IMP;2;PL	ADJ;GEN;FEM;SG	TGT_SLOT_ERROR
целое	целом	ADJ;NOM;NEUT;SG	N;INS;SG	TGT_SLOT_ERROR
приблизился	приблизить	V;PST;SG;MASC	V;NFIN	PARADIGM_ERROR
самое	самом	ADJ;NOM;NEUT;SG	N;INS;SG	SRC_POS_ERROR;TGT_POS_ERROR;SRC_SLOT_ERROR;TGT_SLOT_ERROR
половине	половиною	N;ESS;SG	ADJ;INS;FEM;SG	TGT_SLOT_ERROR
обвязывать	обвязывай	ADJ;GEN;FEM;SG	N;ACC;SG	SRC_SLOT_ERROR;TGT_SLOT_ERROR
буду	будь	V;PRS;1;SG	N;ACC;SG	SRC_SLOT_ERROR;TGT_SLOT_ERROR
пугать	пугал	ADJ;GEN;FEM;SG	ADJ;MASC;SG;LGSPEC1	SRC_SLOT_ERROR;TGT_SLOT_ERROR
избить	избили	ADJ;GEN;FEM;SG	V.CVB	SRC_SLOT_ERROR;TGT_SLOT_ERROR
Всем	Вся	V;PRS;1;PL	V.CVB;PRS	SRC_SLOT_ERROR;TGT_SLOT_ERROR
держи	держу	V;IMP;2;SG	V;FUT;1;SG	TGT_SLOT_ERROR
дал	даем	ADJ;MASC;SG;LGSPEC1	V;PRS;1;PL	PARADIGM_ERROR
святую	святом	ADJ;ACC;FEM;SG	N;INS;SG	TGT_SLOT_ERROR
жертвы	жертв	N;NOM;PL	N;NOM;SG	TGT_SLOT_ERROR
могла	могли	ADJ;FEM;SG;LGSPEC1	V.CVB	SRC_SLOT_ERROR;TGT_SLOT_ERROR
открыт	открытых	N;NOM;SG	N;GEN;PL	SRC_SLOT_ERROR;TGT_SLOT_ERROR
судить	судив	V;NFIN	V.CVB;PST	POS_PAIR_ERROR
всякая	всякое	ADJ;NOM;FEM;SG	ADJ;NOM;NEUT;SG	SRC_SLOT_ERROR;TGT_SLOT_ERROR
могло	могли	V;PST;SG;NEUT	V.CVB	TGT_SLOT_ERROR
да	дали	N;ACC;SG	V.CVB	POS_PAIR_ERROR;SRC_POS_ERROR;TGT_SLOT_ERROR
сироту	сирота	N;DAT;SG	N;GEN;SG	SRC_SLOT_ERROR;TGT_SLOT_ERROR
жилой	жил	ADJ;ESS;FEM;SG	N;NOM;SG	TGT_SLOT_ERROR
ради	рада	N;NOM;PL	N;GEN;SG	POS_PAIR_ERROR;SRC_POS_ERROR
оказывайте	оказывай	V;IMP;2;PL	N;ACC;SG	TGT_SLOT_ERROR
всякою	всякую	ADJ;INS;FEM;SG	ADJ;ACC;FEM;SG	SRC_SLOT_ERROR;TGT_SLOT_ERROR
напоили	напоен	V;PST;PL	V.PTCP;PASS;PST	POS_PAIR_ERROR
воспламенился	воспламенили	V;PST;SG;MASC	V;PST;PL	PARADIGM_ERROR
прямою	прямых	ADJ;INS;FEM;SG	N;GEN;PL	POS_PAIR_ERROR
другого	другая	ADJ;GEN;MASC;SG	ADJ;NOM;FEM;SG	TGT_POS_ERROR;SRC_SLOT_ERROR;TGT_SLOT_ERROR
скрывайте	скрывала	V;IMP;2;PL	ADJ;FEM;SG;LGSPEC1	TGT_SLOT_ERROR
молили	молите	V;PST;PL	V;FUT;2;PL	TGT_SLOT_ERROR
вмещать	вмещала	ADJ;GEN;FEM;SG	ADJ;FEM;SG;LGSPEC1	SRC_SLOT_ERROR;TGT_SLOT_ERROR
малым	мал	ADJ;INS;MASC;SG	N;NOM;SG	TGT_SLOT_ERROR
оборотился	оборотили	V;PST;SG;MASC	V;PST;PL	PARADIGM_ERROR
воронов	вороные	N;GEN;PL	ADJ;ACC;PL	PARADIGM_ERROR
сказывай	сказывать	N;ACC;SG	ADJ;GEN;FEM;SG	SRC_SLOT_ERROR;TGT_SLOT_ERROR
подбирать	подбирала	ADJ;GEN;FEM;SG	ADJ;FEM;SG;LGSPEC1	SRC_SLOT_ERROR;TGT_SLOT_ERROR
родным	роду	ADJ;INS;NEUT;SG	V;FUT;1;SG	PARADIGM_ERROR;TGT_SLOT_ERROR
поступили	поступив	V;PST;PL	V.CVB;PST	POS_PAIR_ERROR
ободрился	ободри	V;PST;SG;MASC	V;IMP;2;SG	PARADIGM_ERROR
самой	самом	ADJ;ESS;FEM;SG	N;INS;SG	SRC_POS_ERROR;TGT_POS_ERROR;SRC_SLOT_ERROR;TGT_SLOT_ERROR
требовали	требовать	V.CVB	ADJ;GEN;FEM;SG	SRC_SLOT_ERROR;TGT_SLOT_ERROR
возьмете	возьмет	V;PRS;2;PL	V;PRS;3;SG	SRC_SLOT_ERROR;TGT_SLOT_ERROR
пожалуйте	пожалуй	V;IMP;2;PL	N;ACC;SG	TGT_SLOT_ERROR
возьмешь	возьмет	V;PRS;2;SG	V;PRS;3;SG	SRC_SLOT_ERROR;TGT_SLOT_ERROR
родить	роду	V;NFIN	V;FUT;1;SG	POS_PAIR_ERROR;TGT_SLOT_ERROR
иная	иного	ADJ;NOM;FEM;SG	ADJ;GEN;MASC;SG	SRC_POS_ERROR;SRC_SLOT_ERROR;TGT_SLOT_ERROR
узнаем	узнай	V;PRS;1;PL	N;ACC;SG	TGT_SLOT_ERROR
нечистой	нечисты	ADJ;ESS;FEM;SG	N;NOM;PL	TGT_SLOT_ERROR
захотели	захотела	N;NOM;PL	N;GEN;SG	SRC_SLOT_ERROR;TGT_SLOT_ERROR
нечистых	нечиста	N;GEN;PL	N;GEN;SG	TGT_SLOT_ERROR
уду	удали	V;FUT;1;SG	V;PST;PL	PARADIGM_ERROR;SRC_SLOT_ERROR;TGT_SLOT_ERROR
умерло	умер	V;PST;SG;NEUT	N;ACC;SG	TGT_SLOT_ERROR
тварь	твари	N;ACC;SG	N;ACC;PL	TGT_SLOT_ERROR
возливать	возливай	ADJ;GEN;FEM;SG	N;ACC;SG	SRC_SLOT_ERROR;TGT_SLOT_ERROR
закричал	закричали	ADJ;MASC;SG;LGSPEC1	V.CVB	SRC_SLOT_ERROR;TGT_SLOT_ERROR
выдавать	выдавали	ADJ;GEN;FEM;SG	V.CVB	SRC_SLOT_ERROR;TGT_SLOT_ERROR
возроптал	возроптали	N;ACC;SG	N;ACC;PL	SRC_SLOT_ERROR;TGT_SLOT_ERROR
жала	жало	N;GEN;SG	N;ESS;SG	TGT_SLOT_ERROR
выступите	выступив	V;FUT;2;PL	V.CVB;PST	POS_PAIR_ERROR
сладкою	сладкие	ADJ;INS;FEM;SG	V.PTCP;ACT;PST	TGT_SLOT_ERROR
звезды	звезду	N;NOM;PL	N;DAT;SG	TGT_SLOT_ERROR
споры	спорили	V;IMP;2;SG	V;PST;PL	POS_PAIR_ERROR;SRC_SLOT_ERROR
которым	котором	ADJ;INS;MASC;SG	N;INS;SG	SRC_SLOT_ERROR;TGT_SLOT_ERROR
променяли	променяй	V.CVB	N;ACC;SG	SRC_SLOT_ERROR;TGT_SLOT_ERROR
оставлять	оставляли	ADJ;GEN;FEM;SG	V.CVB	SRC_SLOT_ERROR;TGT_SLOT_ERROR
сатаною	сатана	ADJ;INS;FEM;SG	N;GEN;SG	SRC_SLOT_ERROR;TGT_SLOT_ERROR
огорчить	огорчился	V;NFIN	V;PST;SG;MASC	PARADIGM_ERROR
узнаю	узнай	V;PRS;1;SG	N;ACC;SG	TGT_SLOT_ERROR
твердое	твердых	ADJ;NOM;NEUT;SG	N;GEN;PL	TGT_SLOT_ERROR
Самой	Сам	ADJ;ESS;FEM;SG	N;NOM;SG	SRC_POS_ERROR;TGT_POS_ERROR;SRC_SLOT_ERROR;TGT_SLOT_ERROR
помнила	помните	V;PST;SG;FEM	V;FUT;2;PL	TGT_SLOT_ERROR
кадила	кадите	V;PST;SG;FEM	V;FUT;2;PL	TGT_SLOT_ERROR
всходили	всходите	V;PST;PL	V;FUT;2;PL	TGT_SLOT_ERROR
Одни	Одного	N;NOM;PL	ADJ;GEN;MASC;SG	SRC_SLOT_ERROR;TGT_SLOT_ERROR
вороные	воронов	ADJ;ACC;PL	N;GEN;PL	PARADIGM_ERROR
презирайте	презирать	V;IMP;2;PL	ADJ;GEN;FEM;SG	TGT_SLOT_ERROR
возвысить	возвысился	V;NFIN	V;PST;SG;MASC	PARADIGM_ERROR
иссохло	иссох	V;PST;SG;NEUT	N;ACC;SG	TGT_SLOT_ERROR
искала	искали	ADJ;FEM;SG;LGSPEC1	V.CVB	SRC_SLOT_ERROR;TGT_SLOT_ERROR
несмысленные	несмысленное	ADJ;ACC;PL	ADJ;NOM;NEUT;SG	SRC_LEXICAL_ERROR
приветствуют	приветствуй	V;FUT;3;PL	N;ACC;SG	TGT_SLOT_ERROR
одолела	одолели	ADJ;FEM;SG;LGSPEC1	V.CVB	SRC_SLOT_ERROR;TGT_SLOT_ERROR
возьмете	возьми	V;PRS;2;PL	N;ACC;PL	SRC_SLOT_ERROR;TGT_SLOT_ERROR
нечиста	нечист	N;GEN;SG	N;NOM;SG	SRC_SLOT_ERROR;TGT_SLOT_ERROR
извратили	извратить	V.CVB	ADJ;GEN;FEM;SG	SRC_SLOT_ERROR;TGT_SLOT_ERROR
иных	иной	N;GEN;PL	ADJ;ESS;FEM;SG	TGT_POS_ERROR;TGT_SLOT_ERROR
утешился	утешали	V;PST;SG;MASC	V;PST;PL	PARADIGM_ERROR
никакою	никакой	ADJ;INS;FEM;SG	ADJ;ESS;FEM;SG	SRC_SLOT_ERROR;TGT_SLOT_ERROR
пребыл	пребыло	N;NOM;SG	N;ESS;SG	SRC_SLOT_ERROR;TGT_SLOT_ERROR
обличились	обличить	PRN;DAT;SG	V;NFIN	SRC_LEXICAL_ERROR
окружали	окружила	V;PST;PL	V;PST;SG;FEM	PARADIGM_ERROR
какое	какого	ADJ;NOM;NEUT;SG	ADJ;GEN;MASC;SG	SRC_SLOT_ERROR;TGT_SLOT_ERROR
пожирали	пожирала	V.CVB	ADJ;FEM;SG;LGSPEC1	SRC_SLOT_ERROR;TGT_SLOT_ERROR
бросился	бросили	V;PST;SG;MASC	V;PST;PL	PARADIGM_ERROR
мало	малом	N;ESS;SG	N;INS;SG	SRC_SLOT_ERROR;TGT_SLOT_ERROR
открытой	открытых	ADJ;ESS;FEM;SG	N;GEN;PL	TGT_SLOT_ERROR
теснился	тесните	V;PST;SG;MASC	V;FUT;2;PL	TGT_SLOT_ERROR
желали	желай	V.CVB	N;ACC;SG	SRC_SLOT_ERROR;TGT_SLOT_ERROR
укрепляли	укрепляй	V.CVB	N;ACC;SG	SRC_SLOT_ERROR;TGT_SLOT_ERROR
сухую	сухие	ADJ;ACC;FEM;SG	V.PTCP;ACT;PST	TGT_SLOT_ERROR
показывали	показывать	V.CVB	ADJ;GEN;FEM;SG	SRC_SLOT_ERROR;TGT_SLOT_ERROR
познаешь	познать	V;PRS;2;SG	ADJ;GEN;FEM;SG	TGT_SLOT_ERROR
нага	наг	N;GEN;SG	N;NOM;SG	SRC_SLOT_ERROR;TGT_SLOT_ERROR
родишь	родных	V;FUT;2;SG	ADJ;ESS;PL	POS_PAIR_ERROR
страшных	страшился	ADJ;ESS;PL	V;PST;SG;MASC	POS_PAIR_ERROR
покрывали	покрывать	V.CVB	ADJ;GEN;FEM;SG	SRC_SLOT_ERROR;TGT_SLOT_ERROR
цели	целое	N;NOM;PL	ADJ;NOM;NEUT;SG	PARADIGM_ERROR
разбит	разбился	V;FUT;3;SG	V;PST;SG;MASC	PARADIGM_ERROR;SRC_SLOT_ERROR
всякого	всякое	ADJ;GEN;MASC;SG	ADJ;NOM;NEUT;SG	SRC_SLOT_ERROR;TGT_SLOT_ERROR
Яви	Явился	V;IMP;2;SG	V;PST;SG;MASC	PARADIGM_ERROR
обратите	обратился	V;FUT;2;PL	V;PST;SG;MASC	PARADIGM_ERROR
воронов	вороной	N;GEN;PL	ADJ;ESS;FEM;SG	PARADIGM_ERROR
снимите	снимали	V;FUT;2;PL	V;PST;PL	PARADIGM_ERROR;SRC_SLOT_ERROR
звездам	звезд	N;DAT;PL	N;NOM;SG	TGT_SLOT_ERROR
начинайте	начинали	V;IMP;2;PL	V.CVB	TGT_SLOT_ERROR
ваш	ваши	N;NOM;SG	N;NOM;PL	SRC_SLOT_ERROR;TGT_SLOT_ERROR
которого	которых	ADJ;GEN;MASC;SG	N;GEN;PL	SRC_SLOT_ERROR;TGT_SLOT_ERROR
возвратился	возвратили	V;PST;SG;MASC	V;PST;PL	PARADIGM_ERROR
познаю	познала	V;PRS;1;SG	ADJ;FEM;SG;LGSPEC1	TGT_SLOT_ERROR
споры	спорить	V;IMP;2;SG	V;NFIN	POS_PAIR_ERROR;SRC_SLOT_ERROR
предавать	предавай	ADJ;GEN;FEM;SG	N;ACC;SG	SRC_SLOT_ERROR;TGT_SLOT_ERROR
гуслист	гуслистов	N;NOM;SG	N;GEN;PL	SRC_LEXICAL_ERROR
десятой	десяти	ADJ;ESS;FEM;SG	N;NOM;PL	POS_PAIR_ERROR;SRC_SLOT_ERROR;TGT_SLOT_ERROR
эти	эта	N;NOM;PL	N;GEN;SG	SRC_POS_ERROR;SRC_SLOT_ERROR;TGT_SLOT_ERROR
главных	главы	ADJ;ESS;PL	V;IMP;2;SG	PARADIGM_ERROR;TGT_SLOT_ERROR
смутился	смутили	V;PST;SG;MASC	V;PST;PL	PARADIGM_ERROR
завладели	завладеть	V.CVB	ADJ;GEN;FEM;SG	SRC_SLOT_ERROR;TGT_SLOT_ERROR
признать	признали	ADJ;GEN;FEM;SG	V.CVB	SRC_SLOT_ERROR;TGT_SLOT_ERROR
воздали	воздай	V.CVB	N;ACC;SG	SRC_SLOT_ERROR;TGT_SLOT_ERROR
благе	благую	N;ESS;SG	ADJ;ACC;FEM;SG	POS_PAIR_ERROR
каждых	каждую	N;GEN;PL	ADJ;ACC;FEM;SG	SRC_POS_ERROR;TGT_POS_ERROR;SRC_SLOT_ERROR;TGT_SLOT_ERROR
которую	которой	ADJ;ACC;FEM;SG	ADJ;ESS;FEM;SG	SRC_SLOT_ERROR;TGT_SLOT_ERROR
вонзили	вонзила	N;NOM;PL	N;GEN;SG	SRC_SLOT_ERROR;TGT_SLOT_ERROR
отнятое	отнятого	ADJ;NOM;NEUT;SG	ADJ;GEN;MASC;SG	SRC_SLOT_ERROR;TGT_SLOT_ERROR
уснул	уснуть	ADJ;MASC;SG;LGSPEC1	ADJ;GEN;FEM;SG	SRC_SLOT_ERROR;TGT_SLOT_ERROR
сам	самым	N;NOM;SG	ADJ;INS;MASC;SG	SRC_POS_ERROR;TGT_POS_ERROR;SRC_SLOT_ERROR;TGT_SLOT_ERROR
моли	моя	V.CVB	V.CVB;PRS	PARADIGM_ERROR;SRC_SLOT_ERROR
встал	встать	ADJ;MASC;SG;LGSPEC1	ADJ;GEN;FEM;SG	SRC_SLOT_ERROR;TGT_SLOT_ERROR
родившие	родившая	V.PTCP;ACT;PST	ADJ;NOM;FEM;SG	TGT_SLOT_ERROR
поднимали	поднимите	V;PST;PL	V;FUT;2;PL	PARADIGM_ERROR;TGT_SLOT_ERROR
принимайте	принимала	V;IMP;2;PL	ADJ;FEM;SG;LGSPEC1	TGT_SLOT_ERROR
овце	овцою	N;ESS;SG	ADJ;INS;FEM;SG	TGT_SLOT_ERROR
тверд	твердом	N;NOM;SG	N;INS;SG	SRC_SLOT_ERROR;TGT_SLOT_ERROR
самый	самою	ADJ;ACC;MASC;SG	ADJ;INS;FEM;SG	SRC_POS_ERROR;TGT_POS_ERROR;SRC_SLOT_ERROR;TGT_SLOT_ERROR
пробыть	пробыл	ADJ;GEN;FEM;SG	ADJ;MASC;SG;LGSPEC1	SRC_SLOT_ERROR;TGT_SLOT_ERROR
слушало	слушала	V;PST;SG;NEUT	ADJ;FEM;SG;LGSPEC1	TGT_SLOT_ERROR
приветствуют	приветствующий	V;FUT;3;PL	V.PTCP;ACT;PRS	POS_PAIR_ERROR
пасли	пасть	V.CVB	ADJ;GEN;FEM;SG	PARADIGM_ERROR;SRC_SLOT_ERROR;TGT_SLOT_ERROR
сказало	сказала	V;PST;SG;NEUT	ADJ;FEM;SG;LGSPEC1	TGT_SLOT_ERROR
снисходить	снисходите	V;NFIN	V;FUT;2;PL	TGT_SLOT_ERROR
изблюешь	изблюет	V;PRS;2;SG	V;PRS;3;SG	SRC_SLOT_ERROR;TGT_SLOT_ERROR
взыскать	взыскали	ADJ;GEN;FEM;SG	V.CVB	SRC_SLOT_ERROR;TGT_SLOT_ERROR
всякую	всякой	ADJ;ACC;FEM;SG	ADJ;ESS;FEM;SG	SRC_SLOT_ERROR;TGT_SLOT_ERROR
исследовал	исследовали	ADJ;MASC;SG;LGSPEC1	V.CVB	SRC_SLOT_ERROR;TGT_SLOT_ERROR
слушайте	слушать	V;IMP;2;PL	ADJ;GEN;FEM;SG	TGT_SLOT_ERROR
Какой	Какое	ADJ;ESS;FEM;SG	ADJ;NOM;NEUT;SG	SRC_SLOT_ERROR;TGT_SLOT_ERROR
спустили	спустился	V;PST;PL	V;PST;SG;MASC	PARADIGM_ERROR
очистился	очистим	V;PST;SG;MASC	V;IMP;1;PL	PARADIGM_ERROR
какая	каком	ADJ;NOM;FEM;SG	N;INS;SG	SRC_SLOT_ERROR;TGT_SLOT_ERROR
обе	оба	N;ESS;SG	N;GEN;SG	SRC_SLOT_ERROR;TGT_SLOT_ERROR
нашем	наши	V;PRS;1;PL	N;ACC;PL	SRC_SLOT_ERROR;TGT_SLOT_ERROR
нехороша	нехорош	N;GEN;SG	N;NOM;SG	SRC_SLOT_ERROR;TGT_SLOT_ERROR
самые	самого	ADJ;ACC;PL	ADJ;GEN;MASC;SG	SRC_POS_ERROR;TGT_POS_ERROR;SRC_SLOT_ERROR;TGT_SLOT_ERROR
лиц	лицо	N;NOM;SG	N;ESS;SG	SRC_SLOT_ERROR;TGT_SLOT_ERROR
выпал	выпали	N;NOM;SG	N;NOM;PL	TGT_SLOT_ERROR
твой	твоем	N;ACC;SG	V;PRS;1;PL	SRC_SLOT_ERROR;TGT_SLOT_ERROR
правого	право	ADJ;GEN;MASC;SG	N;ESS;SG	TGT_SLOT_ERROR
пола	пою	ADJ;FEM;SG;LGSPEC1	V;PRS;1;SG	POS_PAIR_ERROR
познай	познать	N;ACC;SG	ADJ;GEN;FEM;SG	SRC_SLOT_ERROR;TGT_SLOT_ERROR
пойте	пой	V;IMP;2;PL	N;ACC;SG	TGT_SLOT_ERROR
они	оном	N;NOM;PL	N;INS;SG	POS_PAIR_ERROR;SRC_SLOT_ERROR;TGT_SLOT_ERROR
управляющий	управляй	V.PTCP;ACT;PRS	N;ACC;SG	TGT_SLOT_ERROR
приклонился	приклонили	V;PST;SG;MASC	V;PST;PL	PARADIGM_ERROR
проклинайте	проклинали	V;IMP;2;PL	V.CVB	TGT_SLOT_ERROR
называть	называли	ADJ;GEN;FEM;SG	V.CVB	SRC_SLOT_ERROR;TGT_SLOT_ERROR
могла	мог	ADJ;FEM;SG;LGSPEC1	N;ACC;SG	SRC_SLOT_ERROR;TGT_SLOT_ERROR
произвели	произвело	N;NOM;PL	N;ESS;SG	SRC_SLOT_ERROR;TGT_SLOT_ERROR
язвам	язв	N;DAT;PL	N;NOM;SG	TGT_SLOT_ERROR
оказывай	оказывать	N;ACC;SG	ADJ;GEN;FEM;SG	SRC_SLOT_ERROR;TGT_SLOT_ERROR
приложился	приложили	V;PST;SG;MASC	V;PST;PL	PARADIGM_ERROR
разводить	разводите	V;NFIN	V;FUT;2;PL	TGT_SLOT_ERROR
чьем	чья	V;PRS;1;PL	V.CVB;PRS	SRC_POS_ERROR;TGT_POS_ERROR;SRC_SLOT_ERROR;TGT_SLOT_ERROR
поя	по	V.CVB;PRS	N;ACC;SG	POS_PAIR_ERROR;TGT_POS_ERROR
скрыла	скрыли	N;GEN;SG	N;NOM;PL	SRC_SLOT_ERROR;TGT_SLOT_ERROR
иные	ином	ADJ;ACC;PL	N;INS;SG	SRC_SLOT_ERROR;TGT_SLOT_ERROR
нынешнем	нынешнему	N;NOM;SG	N;DAT;SG	SRC_SLOT_ERROR;TGT_SLOT_ERROR
отдать	отдай	ADJ;GEN;FEM;SG	N;ACC;SG	SRC_SLOT_ERROR;TGT_SLOT_ERROR
эта	этого	N;GEN;SG	ADJ;GEN;MASC;SG	SRC_SLOT_ERROR;TGT_SLOT_ERROR
постигла	постиг	ADJ;FEM;SG;LGSPEC1	N;ACC;SG	SRC_SLOT_ERROR;TGT_SLOT_ERROR
соблюдали	соблюди	V;PST;PL	V;IMP;2;SG	PARADIGM_ERROR
воззови	воззовем	N;ACC;PL	V;PRS;1;PL	SRC_SLOT_ERROR;TGT_SLOT_ERROR
пить	пил	ADJ;GEN;FEM;SG	ADJ;MASC;SG;LGSPEC1	SRC_SLOT_ERROR;TGT_SLOT_ERROR
завладеть	завладели	ADJ;GEN;FEM;SG	V.CVB	SRC_SLOT_ERROR;TGT_SLOT_ERROR
оном	они	N;INS;SG	N;NOM;PL	POS_PAIR_ERROR;SRC_SLOT_ERROR;TGT_SLOT_ERROR
возьмете	возьму	V;PRS;2;PL	V;PRS;1;SG	SRC_SLOT_ERROR;TGT_SLOT_ERROR
детях	дети	V;2;PL	N;ACC;PL	SRC_SLOT_ERROR;TGT_SLOT_ERROR
молодым	молодом	ADJ;INS;MASC;SG	N;INS;SG	TGT_SLOT_ERROR
эту	это	N;DAT;SG	N;ESS;SG	SRC_SLOT_ERROR;TGT_SLOT_ERROR
тверда	тверд	N;GEN;SG	N;NOM;SG	SRC_SLOT_ERROR;TGT_SLOT_ERROR
спустился	спустили	V;PST;SG;MASC	V;PST;PL	PARADIGM_ERROR
твердую	твердо	ADJ;ACC;FEM;SG	N;ESS;SG	POS_PAIR_ERROR
Какой	Какая	ADJ;ESS;FEM;SG	ADJ;NOM;FEM;SG	SRC_SLOT_ERROR;TGT_SLOT_ERROR
осквернить	осквернился	V;NFIN	V;PST;SG;MASC	PARADIGM_ERROR
второго	вторым	ADJ;GEN;MASC;SG	ADJ;INS;MASC;SG	SRC_SLOT_ERROR;TGT_SLOT_ERROR
заколения	заколали	DET;ACC;PL	V;PST;PL	SRC_LEXICAL_ERROR;TGT_LEXICAL_ERROR
самых	сама	N;GEN;PL	N;GEN;SG	SRC_POS_ERROR;TGT_POS_ERROR;SRC_SLOT_ERROR;TGT_SLOT_ERROR
располагая	располагал	V.CVB;PRS	ADJ;MASC;SG;LGSPEC1	TGT_SLOT_ERROR
новой	новом	ADJ;ESS;FEM;SG	N;INS;SG	TGT_SLOT_ERROR
скакали	скакать	V.CVB	ADJ;GEN;FEM;SG	SRC_SLOT_ERROR;TGT_SLOT_ERROR
слушала	слушали	ADJ;FEM;SG;LGSPEC1	V.CVB	SRC_SLOT_ERROR;TGT_SLOT_ERROR
отрезал	отрезать	ADJ;MASC;SG;LGSPEC1	ADJ;GEN;FEM;SG	SRC_SLOT_ERROR;TGT_SLOT_ERROR
умножили	умножился	V;PST;PL	V;PST;SG;MASC	PARADIGM_ERROR
он	она	N;NOM;SG	N;GEN;SG	PARADIGM_ERROR;TGT_SLOT_ERROR
умоляй	умоляла	N;ACC;SG	ADJ;FEM;SG;LGSPEC1	SRC_SLOT_ERROR;TGT_SLOT_ERROR
которою	которой	ADJ;INS;FEM;SG	ADJ;ESS;FEM;SG	SRC_SLOT_ERROR;TGT_SLOT_ERROR
родных	роду	ADJ;ESS;PL	V;FUT;1;SG	PARADIGM_ERROR;TGT_SLOT_ERROR
другой	другое	ADJ;ESS;FEM;SG	ADJ;NOM;NEUT;SG	TGT_POS_ERROR;SRC_SLOT_ERROR;TGT_SLOT_ERROR
заграждали	заграждать	V.CVB	ADJ;GEN;FEM;SG	SRC_SLOT_ERROR;TGT_SLOT_ERROR
всякую	всякая	ADJ;ACC;FEM;SG	ADJ;NOM;FEM;SG	SRC_SLOT_ERROR;TGT_SLOT_ERROR
наступить	наступив	V;NFIN	V.CVB;PST	POS_PAIR_ERROR
возвестили	возвестится	V;PST;PL	PRN;DAT;3;SG	TGT_LEXICAL_ERROR
привить	привился	V;NFIN	V;PST;SG;MASC	PARADIGM_ERROR
наши	нашла	N;ACC;PL	ADJ;FEM;SG;LGSPEC1	POS_PAIR_ERROR;SRC_SLOT_ERROR;TGT_SLOT_ERROR
изменился	изменит	V;PST;SG;MASC	V;FUT;3;SG	PARADIGM_ERROR
отнятого	отнятое	ADJ;GEN;MASC;SG	ADJ;NOM;NEUT;SG	SRC_SLOT_ERROR;TGT_SLOT_ERROR
произносила	произносите	V;PST;SG;FEM	V;FUT;2;PL	TGT_SLOT_ERROR
потерпела	потерпели	N;GEN;SG	N;NOM;PL	SRC_SLOT_ERROR;TGT_SLOT_ERROR
посрамился	посрами	V;PST;SG;MASC	V;IMP;2;SG	PARADIGM_ERROR
каждою	каждый	ADJ;INS;FEM;SG	ADJ;ACC;MASC;SG	SRC_POS_ERROR;TGT_POS_ERROR;SRC_SLOT_ERROR;TGT_SLOT_ERROR
нагою	нага	ADJ;INS;FEM;SG	N;GEN;SG	TGT_SLOT_ERROR
лег	легли	N;ACC;SG	V.CVB	SRC_SLOT_ERROR;TGT_SLOT_ERROR
преподали	преподала	V.CVB	ADJ;FEM;SG;LGSPEC1	SRC_SLOT_ERROR;TGT_SLOT_ERROR
ожесточился	ожесточили	V;PST;SG;MASC	V;PST;PL	PARADIGM_ERROR
отняты	отнята	N;NOM;PL	N;GEN;SG	SRC_SLOT_ERROR;TGT_SLOT_ERROR
которых	которые	N;GEN;PL	ADJ;ACC;PL	SRC_SLOT_ERROR;TGT_SLOT_ERROR
се	сел	N;ACC;SG	ADJ;MASC;SG;LGSPEC1	POS_PAIR_ERROR;SRC_SLOT_ERROR;TGT_SLOT_ERROR
покрывать	покрывал	ADJ;GEN;FEM;SG	ADJ;MASC;SG;LGSPEC1	SRC_SLOT_ERROR;TGT_SLOT_ERROR
судили	судив	V;PST;PL	V.CVB;PST	POS_PAIR_ERROR
жилами	жило	N;INS;PL	N;ESS;SG	TGT_SLOT_ERROR
Твоя	Твой	V.CVB;PRS	N;ACC;SG	SRC_SLOT_ERROR;TGT_SLOT_ERROR
который	которым	ADJ;ACC;MASC;SG	ADJ;INS;MASC;SG	SRC_SLOT_ERROR;TGT_SLOT_ERROR
пьем	пьющий	V;PRS;1;PL	V.PTCP;ACT;PRS	POS_PAIR_ERROR
всесожжении	всесожжением	N;ACC;PL	V;PRS;1;PL	SRC_SLOT_ERROR;TGT_SLOT_ERROR
Приветствуйте	Приветствуй	V;IMP;2;PL	N;ACC;SG	TGT_SLOT_ERROR
подумайте	подумал	V;IMP;2;PL	ADJ;MASC;SG;LGSPEC1	TGT_SLOT_ERROR
лизать	лизали	ADJ;GEN;FEM;SG	V.CVB	SRC_SLOT_ERROR;TGT_SLOT_ERROR
каждым	каждом	ADJ;INS;MASC;SG	N;INS;SG	SRC_POS_ERROR;TGT_POS_ERROR;SRC_SLOT_ERROR;TGT_SLOT_ERROR
отстали	отстать	V.CVB	ADJ;GEN;FEM;SG	SRC_SLOT_ERROR;TGT_SLOT_ERROR
царствовать	царствовали	ADJ;GEN;FEM;SG	V.CVB	SRC_SLOT_ERROR;TGT_SLOT_ERROR
сия	сии	V.CVB;PRS	N;ACC;PL	SRC_SLOT_ERROR;TGT_SLOT_ERROR
другая	другою	ADJ;NOM;FEM;SG	ADJ;INS;FEM;SG	SRC_POS_ERROR;TGT_POS_ERROR;SRC_SLOT_ERROR;TGT_SLOT_ERROR
выслушать	выслушай	ADJ;GEN;FEM;SG	N;ACC;SG	SRC_SLOT_ERROR;TGT_SLOT_ERROR
умерли	умер	V.CVB	N;ACC;SG	SRC_SLOT_ERROR;TGT_SLOT_ERROR
отослать	отослали	ADJ;GEN;FEM;SG	V.CVB	SRC_SLOT_ERROR;TGT_SLOT_ERROR
мыслить	мыслите	V;NFIN	V;FUT;2;PL	TGT_SLOT_ERROR
обратился	обратите	V;PST;SG;MASC	V;FUT;2;PL	PARADIGM_ERROR
уразумейте	уразуметь	V;IMP;2;PL	ADJ;GEN;FEM;SG	TGT_SLOT_ERROR
простирает	простирал	V;PRS;3;SG	ADJ;MASC;SG;LGSPEC1	TGT_SLOT_ERROR
вострепетал	вострепетали	N;NOM;SG	N;NOM;PL	SRC_SLOT_ERROR;TGT_SLOT_ERROR
написанных	написанное	ADJ;ESS;PL	ADJ;ACC;NEUT;SG	SRC_SLOT_ERROR;TGT_SLOT_ERROR
другою	другое	ADJ;INS;FEM;SG	ADJ;NOM;NEUT;SG	SRC_POS_ERROR;TGT_POS_ERROR;SRC_SLOT_ERROR;TGT_SLOT_ERROR
раскинули	раскинуть	V.CVB	ADJ;GEN;FEM;SG	SRC_SLOT_ERROR;TGT_SLOT_ERROR
разбросайте	разбросали	V;IMP;2;PL	V.CVB	TGT_SLOT_ERROR
языческой	язычески	ADJ;ESS;FEM;SG	N;NOM;PL	TGT_SLOT_ERROR
променяли	променять	V.CVB	ADJ;GEN;FEM;SG	SRC_SLOT_ERROR;TGT_SLOT_ERROR
Сделали	Сделай	V.CVB	N;ACC;SG	SRC_SLOT_ERROR;TGT_SLOT_ERROR
вспоминали	вспоминать	V.CVB	ADJ;GEN;FEM;SG	SRC_SLOT_ERROR;TGT_SLOT_ERROR
твою	твои	V;PRS;1;SG	N;ACC;PL	SRC_SLOT_ERROR;TGT_SLOT_ERROR
Хвали	Хвалите	V;IMP;2;SG	V;FUT;2;PL	TGT_SLOT_ERROR
возвысился	возвысили	V;PST;SG;MASC	V;PST;PL	PARADIGM_ERROR
напоить	напоен	V;NFIN	V.PTCP;PASS;PST	POS_PAIR_ERROR
воздали	воздать	V.CVB	ADJ;GEN;FEM;SG	SRC_SLOT_ERROR;TGT_SLOT_ERROR
согласился	согласного	V;PST;SG;MASC	ADJ;GEN;NEUT;SG	POS_PAIR_ERROR
поехали	поехал	V.CVB	ADJ;MASC;SG;LGSPEC1	SRC_SLOT_ERROR;TGT_SLOT_ERROR
вывези	вывез	N;ACC;PL	N;ACC;SG	SRC_SLOT_ERROR;TGT_SLOT_ERROR
возливали	возливала	V.CVB	ADJ;FEM;SG;LGSPEC1	SRC_SLOT_ERROR;TGT_SLOT_ERROR
каждые	каждом	ADJ;ACC;PL	N;INS;SG	SRC_POS_ERROR;TGT_POS_ERROR;SRC_SLOT_ERROR;TGT_SLOT_ERROR
откажу	откажи	V;PRS;1;SG	N;ACC;PL	SRC_SLOT_ERROR;TGT_SLOT_ERROR
огорчить	огорчали	V;NFIN	V;PST;PL	PARADIGM_ERROR
какую	какой	ADJ;ACC;FEM;SG	ADJ;ESS;FEM;SG	SRC_SLOT_ERROR;TGT_SLOT_ERROR
каждую	каждого	ADJ;ACC;FEM;SG	ADJ;GEN;MASC;SG	SRC_POS_ERROR;TGT_POS_ERROR;SRC_SLOT_ERROR;TGT_SLOT_ERROR
малого	малом	ADJ;GEN;MASC;SG	N;INS;SG	TGT_SLOT_ERROR
наш	нашем	N;ACC;SG	V;PRS;1;PL	TGT_SLOT_ERROR
приводили	приводите	V;PST;PL	V;FUT;2;PL	TGT_SLOT_ERROR
подняла	поднять	ADJ;FEM;SG;LGSPEC1	ADJ;GEN;FEM;SG	SRC_SLOT_ERROR;TGT_SLOT_ERROR
выдавали	выдавать	V.CVB	ADJ;GEN;FEM;SG	SRC_SLOT_ERROR;TGT_SLOT_ERROR
налагали	налагала	V.CVB	ADJ;FEM;SG;LGSPEC1	SRC_SLOT_ERROR;TGT_SLOT_ERROR
каждом	каждых	N;INS;SG	N;GEN;PL	SRC_POS_ERROR;TGT_POS_ERROR;SRC_SLOT_ERROR;TGT_SLOT_ERROR
собирать	собирай	ADJ;GEN;FEM;SG	N;ACC;SG	SRC_SLOT_ERROR;TGT_SLOT_ERROR
имеешь	имеют	V;PRS;2;SG	V;FUT;3;PL	TGT_SLOT_ERROR
умоляла	умоляй	ADJ;FEM;SG;LGSPEC1	N;ACC;SG	SRC_SLOT_ERROR;TGT_SLOT_ERROR
звездам	звезду	N;DAT;PL	N;DAT;SG	TGT_SLOT_ERROR
созвали	созвать	V.CVB	ADJ;GEN;FEM;SG	SRC_SLOT_ERROR;TGT_SLOT_ERROR
засохла	засохли	ADJ;FEM;SG;LGSPEC1	V.CVB	TGT_SLOT_ERROR
другое	другую	ADJ;NOM;NEUT;SG	ADJ;ACC;FEM;SG	SRC_POS_ERROR;TGT_POS_ERROR;SRC_SLOT_ERROR;TGT_SLOT_ERROR
Тобою	Тобой	V;PRS;1;SG	N;ACC;SG	SRC_SLOT_ERROR;TGT_SLOT_ERROR
истощила	истощился	V;PST;SG;FEM	V;PST;SG;MASC	PARADIGM_ERROR
Твои	Твоя	N;ACC;PL	V.CVB;PRS	SRC_SLOT_ERROR;TGT_SLOT_ERROR
эту	этом	N;DAT;SG	N;INS;SG	SRC_SLOT_ERROR;TGT_SLOT_ERROR
никакое	никакою	ADJ;NOM;NEUT;SG	ADJ;INS;FEM;SG	SRC_SLOT_ERROR;TGT_SLOT_ERROR
язву	язва	N;DAT;SG	N;GEN;SG	SRC_SLOT_ERROR;TGT_SLOT_ERROR
взглянул	взглянуть	ADJ;MASC;SG;LGSPEC1	ADJ;GEN;FEM;SG	SRC_SLOT_ERROR;TGT_SLOT_ERROR
отнеси	отнесла	N;ACC;PL	ADJ;FEM;SG;LGSPEC1	SRC_SLOT_ERROR;TGT_SLOT_ERROR
вынимали	вынимать	V.CVB	ADJ;GEN;FEM;SG	SRC_SLOT_ERROR;TGT_SLOT_ERROR
пробыл	пробыли	ADJ;MASC;SG;LGSPEC1	V.CVB	SRC_SLOT_ERROR;TGT_SLOT_ERROR
которым	которые	ADJ;INS;MASC;SG	ADJ;ACC;PL	SRC_SLOT_ERROR;TGT_SLOT_ERROR
каждым	каждая	ADJ;INS;MASC;SG	ADJ;NOM;FEM;SG	SRC_POS_ERROR;TGT_POS_ERROR;SRC_SLOT_ERROR;TGT_SLOT_ERROR
всякой	всякого	ADJ;ESS;FEM;SG	ADJ;GEN;MASC;SG	SRC_SLOT_ERROR;TGT_SLOT_ERROR
сказала	сказать	ADJ;FEM;SG;LGSPEC1	ADJ;GEN;FEM;SG	SRC_SLOT_ERROR;TGT_SLOT_ERROR
исцелился	исцели	V;PST;SG;MASC	V;IMP;2;SG	PARADIGM_ERROR
рассвирепел	рассвирепели	N;ACC;SG	N;ACC;PL	SRC_SLOT_ERROR;TGT_SLOT_ERROR
сказать	сказала	ADJ;GEN;FEM;SG	ADJ;FEM;SG;LGSPEC1	SRC_SLOT_ERROR;TGT_SLOT_ERROR
всходить	всходите	V;NFIN	V;FUT;2;PL	TGT_SLOT_ERROR
считаете	считать	V;PRS;2;PL	ADJ;GEN;FEM;SG	TGT_SLOT_ERROR
сам	сама	N;NOM;SG	N;GEN;SG	SRC_POS_ERROR;TGT_POS_ERROR;SRC_SLOT_ERROR;TGT_SLOT_ERROR
одела	одели	ADJ;FEM;SG;LGSPEC1	V.CVB	SRC_SLOT_ERROR;TGT_SLOT_ERROR
правых	право	N;GEN;PL	N;ESS;SG	TGT_SLOT_ERROR
стоим	стоит	V;IMP;1;PL	V;FUT;3;SG	SRC_SLOT_ERROR;TGT_SLOT_ERROR
нарушали	нарушить	V;PST;PL	V;NFIN	PARADIGM_ERROR
жала	жали	N;GEN;SG	N;NOM;PL	TGT_SLOT_ERROR
отделился	отделили	V;PST;SG;MASC	V;PST;PL	PARADIGM_ERROR
сделайте	сделай	V;IMP;2;PL	N;ACC;SG	TGT_SLOT_ERROR
почитали	почитать	V.CVB	ADJ;GEN;FEM;SG	SRC_SLOT_ERROR;TGT_SLOT_ERROR
назвали	назвала	N;NOM;PL	N;GEN;SG	SRC_SLOT_ERROR;TGT_SLOT_ERROR
будете	будем	V;PRS;2;PL	V;PRS;1;PL	SRC_SLOT_ERROR;TGT_SLOT_ERROR
поручился	поручали	V;PST;SG;MASC	V;PST;PL	PARADIGM_ERROR
служанке	служанкою	N;ESS;SG	ADJ;INS;FEM;SG	TGT_SLOT_ERROR
моем	моли	V;PRS;1;PL	V.CVB	PARADIGM_ERROR;TGT_SLOT_ERROR
жертве	жертва	N;ESS;SG	N;GEN;SG	TGT_SLOT_ERROR
каждою	каждые	ADJ;INS;FEM;SG	ADJ;ACC;PL	SRC_POS_ERROR;TGT_POS_ERROR;SRC_SLOT_ERROR;TGT_SLOT_ERROR
приношении	приношением	N;ACC;PL	V;PRS;1;PL	SRC_SLOT_ERROR;TGT_SLOT_ERROR
иных	иная	N;GEN;PL	ADJ;NOM;FEM;SG	TGT_POS_ERROR;TGT_SLOT_ERROR
твердых	твердом	N;GEN;PL	N;INS;SG	SRC_SLOT_ERROR;TGT_SLOT_ERROR
невеждам	невежда	N;DAT;PL	N;GEN;SG	TGT_SLOT_ERROR
образую	образ	ADJ;ACC;FEM;SG	N;NOM;SG	POS_PAIR_ERROR;SRC_SLOT_ERROR
проклинайте	проклинать	V;IMP;2;PL	ADJ;GEN;FEM;SG	TGT_SLOT_ERROR
сокруши	сокрушен	V;IMP;2;SG	V.PTCP;PASS;PST	POS_PAIR_ERROR
чести	честным	V;IMP;2;SG	ADJ;INS;NEUT;SG	POS_PAIR_ERROR
управляющий	управляли	V.PTCP;ACT;PRS	V.CVB	TGT_SLOT_ERROR
собирали	собирай	V.CVB	N;ACC;SG	SRC_SLOT_ERROR;TGT_SLOT_ERROR
нового	новом	ADJ;GEN;MASC;SG	N;INS;SG	TGT_SLOT_ERROR
принимали	принимала	V.CVB	ADJ;FEM;SG;LGSPEC1	SRC_SLOT_ERROR;TGT_SLOT_ERROR
сверкающий	сверкали	V.PTCP;ACT;PRS	V.CVB	TGT_SLOT_ERROR
отделили	отделен	V;PST;PL	V.PTCP;PASS;PST	POS_PAIR_ERROR
вторым	второе	ADJ;INS;MASC;SG	ADJ;NOM;NEUT;SG	SRC_SLOT_ERROR;TGT_SLOT_ERROR
тверди	тверд	N;NOM;PL	N;NOM;SG	POS_PAIR_ERROR;TGT_SLOT_ERROR
минуло	минует	V;PST;SG;NEUT	V;PRS;3;SG	PARADIGM_ERROR
этом	эта	N;INS;SG	N;GEN;SG	SRC_SLOT_ERROR;TGT_SLOT_ERROR
раздирающий	раздирать	V.PTCP;ACT;PRS	ADJ;GEN;FEM;SG	TGT_SLOT_ERROR
блудодействуя	блудодействуют	V.CVB;PRS	V;FUT;3;PL	SRC_LEXICAL_ERROR
поручите	поручали	V;FUT;2;PL	V;PST;PL	PARADIGM_ERROR
будут	будете	V;FUT;3;PL	V;PRS;2;PL	TGT_SLOT_ERROR
совершите	совершали	V;FUT;2;PL	V;PST;PL	PARADIGM_ERROR
уговаривали	уговаривать	V.CVB	ADJ;GEN;FEM;SG	SRC_SLOT_ERROR;TGT_SLOT_ERROR
напоминать	напоминай	ADJ;GEN;FEM;SG	N;ACC;SG	SRC_SLOT_ERROR;TGT_SLOT_ERROR
разных	разить	ADJ;ESS;PL	V;NFIN	POS_PAIR_ERROR
оказать	оказала	ADJ;GEN;FEM;SG	ADJ;FEM;SG;LGSPEC1	SRC_SLOT_ERROR;TGT_SLOT_ERROR
приложился	приложите	V;PST;SG;MASC	V;FUT;2;PL	PARADIGM_ERROR
воссияло	воссиял	V;PST;SG;NEUT	ADJ;MASC;SG;LGSPEC1	TGT_SLOT_ERROR
возвратить	возвратился	V;NFIN	V;PST;SG;MASC	PARADIGM_ERROR
трубили	трубите	V;PST;PL	V;FUT;2;PL	TGT_SLOT_ERROR
познаете	познала	V;PRS;2;PL	ADJ;FEM;SG;LGSPEC1	TGT_SLOT_ERROR
которым	которого	ADJ;INS;MASC;SG	ADJ;GEN;MASC;SG	SRC_SLOT_ERROR;TGT_SLOT_ERROR
предстал	предстали	N;ACC;SG	N;ACC;PL	SRC_SLOT_ERROR;TGT_SLOT_ERROR
оказывайте	оказывали	V;IMP;2;PL	V.CVB	TGT_SLOT_ERROR
повторили	повторился	V;PST;PL	V;PST;SG;MASC	PARADIGM_ERROR
томить	тому	V;NFIN	V;FUT;1;SG	POS_PAIR_ERROR;TGT_SLOT_ERROR
жертвами	жертв	N;INS;PL	N;NOM;SG	TGT_SLOT_ERROR
которую	которые	ADJ;ACC;FEM;SG	ADJ;ACC;PL	SRC_SLOT_ERROR;TGT_SLOT_ERROR
тверди	твердою	N;NOM;PL	ADJ;INS;FEM;SG	POS_PAIR_ERROR
нашла	нашу	ADJ;FEM;SG;LGSPEC1	V;PRS;1;SG	POS_PAIR_ERROR;SRC_SLOT_ERROR;TGT_SLOT_ERROR
самую	само	ADJ;ACC;FEM;SG	N;ESS;SG	SRC_POS_ERROR;TGT_POS_ERROR;SRC_SLOT_ERROR;TGT_SLOT_ERROR
простирала	простирай	ADJ;FEM;SG;LGSPEC1	N;ACC;SG	SRC_SLOT_ERROR;TGT_SLOT_ERROR
сами	самою	N;NOM;PL	ADJ;INS;FEM;SG	SRC_POS_ERROR;TGT_POS_ERROR;SRC_SLOT_ERROR;TGT_SLOT_ERROR
выдавайте	выдавали	V;IMP;2;PL	V.CVB	TGT_SLOT_ERROR
написанное	написанного	ADJ;ACC;NEUT;SG	ADJ;GEN;NEUT;SG	SRC_SLOT_ERROR;TGT_SLOT_ERROR
пролить	пролился	V;NFIN	V;PST;SG;MASC	PARADIGM_ERROR
слушающий	слушали	V.PTCP;ACT;PRS	V.CVB	TGT_SLOT_ERROR
всякое	всякой	ADJ;NOM;NEUT;SG	ADJ;ESS;FEM;SG	SRC_SLOT_ERROR;TGT_SLOT_ERROR
благодарить	благодарив	V;NFIN	V.CVB;PST	POS_PAIR_ERROR
возьмем	возьмет	V;PRS;1;PL	V;PRS;3;SG	SRC_SLOT_ERROR;TGT_SLOT_ERROR
язвам	язвою	N;DAT;PL	ADJ;INS;FEM;SG	TGT_SLOT_ERROR
помнили	помните	V;PST;PL	V;FUT;2;PL	TGT_SLOT_ERROR
большой	больше	ADJ;ESS;FEM;SG	N;ESS;SG	TGT_SLOT_ERROR
вторых	второго	N;GEN;PL	ADJ;GEN;MASC;SG	TGT_SLOT_ERROR
воздай	воздали	N;ACC;SG	V.CVB	SRC_SLOT_ERROR;TGT_SLOT_ERROR
устрашился	устрашили	V;PST;SG;MASC	V;PST;PL	PARADIGM_ERROR
никакое	никакой	ADJ;NOM;NEUT;SG	ADJ;ESS;FEM;SG	SRC_SLOT_ERROR;TGT_SLOT_ERROR
отказал	отказать	ADJ;MASC;SG;LGSPEC1	ADJ;GEN;FEM;SG	SRC_SLOT_ERROR;TGT_SLOT_ERROR
давиром	давире	N;INS;SG	N;ESS;SG	SRC_LEXICAL_ERROR
удерживать	удерживай	ADJ;GEN;FEM;SG	N;ACC;SG	SRC_SLOT_ERROR;TGT_SLOT_ERROR
оставится	оставила	PRN;DAT;3;SG	V;PST;SG;FEM	SRC_LEXICAL_ERROR
моем	мои	V;PRS;1;PL	N;ACC;PL	TGT_SLOT_ERROR
змеи	змей	N;ACC;PL	N;ACC;SG	SRC_SLOT_ERROR;TGT_SLOT_ERROR
Святых	Святом	N;GEN;PL	N;INS;SG	TGT_SLOT_ERROR
вступили	вступился	V;PST;PL	V;PST;SG;MASC	PARADIGM_ERROR
решали	реши	V;PST;PL	V;IMP;2;SG	PARADIGM_ERROR
Иудину	Иудин	N;DAT;SG	N;NOM;SG	SRC_SLOT_ERROR;TGT_SLOT_ERROR
Она	Они	N;GEN;SG	N;NOM;PL	PARADIGM_ERROR;SRC_SLOT_ERROR;TGT_SLOT_ERROR
заколают	заколали	PRN;ACC;3;SG	V;PST;PL	SRC_LEXICAL_ERROR;TGT_LEXICAL_ERROR
избило	избить	V;PST;SG;NEUT	ADJ;GEN;FEM;SG	TGT_SLOT_ERROR
стерегли	стереги	V.CVB	N;ACC;PL	SRC_SLOT_ERROR;TGT_SLOT_ERROR
положили	положен	V;PST;PL	V.PTCP;PASS;PST	POS_PAIR_ERROR
смирен	смирился	V.PTCP;PASS;PST	V;PST;SG;MASC	PARADIGM_ERROR
попускаешь	попускал	V;PRS;2;SG	ADJ;MASC;SG;LGSPEC1	TGT_SLOT_ERROR
завещаю	завещал	V;PRS;1;SG	ADJ;MASC;SG;LGSPEC1	TGT_SLOT_ERROR
каждой	каждою	ADJ;ESS;FEM;SG	ADJ;INS;FEM;SG	SRC_POS_ERROR;TGT_POS_ERROR;SRC_SLOT_ERROR;TGT_SLOT_ERROR
чужд	чужды	N;NOM;SG	N;NOM;PL	SRC_SLOT_ERROR;TGT_SLOT_ERROR
слушать	слушай	ADJ;GEN;FEM;SG	N;ACC;SG	SRC_SLOT_ERROR;TGT_SLOT_ERROR
малые	мало	ADJ;ACC;PL	N;ESS;SG	TGT_SLOT_ERROR
заколают	заколите	PRN;ACC;3;SG	V;FUT;2;PL	SRC_LEXICAL_ERROR;TGT_SLOT_ERROR
сатаны	сатана	N;NOM;PL	N;GEN;SG	TGT_SLOT_ERROR
променять	променяй	ADJ;GEN;FEM;SG	N;ACC;SG	SRC_SLOT_ERROR;TGT_SLOT_ERROR
жили	жилами	N;NOM;PL	N;INS;PL	POS_PAIR_ERROR;SRC_SLOT_ERROR
села	сейте	ADJ;FEM;SG;LGSPEC1	V;IMP;2;PL	PARADIGM_ERROR;SRC_SLOT_ERROR
сатане	сатану	N;ESS;SG	N;DAT;SG	TGT_SLOT_ERROR
начал	начала	ADJ;MASC;SG;LGSPEC1	ADJ;FEM;SG;LGSPEC1	SRC_SLOT_ERROR;TGT_SLOT_ERROR
понять	поняли	ADJ;GEN;FEM;SG	V.CVB	SRC_SLOT_ERROR;TGT_SLOT_ERROR
жертвою	жертва	ADJ;INS;FEM;SG	N;GEN;SG	SRC_SLOT_ERROR;TGT_SLOT_ERROR
забыли	забыла	N;NOM;PL	N;GEN;SG	SRC_SLOT_ERROR;TGT_SLOT_ERROR
выдавайте	выдавать	V;IMP;2;PL	ADJ;GEN;FEM;SG	TGT_SLOT_ERROR
принять	приняла	ADJ;GEN;FEM;SG	ADJ;FEM;SG;LGSPEC1	SRC_SLOT_ERROR;TGT_SLOT_ERROR
выбрасывайте	выбрасывать	V;IMP;2;PL	ADJ;GEN;FEM;SG	TGT_SLOT_ERROR
помнить	помните	V;NFIN	V;FUT;2;PL	TGT_SLOT_ERROR
поднят	поднятою	N;NOM;SG	ADJ;INS;FEM;SG	SRC_SLOT_ERROR;TGT_SLOT_ERROR
жертва	жертву	N;GEN;SG	N;DAT;SG	SRC_SLOT_ERROR;TGT_SLOT_ERROR
излился	излить	V;PST;SG;MASC	V;NFIN	PARADIGM_ERROR
жертву	жертвою	N;DAT;SG	ADJ;INS;FEM;SG	SRC_SLOT_ERROR;TGT_SLOT_ERROR
которую	которое	ADJ;ACC;FEM;SG	ADJ;NOM;NEUT;SG	SRC_SLOT_ERROR;TGT_SLOT_ERROR
возливать	возливали	ADJ;GEN;FEM;SG	V.CVB	SRC_SLOT_ERROR;TGT_SLOT_ERROR
каждого	каждый	ADJ;GEN;MASC;SG	ADJ;ACC;MASC;SG	SRC_POS_ERROR;TGT_POS_ERROR;SRC_SLOT_ERROR;TGT_SLOT_ERROR
пол	поем	ADJ;MASC;SG;LGSPEC1	V;PRS;1;PL	PARADIGM_ERROR
отдать	отдали	ADJ;GEN;FEM;SG	V.CVB	SRC_SLOT_ERROR;TGT_SLOT_ERROR
отнесла	отнесли	ADJ;FEM;SG;LGSPEC1	V.CVB	SRC_SLOT_ERROR;TGT_SLOT_ERROR
матерь	матерях	N;ACC;SG	V;2;PL	TGT_SLOT_ERROR
молила	молите	V;PST;SG;FEM	V;FUT;2;PL	TGT_SLOT_ERROR
жертв	жертвою	N;NOM;SG	ADJ;INS;FEM;SG	SRC_SLOT_ERROR;TGT_SLOT_ERROR
большого	большом	ADJ;GEN;MASC;SG	N;INS;SG	TGT_SLOT_ERROR
призови	призовем	N;ACC;PL	V;PRS;1;PL	SRC_SLOT_ERROR;TGT_SLOT_ERROR
сему	семи	V;PRS;1;SG	N;ACC;PL	POS_PAIR_ERROR;SRC_SLOT_ERROR;TGT_SLOT_ERROR
подняли	поднять	V.CVB	ADJ;GEN;FEM;SG	SRC_SLOT_ERROR;TGT_SLOT_ERROR
твоем	твою	V;PRS;1;PL	V;PRS;1;SG	SRC_SLOT_ERROR;TGT_SLOT_ERROR
бегу	бегите	V;FUT;1;SG	V;FUT;2;PL	SRC_SLOT_ERROR;TGT_SLOT_ERROR
почитай	почитал	N;ACC;SG	ADJ;MASC;SG;LGSPEC1	SRC_SLOT_ERROR;TGT_SLOT_ERROR
служили	служите	V;PST;PL	V;FUT;2;PL	TGT_SLOT_ERROR
ваш	ваша	N;NOM;SG	N;GEN;SG	SRC_SLOT_ERROR;TGT_SLOT_ERROR
вступите	вступился	V;FUT;2;PL	V;PST;SG;MASC	PARADIGM_ERROR
твоем	твой	V;PRS;1;PL	N;ACC;SG	SRC_SLOT_ERROR;TGT_SLOT_ERROR
первою	первых	ADJ;INS;FEM;SG	N;GEN;PL	SRC_POS_ERROR;SRC_SLOT_ERROR
предавай	предавала	N;ACC;SG	ADJ;FEM;SG;LGSPEC1	SRC_SLOT_ERROR;TGT_SLOT_ERROR
приложить	приложился	V;NFIN	V;PST;SG;MASC	PARADIGM_ERROR
искушай	искушали	N;ACC;SG	V.CVB	SRC_SLOT_ERROR;TGT_SLOT_ERROR
подумайте	подумали	V;IMP;2;PL	V.CVB	TGT_SLOT_ERROR
лично	личном	N;ESS;SG	N;INS;SG	SRC_SLOT_ERROR;TGT_SLOT_ERROR
возлагай	возлагали	N;ACC;SG	V.CVB	SRC_SLOT_ERROR;TGT_SLOT_ERROR
превратили	превратился	V;PST;PL	V;PST;SG;MASC	PARADIGM_ERROR
вызывающий	вызывать	V.PTCP;ACT;PRS	ADJ;GEN;FEM;SG	TGT_SLOT_ERROR
развалинах	развалиною	N;ESS;PL	ADJ;INS;FEM;SG	TGT_SLOT_ERROR
успокоить	успокоился	V;NFIN	V;PST;SG;MASC	PARADIGM_ERROR
иссох	иссохли	N;ACC;SG	V.CVB	SRC_SLOT_ERROR;TGT_SLOT_ERROR
самого	самый	ADJ;GEN;MASC;SG	ADJ;ACC;MASC;SG	SRC_POS_ERROR;TGT_POS_ERROR;SRC_SLOT_ERROR;TGT_SLOT_ERROR
само	самые	N;ESS;SG	ADJ;ACC;PL	SRC_POS_ERROR;TGT_POS_ERROR;SRC_SLOT_ERROR;TGT_SLOT_ERROR
само	самым	N;ESS;SG	ADJ;INS;MASC;SG	SRC_POS_ERROR;TGT_POS_ERROR;SRC_SLOT_ERROR;TGT_SLOT_ERROR
познайте	познай	V;IMP;2;PL	N;ACC;SG	TGT_SLOT_ERROR
нехорош	нехорошо	N;NOM;SG	N;ESS;SG	SRC_SLOT_ERROR;TGT_SLOT_ERROR
страшных	страшить	ADJ;ESS;PL	V;NFIN	POS_PAIR_ERROR
остановить	остановился	V;NFIN	V;PST;SG;MASC	PARADIGM_ERROR
появлении	появлением	N;ACC;PL	V;PRS;1;PL	SRC_SLOT_ERROR;TGT_SLOT_ERROR
овладеть	овладел	ADJ;GEN;FEM;SG	ADJ;MASC;SG;LGSPEC1	SRC_SLOT_ERROR;TGT_SLOT_ERROR
бесславием	бесславить	V;PRS;1;PL	ADJ;GEN;FEM;SG	POS_PAIR_ERROR;SRC_SLOT_ERROR;TGT_SLOT_ERROR
ввело	ввела	N;ESS;SG	N;GEN;SG	SRC_SLOT_ERROR;TGT_SLOT_ERROR
спите	спит	V;FUT;2;PL	V;FUT;3;SG	SRC_SLOT_ERROR;TGT_SLOT_ERROR
сатане	сатаною	N;ESS;SG	ADJ;INS;FEM;SG	TGT_SLOT_ERROR
свои	своя	N;ACC;PL	V.CVB;PRS	TGT_SLOT_ERROR
платить	плату	V;NFIN	V;FUT;1;SG	POS_PAIR_ERROR;TGT_SLOT_ERROR
завещеваю	завещевал	V;PRS;1;SG	ADJ;MASC;SG;LGSPEC1	SRC_LEXICAL_ERROR
прибавляй	прибавлять	N;ACC;SG	ADJ;GEN;FEM;SG	SRC_SLOT_ERROR;TGT_SLOT_ERROR
сами	самый	N;NOM;PL	ADJ;ACC;MASC;SG	SRC_POS_ERROR;TGT_POS_ERROR;SRC_SLOT_ERROR;TGT_SLOT_ERROR
раскрыла	раскрыли	N;GEN;SG	N;NOM;PL	TGT_SLOT_ERROR
