sköte	skött	V.PTCP;PST	ADJ;INDF;NEUT;SG	PARADIGM_ERROR;SRC_SLOT_ERROR
fyllas	fylld	ADJ;INDF;GEN;PL	V.PTCP;PST	POS_PAIR_ERROR;SRC_SLOT_ERROR
uppgiven	uppgiva	ADJ;INDF;MASC+FEM;SG	V;ACT;NFIN	POS_PAIR_ERROR
brännande	brännes	V.PTCP;PRS	V;PASS;IND;PRS	PARADIGM_ERROR
vit	vis	ADJ;INDF;NEUT;SG	N;INDF;GEN;SG	PARADIGM_ERROR;SRC_SLOT_ERROR
tvagna	tvagen	V;ACT;NFIN	ADJ;INDF;MASC+FEM;SG	SRC_LEXICAL_ERROR
åkerstycke	åkerstycken	N;INDF;NOM;SG	DET;SG	SRC_LEXICAL_ERROR
Beria	Berias	V;ACT;NFIN	ADJ;INDF;GEN;PL	SRC_POS_ERROR;TGT_POS_ERROR;SRC_SLOT_ERROR;TGT_SLOT_ERROR
fördolde	fördolda	V.PTCP;PST	V;ACT;NFIN	TGT_SLOT_ERROR
den	det	DET;SG	N;DEF;NOM;SG	SRC_POS_ERROR;TGT_POS_ERROR;TGT_SLOT_ERROR
föda	födas	V;ACT;NFIN	ADJ;INDF;GEN;PL	TGT_SLOT_ERROR
lägg	lägge	V;ACT;NFIN;COMPOUND	V.PTCP;PST	TGT_LEXICAL_ERROR
ens	enas	N;INDF;GEN;SG	ADJ;INDF;GEN;PL	PARADIGM_ERROR;TGT_SLOT_ERROR
bärande	bära	V.PTCP;PRS	V;ACT;NFIN	POS_PAIR_ERROR
stigen	stige	ADJ;INDF;MASC+FEM;SG	V.PTCP;PST	POS_PAIR_ERROR;TGT_SLOT_ERROR
säge	säga	V.PTCP;PST	V;ACT;NFIN	SRC_LEXICAL_ERROR
räknades	räknen	V;PASS;IND;PST	N;DEF;SG	TGT_LEXICAL_ERROR
lärare	lärt	V.CVB;COMPV	ADJ;INDF;NEUT;SG	POS_PAIR_ERROR;SRC_SLOT_ERROR
Hul	Hulda	V;ACT;NFIN;COMPOUND	V;ACT;NFIN	SRC_POS_ERROR;SRC_SLOT_ERROR;TGT_SLOT_ERROR
sågade	såge	ADJ;DEF;PL	ADJ;DEF;MASC;SG	PARADIGM_ERROR;TGT_SLOT_ERROR
vida	vid	V;ACT;NFIN	V.PTCP;PST	SRC_SLOT_ERROR;TGT_SLOT_ERROR
döme	dömen	V.PTCP;PST	ADJ;INDF;MASC+FEM;SG	SRC_LEXICAL_ERROR
utlysa	utlyst	V;ACT;NFIN	ADJ;INDF;NEUT;SG	POS_PAIR_ERROR
vise	visa	ADJ;DEF;MASC;SG	V;IMP	POS_PAIR_ERROR
fattas	fattat	V;PASS;NFIN	V.CVB;ACT	POS_PAIR_ERROR
Allas	Alls	ADJ;INDF;GEN;PL	N;INDF;GEN;SG	SRC_SLOT_ERROR;TGT_SLOT_ERROR
kasten	kastades	N;DEF;SG	V;PASS;IND;PST	POS_PAIR_ERROR;SRC_SLOT_ERROR
anställde	anställda	V;ACT;IND;PST	V;ACT;NFIN	TGT_SLOT_ERROR
förstöres	förstörd	V;PASS;IND;PRS	V.PTCP;PST	POS_PAIR_ERROR
betänka	betänkt	V;ACT;NFIN	ADJ;INDF;NEUT;SG	POS_PAIR_ERROR
upptagna	upptages	V;ACT;NFIN	V;PASS;IND;PRS	POS_PAIR_ERROR;SRC_SLOT_ERROR
Sisaks	Sisak	N;INDF;GEN;PL	N;INDF;NOM;SG	SRC_POS_ERROR;TGT_POS_ERROR;SRC_SLOT_ERROR;TGT_SLOT_ERROR
Babel	Babels	N;INDF;NOM;SG	N;INDF;GEN;PL	SRC_POS_ERROR;TGT_POS_ERROR;SRC_SLOT_ERROR;TGT_SLOT_ERROR
skrivare	skriva	V.CVB;COMPV	V;ACT;NFIN	POS_PAIR_ERROR;SRC_SLOT_ERROR
bunden	bunde	ADJ;INDF;MASC+FEM;SG	V.PTCP;PST	POS_PAIR_ERROR;TGT_SLOT_ERROR
vaken	vakade	N;DEF;SG	ADJ;DEF;PL	PARADIGM_ERROR;SRC_SLOT_ERROR
sköten	skött	ADJ;INDF;MASC+FEM;SG	ADJ;INDF;NEUT;SG	POS_PAIR_ERROR;SRC_SLOT_ERROR
utrotade	utroten	ADJ;DEF;PL	N;DEF;SG	TGT_LEXICAL_ERROR
drive	drivas	V.PTCP;PST	ADJ;INDF;GEN;PL	SRC_SLOT_ERROR;TGT_SLOT_ERROR
skänke	skänkt	V.PTCP;PST	ADJ;INDF;NEUT;SG	SRC_LEXICAL_ERROR
förvaltare	förvaltade	N;INDF;NOM;PL	ADJ;DEF;PL	POS_PAIR_ERROR
Hans	Hanes	N;INDF;GEN;SG	V;PASS;IND;PRS	SRC_SLOT_ERROR;TGT_SLOT_ERROR
dån	dåd	ADJ;INDF;MASC+FEM;SG	V.PTCP;PST	PARADIGM_ERROR;SRC_SLOT_ERROR;TGT_SLOT_ERROR
höra	hörn	V;ACT;NFIN	ADJ;INDF;MASC+FEM;SG	POS_PAIR_ERROR;TGT_SLOT_ERROR
skilde	skilda	V.PTCP;PST	V;ACT;NFIN	TGT_SLOT_ERROR
rannsakade	rannsaken	ADJ;DEF;PL	N;DEF;SG	TGT_LEXICAL_ERROR
inviga	invigen	V;ACT;NFIN	ADJ;INDF;MASC+FEM;SG	TGT_LEXICAL_ERROR
rådde	rådande	V;ACT;IND;PST	V.PTCP;PRS	POS_PAIR_ERROR
eds	eder	N;INDF;GEN;PL	N;INDF;PL	TGT_SLOT_ERROR
kläde	kläder	V.PTCP;PST	V.CVB	PARADIGM_ERROR;SRC_SLOT_ERROR;TGT_SLOT_ERROR
silverbägarna	silverbägare	V;ACT;NFIN	V.PTCP;PST	SRC_SLOT_ERROR;TGT_SLOT_ERROR
Amon	Amons	N;INDF;NOM;SG	N;INDF;GEN;PL	SRC_POS_ERROR;TGT_POS_ERROR;SRC_SLOT_ERROR;TGT_SLOT_ERROR
förbytes	förbytt	V;PASS;IND;PRS	ADJ;INDF;NEUT;SG	POS_PAIR_ERROR
Berea	Bered	V;ACT;NFIN	V.PTCP;PST	SRC_POS_ERROR;SRC_SLOT_ERROR;TGT_SLOT_ERROR
Tres	Tre	V;PASS;IND;PRS	V.PTCP;PST	SRC_POS_ERROR;TGT_POS_ERROR;SRC_SLOT_ERROR;TGT_SLOT_ERROR
säljes	säljen	V;PASS;IND;PRS	ADJ;INDF;MASC+FEM;SG	TGT_LEXICAL_ERROR
varde	vars	V;ACT;IND;PST	N;INDF;GEN;SG	PARADIGM_ERROR
förtryckes	förtrycken	V;PASS;IND;PRS	ADJ;INDF;MASC+FEM;SG	TGT_LEXICAL_ERROR
förehaves	förehava	V;PASS;IND;PRS	V;ACT;NFIN	SRC_LEXICAL_ERROR
stjäl	stjälen	V;ACT;NFIN;COMPOUND	ADJ;INDF;MASC+FEM;SG	TGT_LEXICAL_ERROR
rådande	råds	V.PTCP;PRS	N;INDF;GEN;SG	PARADIGM_ERROR
Meribas	Meriba	ADJ;INDF;GEN;PL	V;ACT;NFIN	SRC_POS_ERROR;TGT_POS_ERROR;SRC_SLOT_ERROR;TGT_SLOT_ERROR
anställd	anställa	V.PTCP;PST	V;ACT;NFIN	POS_PAIR_ERROR
förgjorde	förgjorda	V.PTCP;PST	V;ACT;NFIN	TGT_SLOT_ERROR
Dess	Dessa	V;ACT;NFIN;COMPOUND	V;ACT;NFIN	SRC_POS_ERROR;TGT_POS_ERROR;SRC_SLOT_ERROR;TGT_SLOT_ERROR
lägge	läggen	V.PTCP;PST	ADJ;INDF;MASC+FEM;SG	SRC_LEXICAL_ERROR;TGT_SLOT_ERROR
vars	varde	N;INDF;GEN;SG	V;ACT;IND;PST	PARADIGM_ERROR
Dennes	Denne	V;PASS;IND;PRS	V.PTCP;PST	SRC_POS_ERROR;TGT_POS_ERROR;SRC_SLOT_ERROR;TGT_SLOT_ERROR
efterföljd	efterfölja	V.PTCP;PST	V;ACT;NFIN	POS_PAIR_ERROR
betar	bete	V;ACT;IND;PRS	ADJ;DEF;MASC;SG	TGT_SLOT_ERROR
Asafs	Asaf	N;INDF;GEN;PL	N;INDF;NOM;SG	SRC_POS_ERROR;TGT_POS_ERROR;SRC_SLOT_ERROR;TGT_SLOT_ERROR
vet	vete	ADJ;INDF;NEUT;SG	V;ACT;IND;PST	SRC_SLOT_ERROR;TGT_SLOT_ERROR
lärt	lärare	ADJ;INDF;NEUT;SG	V.CVB;COMPV	POS_PAIR_ERROR;TGT_SLOT_ERROR
given	giva	ADJ;INDF;MASC+FEM;SG	V;ACT;NFIN	POS_PAIR_ERROR
hjälpa	hjälpt	V;ACT;NFIN	ADJ;INDF;NEUT;SG	POS_PAIR_ERROR
Jerusalem	Jerusalems	N;INDF;NOM;SG	N;INDF;GEN;PL	SRC_POS_ERROR;TGT_POS_ERROR;SRC_SLOT_ERROR;TGT_SLOT_ERROR
lovade	loven	ADJ;DEF;PL	N;DEF;SG	POS_PAIR_ERROR;TGT_SLOT_ERROR
vedergälle	vedergäll	V.PTCP;PST	V;ACT;NFIN;COMPOUND	SRC_LEXICAL_ERROR
bästa	bäste	V;ACT;NFIN	V.PTCP;PST	SRC_SLOT_ERROR;TGT_SLOT_ERROR
vis	vida	N;INDF;GEN;SG	V;ACT;NFIN	PARADIGM_ERROR;TGT_SLOT_ERROR
bestämde	bestämda	V.PTCP;PST	V;ACT;NFIN	TGT_SLOT_ERROR
göda	göden	V;ACT;NFIN	ADJ;INDF;MASC+FEM;SG	TGT_LEXICAL_ERROR
betänken	betänkt	ADJ;INDF;MASC+FEM;SG	ADJ;INDF;NEUT;SG	SRC_LEXICAL_ERROR
dröjen	dröja	ADJ;INDF;MASC+FEM;SG	V;ACT;NFIN	SRC_LEXICAL_ERROR
frälsa	frälsare	V;IMP	N;INDF;NOM;PL	POS_PAIR_ERROR;SRC_SLOT_ERROR
räcken	räckt	ADJ;INDF;MASC+FEM;SG	ADJ;INDF;NEUT;SG	POS_PAIR_ERROR;SRC_SLOT_ERROR
silverbägare	silverbägarna	V.PTCP;PST	V;ACT;NFIN	SRC_SLOT_ERROR;TGT_SLOT_ERROR
döme	döm	V.PTCP;PST	V;ACT;NFIN;COMPOUND	SRC_LEXICAL_ERROR
mördare	mördade	N;INDF;NOM;PL	ADJ;DEF;PL	POS_PAIR_ERROR
Leviatans	Leviatan	N;INDF;GEN;PL	N;INDF;NOM;SG	SRC_POS_ERROR;TGT_POS_ERROR;SRC_SLOT_ERROR;TGT_SLOT_ERROR
beträden	beträda	ADJ;INDF;MASC+FEM;SG	V;ACT;NFIN	SRC_LEXICAL_ERROR
drivas	drivna	ADJ;INDF;GEN;PL	V;ACT;NFIN	POS_PAIR_ERROR;SRC_SLOT_ERROR;TGT_SLOT_ERROR
Omar	Om	V;ACT;IND;PRS	N;INDF;NOM;SG;COMPOUND	POS_PAIR_ERROR;SRC_POS_ERROR;TGT_POS_ERROR;SRC_SLOT_ERROR;TGT_SLOT_ERROR
frambär	frambären	V;ACT;NFIN;COMPOUND	ADJ;INDF;MASC+FEM;SG	TGT_LEXICAL_ERROR
lägge	lägg	V.PTCP;PST	V;ACT;NFIN;COMPOUND	SRC_LEXICAL_ERROR
utvaldas	utvalde	ADJ;INDF;GEN;PL	V.PTCP;PST	POS_PAIR_ERROR
travare	travarna	V.PTCP;PST	V;ACT;NFIN	SRC_SLOT_ERROR;TGT_SLOT_ERROR
omsnärjt	omsnärjer	ADJ;INDF;NEUT;SG	V.CVB	SRC_LEXICAL_ERROR
resa	resas	V;ACT;NFIN	ADJ;INDF;GEN;PL	TGT_SLOT_ERROR
syns	synd	N;INDF;GEN;SG	V.PTCP;PST	PARADIGM_ERROR;TGT_SLOT_ERROR
beten	betade	N;DEF;SG	ADJ;DEF;PL	POS_PAIR_ERROR;SRC_SLOT_ERROR
tjäna	tjänen	V;IMP	N;DEF;SG	TGT_LEXICAL_ERROR
klädda	kläde	V;ACT;NFIN	V.PTCP;PST	POS_PAIR_ERROR;SRC_SLOT_ERROR;TGT_SLOT_ERROR
Naftali	Naftalis	N;INDF;NOM;SG	N;INDF;GEN;PL	SRC_POS_ERROR;TGT_POS_ERROR;SRC_SLOT_ERROR;TGT_SLOT_ERROR
beskärd	beskärde	V.PTCP;PST	V;ACT;IND;PST	POS_PAIR_ERROR
modet	moder	N;DEF;NOM;SG	N;INDF;PL	PARADIGM_ERROR;TGT_SLOT_ERROR
klädd	kläda	V.PTCP;PST	V;ACT;NFIN	POS_PAIR_ERROR
fördraga	fördragen	V;ACT;NFIN	ADJ;INDF;MASC+FEM;SG	POS_PAIR_ERROR
vandrade	vandren	ADJ;DEF;PL	N;DEF;SG	TGT_LEXICAL_ERROR
upphöjde	upphöjd	V;ACT;IND;PST	V.PTCP;PST	POS_PAIR_ERROR
Uris	Urias	N;INDF;GEN;SG	ADJ;INDF;GEN;PL	SRC_POS_ERROR;TGT_POS_ERROR;SRC_SLOT_ERROR;TGT_SLOT_ERROR
sina	sin	V;ACT;NFIN	ADJ;INDF;MASC+FEM;SG	TGT_POS_ERROR;TGT_SLOT_ERROR
avsats	avsatserna	N;INDF;NOM;SG	N;DEF;PL	TGT_SLOT_ERROR
enas	enes	ADJ;INDF;GEN;PL	V;PASS;IND;PRS	SRC_SLOT_ERROR;TGT_SLOT_ERROR
höljes	hölje	V;PASS;IND;PRS	V.PTCP;PST	TGT_SLOT_ERROR
rövar	rövade	V;ACT;IND;PRS	ADJ;DEF;PL	POS_PAIR_ERROR
blotta	blotten	V;IMP	N;DEF;SG	TGT_LEXICAL_ERROR
visen	visas	N;DEF;SG	V;PASS;NFIN	PARADIGM_ERROR;SRC_SLOT_ERROR
gören	göras	ADJ;INDF;MASC+FEM;SG	ADJ;INDF;GEN;PL	SRC_LEXICAL_ERROR;TGT_SLOT_ERROR
fyllen	fyllda	ADJ;INDF;MASC+FEM;SG	V;ACT;NFIN	SRC_LEXICAL_ERROR;TGT_SLOT_ERROR
hjälpare	hjälpt	V.CVB;COMPV	ADJ;INDF;NEUT;SG	POS_PAIR_ERROR;SRC_SLOT_ERROR
tillredda	tillreds	V;ACT;NFIN	N;INDF;GEN;SG	POS_PAIR_ERROR;SRC_SLOT_ERROR;TGT_SLOT_ERROR
Hebrons	Hebron	N;INDF;GEN;PL	N;INDF;NOM;SG	SRC_POS_ERROR;TGT_POS_ERROR;SRC_SLOT_ERROR;TGT_SLOT_ERROR
drucken	druckna	ADJ;INDF;MASC+FEM;SG	V;ACT;NFIN	TGT_SLOT_ERROR
året	årens	N;DEF;NOM;SG	N;DEF;GEN;SG	TGT_SLOT_ERROR
rev	revo	V;ACT;NFIN;COMPOUND	ADJ;INDF;NOM;PL	TGT_LEXICAL_ERROR
uppförde	uppförd	V;ACT;IND;PST	V.PTCP;PST	POS_PAIR_ERROR
kor	korer	V;ACT;NFIN;COMPOUND	V.CVB	TGT_LEXICAL_ERROR
berömde	berömda	V;ACT;IND;PST	V;ACT;NFIN	TGT_SLOT_ERROR
lösa	lösen	V;ACT;NFIN	ADJ;INDF;MASC+FEM;SG	POS_PAIR_ERROR;TGT_SLOT_ERROR
bräderna	bräde	N;DEF;PL	N;INDF;NOM;SG	PARADIGM_ERROR;SRC_SLOT_ERROR
arglistige	arglistighet	V.PTCP;PST	PRN;INDF;GEN;PL	SRC_LEXICAL_ERROR
förste	förstes	V.PTCP;PST	V;PASS;IND;PRS	SRC_SLOT_ERROR;TGT_SLOT_ERROR
skarpt	skarpa	ADJ;INDF;NEUT;SG	V;ACT;NFIN	TGT_SLOT_ERROR
hjärtat	hjärta	V.CVB;ACT	V;IMP	SRC_SLOT_ERROR;TGT_SLOT_ERROR
frossa	frossare	V;IMP	N;INDF;NOM;PL	PARADIGM_ERROR
Aner	Ande	V.CVB	V;ACT;IND;PST	SRC_POS_ERROR;SRC_SLOT_ERROR;TGT_SLOT_ERROR
skänke	skänk	V.PTCP;PST	V;ACT;NFIN;COMPOUND	SRC_LEXICAL_ERROR
Bosras	Bosra	ADJ;INDF;GEN;PL	V;ACT;NFIN	SRC_POS_ERROR;TGT_POS_ERROR;SRC_SLOT_ERROR;TGT_SLOT_ERROR
uppväcken	uppväckt	ADJ;INDF;MASC+FEM;SG	ADJ;INDF;NEUT;SG	SRC_LEXICAL_ERROR
betar	betade	V;ACT;IND;PRS	ADJ;DEF;PL	POS_PAIR_ERROR
täcktes	täckts	V;PASS;IND;PRS	N;INDF;GEN;SG	SRC_SLOT_ERROR;TGT_SLOT_ERROR
slags	slagna	N;INDF;GEN;SG	V;ACT;NFIN	PARADIGM_ERROR;TGT_SLOT_ERROR
hören	hörda	ADJ;INDF;MASC+FEM;SG	V;ACT;NFIN	SRC_LEXICAL_ERROR;TGT_SLOT_ERROR
åt	åts	N;INDF;NOM;SG	N;INDF;GEN;PL	TGT_SLOT_ERROR
beskäres	beskärt	V;PASS;IND;PRS	ADJ;INDF;NEUT;SG	POS_PAIR_ERROR
huggna	hugges	V;ACT;NFIN	V;PASS;IND;PRS	POS_PAIR_ERROR;SRC_SLOT_ERROR
vis	vit	N;INDF;GEN;SG	ADJ;INDF;NEUT;SG	PARADIGM_ERROR;TGT_SLOT_ERROR
störes	stört	V;PASS;IND;PRS	ADJ;INDF;NEUT;SG	POS_PAIR_ERROR
fyllda	fyllen	V;ACT;NFIN	ADJ;INDF;MASC+FEM;SG	TGT_LEXICAL_ERROR;SRC_SLOT_ERROR
Dan	Dans	N;INDF;NOM;SG	N;INDF;GEN;PL	SRC_SLOT_ERROR;TGT_SLOT_ERROR
brunnens	brunne	N;DEF;GEN;SG	N;INDF;NOM;SG	TGT_SLOT_ERROR
lögnprofeterna	lögnprofeternas	V;ACT;NFIN	ADJ;INDF;GEN;PL	SRC_LEXICAL_ERROR;TGT_LEXICAL_ERROR
uppförd	uppföra	V.PTCP;PST	V;ACT;NFIN	POS_PAIR_ERROR
uträcka	uträcker	V;ACT;NFIN	V.CVB	SRC_LEXICAL_ERROR
funno	funne	ADJ;INDF;NOM;PL	V.PTCP;PST	SRC_LEXICAL_ERROR
tröstar	tröstade	V;ACT;IND;PRS	ADJ;DEF;PL	POS_PAIR_ERROR
ringare	ringa	N;INDF;NOM;PL	V;IMP	POS_PAIR_ERROR
fötterna	fött	N;DEF;PL	N;INDF;NOM;SG	POS_PAIR_ERROR;SRC_SLOT_ERROR;TGT_SLOT_ERROR
Anas	Aner	ADJ;INDF;GEN;PL	V.CVB	TGT_POS_ERROR;SRC_SLOT_ERROR;TGT_SLOT_ERROR
byggda	bygges	V;ACT;NFIN	V;PASS;IND;PRS	POS_PAIR_ERROR;SRC_SLOT_ERROR
övergiven	övergiva	ADJ;INDF;MASC+FEM;SG	V;ACT;NFIN	POS_PAIR_ERROR
ringa	ringe	V;IMP	ADJ;DEF;MASC;SG	TGT_LEXICAL_ERROR
vika	vikt	V;ACT;NFIN	ADJ;INDF;NEUT;SG	TGT_SLOT_ERROR
manas	manade	V;PASS;NFIN	ADJ;DEF;PL	POS_PAIR_ERROR
Et	Ett	V;ACT;NFIN;COMPOUND	ADJ;INDF;NEUT;SG	POS_PAIR_ERROR;SRC_POS_ERROR;TGT_POS_ERROR;TGT_SLOT_ERROR
föröke	förökades	ADJ;DEF;MASC;SG	V;PASS;IND;PST	SRC_LEXICAL_ERROR
Båda	Både	V;ACT;NFIN	V.PTCP;PST	TGT_SLOT_ERROR
förre	förra	V.PTCP;PST	V;ACT;NFIN	SRC_SLOT_ERROR;TGT_SLOT_ERROR
vare	varde	V.PTCP;PST	V;ACT;IND;PST	PARADIGM_ERROR;SRC_SLOT_ERROR
Lemeks	Lemek	N;INDF;GEN;PL	N;INDF;NOM;SG	SRC_POS_ERROR;TGT_POS_ERROR;SRC_SLOT_ERROR;TGT_SLOT_ERROR
ens	ene	N;INDF;GEN;SG	V.PTCP;PST	PARADIGM_ERROR;TGT_SLOT_ERROR
sjukt	sjuke	ADJ;INDF;NEUT;SG	V.PTCP;PST	TGT_SLOT_ERROR
vit	vin	ADJ;INDF;NEUT;SG	ADJ;INDF;MASC+FEM;SG	PARADIGM_ERROR;SRC_SLOT_ERROR;TGT_SLOT_ERROR
kommande	komme	V.PTCP;PRS	V.PTCP;PST	POS_PAIR_ERROR;TGT_SLOT_ERROR
fylld	fyllde	V.PTCP;PST	V;ACT;IND;PST	POS_PAIR_ERROR
sto	stor	ADJ;INDF;NOM;PL	ADJ;PRS;GEN	PARADIGM_ERROR;SRC_SLOT_ERROR;TGT_SLOT_ERROR
förtärda	förtäre	V;ACT;NFIN	V.PTCP;PST	TGT_LEXICAL_ERROR;SRC_SLOT_ERROR
öre	öra	V.PTCP;PST	V;ACT;NFIN	PARADIGM_ERROR;SRC_SLOT_ERROR;TGT_SLOT_ERROR
springande	springare	ADJ;PRS	N;INDF;NOM;PL	PARADIGM_ERROR
fören	föra	ADJ;INDF;MASC+FEM;SG	V;ACT;NFIN	PARADIGM_ERROR;SRC_SLOT_ERROR
försörja	försörjare	V;ACT;NFIN	V.CVB;COMPV	POS_PAIR_ERROR;TGT_SLOT_ERROR
styrkt	styrkas	ADJ;INDF;NEUT;SG	ADJ;INDF;GEN;PL	TGT_SLOT_ERROR
förtryckt	förtrycken	ADJ;INDF;NEUT;SG	ADJ;INDF;MASC+FEM;SG	TGT_LEXICAL_ERROR
sådda	såddes	V;ACT;NFIN	V;PASS;IND;PRS	SRC_SLOT_ERROR;TGT_SLOT_ERROR
anförare	anföra	V.CVB;COMPV	V;ACT;NFIN	POS_PAIR_ERROR;SRC_SLOT_ERROR
hållare	hålles	V.CVB;COMPV	V;PASS;IND;PRS	POS_PAIR_ERROR;SRC_SLOT_ERROR
frälsare	frälse	N;INDF;NOM;PL	ADJ;DEF;MASC;SG	PARADIGM_ERROR
upphöjt	upphöjda	ADJ;INDF;NEUT;SG	V;ACT;NFIN	TGT_SLOT_ERROR
förkunnades	förkunnen	V;PASS;IND;PST	N;DEF;SG	TGT_LEXICAL_ERROR
böjt	böjd	ADJ;INDF;NEUT;SG	V.PTCP;PST	POS_PAIR_ERROR
Kabuls	Kabul	N;INDF;GEN;PL	N;INDF;NOM;SG	SRC_POS_ERROR;TGT_POS_ERROR;SRC_SLOT_ERROR;TGT_SLOT_ERROR
beskärt	beskärda	ADJ;INDF;NEUT;SG	V;ACT;NFIN	TGT_SLOT_ERROR
sträcka	sträckt	V;ACT;NFIN	ADJ;INDF;NEUT;SG	POS_PAIR_ERROR
mods	moder	N;INDF;GEN;PL	N;INDF;PL	PARADIGM_ERROR;TGT_SLOT_ERROR
värma	värme	V;ACT;NFIN	V.PTCP;PST	PARADIGM_ERROR;TGT_SLOT_ERROR
brännande	bränna	V.PTCP;PRS	V;ACT;NFIN	POS_PAIR_ERROR
mista	mister	V;ACT;NFIN	V.CVB	TGT_SLOT_ERROR
stänka	stänkt	V;ACT;NFIN	ADJ;INDF;NEUT;SG	POS_PAIR_ERROR
upptage	upptagen	V.PTCP;PST	ADJ;INDF;MASC+FEM;SG	POS_PAIR_ERROR;SRC_SLOT_ERROR
överstes	översta	V;PASS;IND;PRS	V;ACT;NFIN	SRC_SLOT_ERROR;TGT_SLOT_ERROR
drive	drivna	V.PTCP;PST	V;ACT;NFIN	POS_PAIR_ERROR;SRC_SLOT_ERROR;TGT_SLOT_ERROR
David	Davids	N;INDF;NOM;SG	N;INDF;GEN;PL	SRC_POS_ERROR;TGT_POS_ERROR;SRC_SLOT_ERROR;TGT_SLOT_ERROR
sälje	säljen	V.PTCP;PST	ADJ;INDF;MASC+FEM;SG	SRC_LEXICAL_ERROR;TGT_LEXICAL_ERROR
prisen	prisade	N;DEF;SG	ADJ;DEF;PL	POS_PAIR_ERROR;SRC_SLOT_ERROR
Abida	Abias	V;ACT;NFIN	ADJ;INDF;GEN;PL	SRC_POS_ERROR;TGT_POS_ERROR;SRC_SLOT_ERROR;TGT_SLOT_ERROR
Obed	Obeds	N;INDF;NOM;SG	N;INDF;GEN;PL	SRC_POS_ERROR;TGT_POS_ERROR;SRC_SLOT_ERROR;TGT_SLOT_ERROR
utfören	utför	ADJ;INDF;MASC+FEM;SG	V;ACT;NFIN;COMPOUND	SRC_LEXICAL_ERROR
denne	dennes	V.PTCP;PST	V;PASS;IND;PRS	SRC_POS_ERROR;TGT_POS_ERROR;SRC_SLOT_ERROR;TGT_SLOT_ERROR
höres	hörn	V;PASS;IND;PRS	ADJ;INDF;MASC+FEM;SG	POS_PAIR_ERROR;TGT_SLOT_ERROR
bedragare	bedrage	V.CVB;COMPV	V.PTCP;PST	POS_PAIR_ERROR;SRC_SLOT_ERROR;TGT_SLOT_ERROR
bestänka	bestänkt	V;ACT;NFIN	ADJ;INDF;NEUT;SG	POS_PAIR_ERROR
sköta	skött	V;ACT;NFIN	ADJ;INDF;NEUT;SG	POS_PAIR_ERROR
hjälpare	hjälpa	V.CVB;COMPV	V;ACT;NFIN	POS_PAIR_ERROR;SRC_SLOT_ERROR
Joabs	Joab	N;INDF;GEN;PL	N;INDF;NOM;SG	SRC_POS_ERROR;TGT_POS_ERROR;SRC_SLOT_ERROR;TGT_SLOT_ERROR
fortfare	fortfarande	V.PTCP;PST	V.PTCP;PRS	POS_PAIR_ERROR;SRC_SLOT_ERROR
Baal	Baals	N;INDF;NOM;SG	N;INDF;GEN;PL	SRC_POS_ERROR;TGT_POS_ERROR;SRC_SLOT_ERROR;TGT_SLOT_ERROR
Gat	Gats	N;INDF;NOM;SG	N;INDF;GEN;PL	TGT_POS_ERROR;SRC_SLOT_ERROR;TGT_SLOT_ERROR
glänsa	glänsande	V;ACT;NFIN	V.PTCP;PRS	POS_PAIR_ERROR
bin	bit	ADJ;INDF;MASC+FEM;SG	ADJ;INDF;NEUT;SG	SRC_SLOT_ERROR;TGT_SLOT_ERROR
städ	städer	N;INDF;NOM;SG	N;INDF;PL	TGT_SLOT_ERROR
Nebajot	Nebajots	N;INDF;NOM;SG	N;INDF;GEN;PL	SRC_POS_ERROR;TGT_POS_ERROR;SRC_SLOT_ERROR;TGT_SLOT_ERROR
vände	vänd	V;ACT;IND;PST	V.PTCP;PST	POS_PAIR_ERROR
döme	döma	V.PTCP;PST	V;ACT;NFIN	SRC_LEXICAL_ERROR
föra	fören	V;ACT;NFIN	ADJ;INDF;MASC+FEM;SG	PARADIGM_ERROR;TGT_SLOT_ERROR
upphöjen	upphöjde	ADJ;INDF;MASC+FEM;SG	V;ACT;IND;PST	SRC_LEXICAL_ERROR
sikte	siktades	ADJ;DEF;MASC;SG	V;PASS;IND;PST	POS_PAIR_ERROR;SRC_SLOT_ERROR
grumlen	grumlade	N;DEF;SG	ADJ;DEF;PL	SRC_LEXICAL_ERROR
Noa	No	V;ACT;NFIN	V;ACT;NFIN;COMPOUND	TGT_POS_ERROR;SRC_SLOT_ERROR;TGT_SLOT_ERROR
uppfylle	uppfylla	V.PTCP;PST	V;ACT;NFIN	SRC_LEXICAL_ERROR
Josefs	Josef	N;INDF;GEN;PL	N;INDF;NOM;SG	SRC_POS_ERROR;TGT_POS_ERROR;SRC_SLOT_ERROR;TGT_SLOT_ERROR
Ana	Ande	V;ACT;NFIN	V;ACT;IND;PST	PARADIGM_ERROR;TGT_SLOT_ERROR
väta	vätt	V;ACT;NFIN	ADJ;INDF;NEUT;SG	POS_PAIR_ERROR
Ögat	Öga	V.CVB;ACT	V;IMP	SRC_SLOT_ERROR;TGT_SLOT_ERROR
sköten	sköta	ADJ;INDF;MASC+FEM;SG	V;ACT;NFIN	POS_PAIR_ERROR;SRC_SLOT_ERROR
stoderna	stode	N;DEF;PL	N;INDF;NOM;SG	POS_PAIR_ERROR;SRC_SLOT_ERROR;TGT_SLOT_ERROR
bunde	bunden	V.PTCP;PST	ADJ;INDF;MASC+FEM;SG	POS_PAIR_ERROR;SRC_SLOT_ERROR
hat	ha	V.CVB;ACT	V;IMP	PARADIGM_ERROR;SRC_SLOT_ERROR
Nea	Ned	V;ACT;NFIN	V.PTCP;PST	SRC_POS_ERROR;SRC_SLOT_ERROR;TGT_SLOT_ERROR
varen	vars	ADJ;INDF;MASC+FEM;SG	N;INDF;GEN;SG	SRC_LEXICAL_ERROR
tillreds	tillredda	N;INDF;GEN;SG	V;ACT;NFIN	POS_PAIR_ERROR;SRC_SLOT_ERROR;TGT_SLOT_ERROR
givare	given	V.CVB;COMPV	ADJ;INDF;MASC+FEM;SG	PARADIGM_ERROR;SRC_SLOT_ERROR
klädda	kläder	V;ACT;NFIN	V.CVB	POS_PAIR_ERROR;SRC_SLOT_ERROR;TGT_SLOT_ERROR
saker	sakerna	N;INDF;PL	N;DEF;PL	SRC_SLOT_ERROR;TGT_SLOT_ERROR
tänka	tänke	V;ACT;NFIN	V.PTCP;PST	TGT_LEXICAL_ERROR
övergive	övergivna	V.PTCP;PST	V;ACT;NFIN	POS_PAIR_ERROR;SRC_SLOT_ERROR;TGT_SLOT_ERROR
förra	förres	V;ACT;NFIN	V;PASS;IND;PRS	SRC_SLOT_ERROR;TGT_SLOT_ERROR
läras	lärd	ADJ;INDF;GEN;PL	V.PTCP;PST	POS_PAIR_ERROR;SRC_SLOT_ERROR
förföljda	förföljare	V;ACT;NFIN	V.CVB;COMPV	POS_PAIR_ERROR;SRC_SLOT_ERROR;TGT_SLOT_ERROR
uppfyllen	uppfylles	ADJ;INDF;MASC+FEM;SG	V;PASS;IND;PRS	SRC_LEXICAL_ERROR
förstöres	förstörs	V;PASS;IND;PRS	N;INDF;GEN;SG	TGT_SLOT_ERROR
hämnas	hämnare	V;PASS;NFIN	N;INDF;NOM;PL	POS_PAIR_ERROR
spänna	spännen	V;ACT;NFIN	ADJ;INDF;MASC+FEM;SG	POS_PAIR_ERROR;TGT_SLOT_ERROR
enda	enes	V;ACT;NFIN	V;PASS;IND;PRS	POS_PAIR_ERROR;SRC_SLOT_ERROR;TGT_SLOT_ERROR
badade	bade	ADJ;DEF;PL	ADJ;DEF;MASC;SG	PARADIGM_ERROR;TGT_SLOT_ERROR
rykande	rykte	V.PTCP;PRS	V;ACT;IND;PST	PARADIGM_ERROR
läsen	läst	ADJ;INDF;MASC+FEM;SG	ADJ;INDF;NEUT;SG	SRC_LEXICAL_ERROR
åter	åten	N;INDF;PL	DET;SG	TGT_LEXICAL_ERROR;SRC_SLOT_ERROR
fatte	fat	V;ACT;IND;PST	V;ACT;NFIN;COMPOUND	SRC_LEXICAL_ERROR;TGT_SLOT_ERROR
höje	höj	V.PTCP;PST	V;ACT;NFIN;COMPOUND	SRC_LEXICAL_ERROR
amma	ammade	V;IMP	ADJ;DEF;PL	POS_PAIR_ERROR
ställa	ställt	V;ACT;NFIN	ADJ;INDF;NEUT;SG	POS_PAIR_ERROR
lärd	lärda	V.PTCP;PST	V;ACT;NFIN	TGT_SLOT_ERROR
stänkes	stänkt	V;PASS;IND;PRS	ADJ;INDF;NEUT;SG	POS_PAIR_ERROR
No	Nod	V;ACT;NFIN;COMPOUND	V.PTCP;PST	SRC_POS_ERROR;SRC_SLOT_ERROR;TGT_SLOT_ERROR
borgare	borgar	N;INDF;NOM;PL	V;ACT;IND;PRS	POS_PAIR_ERROR
upptaga	upptage	V;ACT;NFIN	V.PTCP;PST	TGT_SLOT_ERROR
falla	fallen	V;ACT;NFIN	ADJ;INDF;MASC+FEM;SG	POS_PAIR_ERROR
lära	lärt	V;ACT;NFIN	ADJ;INDF;NEUT;SG	POS_PAIR_ERROR
bjude	bjudna	V.PTCP;PST	V;ACT;NFIN	POS_PAIR_ERROR;SRC_SLOT_ERROR;TGT_SLOT_ERROR
nödgas	nödgade	V;PASS;NFIN	ADJ;DEF;PL	POS_PAIR_ERROR
uppgivna	uppgives	V;ACT;NFIN	V;PASS;IND;PRS	POS_PAIR_ERROR;SRC_SLOT_ERROR
veta	veten	V;ACT;NFIN	ADJ;INDF;MASC+FEM;SG	TGT_LEXICAL_ERROR
förlåten	förlåta	ADJ;INDF;MASC+FEM;SG	V;ACT;NFIN	POS_PAIR_ERROR
lovar	loven	V;ACT;IND;PRS	N;DEF;SG	TGT_SLOT_ERROR
gören	göre	ADJ;INDF;MASC+FEM;SG	V.PTCP;PST	SRC_LEXICAL_ERROR
föra	före	V;ACT;NFIN	V.PTCP;PST	POS_PAIR_ERROR;TGT_SLOT_ERROR
tvaget	tvagen	V;ACT;NFIN;COMPOUND	ADJ;INDF;MASC+FEM;SG	SRC_LEXICAL_ERROR
höljda	höljas	V;ACT;NFIN	ADJ;INDF;GEN;PL	POS_PAIR_ERROR;SRC_SLOT_ERROR;TGT_SLOT_ERROR
förgjordes	förgjorda	V;PASS;IND;PRS	V;ACT;NFIN	SRC_SLOT_ERROR;TGT_SLOT_ERROR
född	föden	V.PTCP;PST	ADJ;INDF;MASC+FEM;SG	TGT_LEXICAL_ERROR
räta	rätt	V;ACT;NFIN	ADJ;INDF;NEUT;SG	PARADIGM_ERROR
koka	kokt	V;ACT;NFIN	ADJ;INDF;NEUT;SG	POS_PAIR_ERROR
tillgiven	tillgiva	ADJ;INDF;MASC+FEM;SG	V;ACT;NFIN	POS_PAIR_ERROR
luta	lutade	V;IMP	ADJ;DEF;PL	POS_PAIR_ERROR
hövdingdöme	hövdingdömet	N;INDF;NOM;SG	N;DEF;NOM;SG	SRC_LEXICAL_ERROR;TGT_LEXICAL_ERROR
bortfört	bortförda	ADJ;INDF;NEUT;SG	V;ACT;NFIN	TGT_SLOT_ERROR
uträcka	uträcken	V;ACT;NFIN	ADJ;INDF;MASC+FEM;SG	SRC_LEXICAL_ERROR
föden	föda	ADJ;INDF;MASC+FEM;SG	V;ACT;NFIN	SRC_LEXICAL_ERROR
vedergälle	vedergälla	V.PTCP;PST	V;ACT;NFIN	SRC_LEXICAL_ERROR
Joktans	Joktan	N;INDF;GEN;PL	N;INDF;NOM;SG	SRC_POS_ERROR;TGT_POS_ERROR;SRC_SLOT_ERROR;TGT_SLOT_ERROR
fyllt	fyllas	ADJ;INDF;NEUT;SG	ADJ;INDF;GEN;PL	TGT_SLOT_ERROR
Anas	Ande	ADJ;INDF;GEN;PL	V;ACT;IND;PST	PARADIGM_ERROR;SRC_SLOT_ERROR;TGT_SLOT_ERROR
spejade	spejare	ADJ;DEF;PL	N;INDF;NOM;PL	POS_PAIR_ERROR
förlika	förlikt	V;ACT;NFIN	ADJ;INDF;NEUT;SG	POS_PAIR_ERROR
läses	läst	V;PASS;IND;PRS	ADJ;INDF;NEUT;SG	POS_PAIR_ERROR
anklagen	anklagade	N;DEF;SG	ADJ;DEF;PL	SRC_LEXICAL_ERROR
kläde	klädda	V.PTCP;PST	V;ACT;NFIN	POS_PAIR_ERROR;SRC_SLOT_ERROR;TGT_SLOT_ERROR
bortförd	bortförde	V.PTCP;PST	V;ACT;IND;PST	POS_PAIR_ERROR
Mahalalel	Mahalalels	N;INDF;NOM;SG	N;INDF;GEN;PL	SRC_POS_ERROR;TGT_POS_ERROR;SRC_SLOT_ERROR;TGT_SLOT_ERROR
märke	märkt	V.PTCP;PST	ADJ;INDF;NEUT;SG	POS_PAIR_ERROR;SRC_SLOT_ERROR
förstörd	förstören	V.PTCP;PST	ADJ;INDF;MASC+FEM;SG	TGT_LEXICAL_ERROR
