gjörði	gjörir	V;SBJV;PST;1;SG	V;SBJV;PRS;2;SG	C
haft	hafið	V.PTCP;PST;ACC;SG	V;IND;PRS;2;PL	C
leit	leitaði	N;INDF;ACC;SG	V;SBJV;PST;3;SG	PARADIGM_ERROR
gætir	gætu	V;SBJV;PRS;2;SG	V;SBJV;PST;3;PL	C
spyrjist	spyrjast	V;SBJV;PRS;1;SG	V;IND;PRS;3;PL	C
komna	komist	V.PTCP;PST;GEN;SG	V;SBJV;PRS;1;SG	C
byggð	byggði	N;INDF;NOM;SG	V;SBJV;PST;1;SG	C
sendir	sendi	V;IND;PST;2;SG	N;INDF;DAT;SG	C
gættu	gætir	V;IND;PST;3;PL	V;SBJV;PRS;2;SG	C
haldist	haldið	V;SBJV;PRS;1;SG	V;IND;PRS;2;PL	C
skrifi	skrifaði	N;INDF;DAT;SG	V;SBJV;PST;3;SG	C
fært	færist	V.PTCP;PST;ACC;SG	V;SBJV;PRS;1;SG	C
hengdu	hengduð	N;INDF;GEN;SG	V;IND;PST;2;PL	C
breytt	breyttu	V.PTCP;PST;ACC;SG	V;IND;PST;3;PL	C
leysti	leystu	V;IND;PST;3;SG	V;IND;PST;3;PL	C
breytti	breyttu	V;IND;PST;3;SG	V;IND;PST;3;PL	C
styrk	styrki	V;IMP;2;SG	V;SBJV;PRS;3;PL	C
þvoðu	þvo	V.PTCP;PST;DAT;PL	V;IMP;2;SG	C
helgast	helga	V;IND;PRS;3;SG	N;INDF;GEN;PL	C
skrifi	skrifum	N;INDF;DAT;SG	N;INDF;DAT;PL	C
sendi	senduð	N;INDF;DAT;SG	V;IND;PST;2;PL	C
svarið	svara	V;IMP;2;PL	N;INDF;GEN;PL	C
munu	munir	V;SBJV;PST;3;PL	V;SBJV;PRS;2;SG	C
mæla	mælum	V;NFIN	V;SBJV;PRS;1;PL	C
birtur	birtir	V;IND;PRS;2;SG	V;SBJV;PRS;2;SG	C
minnist	minni	V;SBJV;PRS;1;SG	V;SBJV;PRS;3;PL	C
Munu	Munum	N;INDF;GEN;SG	N;INDF;DAT;PL	C
metið	meta	V;IMP;2;PL	N;INDF;GEN;PL	C
stundir	stunda	V;IND;PST;2;SG	N;INDF;GEN;PL	C
komna	koma	V.PTCP;PST;GEN;SG	V;NFIN	C
grein	greina	N;INDF;ACC;SG	N;INDF;GEN;PL	C
lík	líki	V;IMP;2;SG	V;SBJV;PRS;3;PL	C
boði	boða	N;INDF;DAT;SG	N;INDF;GEN;PL	C
muni	munir	V;SBJV;PRS;3;PL	V;SBJV;PRS;2;SG	C
neytti	neyttu	V;IND;PST;3;SG	V;IND;PST;3;PL	C
gerast	gerist	V;IND;PRS;3;PL	V;SBJV;PRS;1;SG	C
horfði	horfið	V;SBJV;PST;1;SG	V;IND;PRS;2;PL	C
hópur	hópi	V.PTCP;PST;NOM;SG	N;INDF;DAT;SG	C
nota	notum	N;INDF;GEN;PL	N;INDF;DAT;PL	C
fyllir	fylltu	V;SBJV;PRS;2;SG	V;IND;PST;3;PL	C
elskum	elskaði	N;INDF;DAT;PL	V;SBJV;PST;3;SG	C
fæða	fæðist	V;NFIN	V;SBJV;PRS;1;SG	C
hafi	hafir	V;SBJV;PRS;3;PL	V;SBJV;PRS;2;SG	C
settir	settuð	V;IND;PST;2;SG	V;IND;PST;2;PL	C
minnast	minnist	V;IND;PRS;3;PL	V;SBJV;PRS;1;SG	C
líkið	líkir	V;IND;PRS;2;PL	V;SBJV;PRS;2;SG	C
leitum	leitast	N;INDF;DAT;PL	V;IND;PRS;3;SG	C
munduð	mundir	V;IND;PST;2;PL	V;IND;PST;2;SG	C
hald	halda	V;IMP;2;SG	V;NFIN	C
seldir	selduð	V;IND;PST;2;SG	V;IND;PST;2;PL	C
Líkt	Lík	V.PTCP;PST;ACC;SG	V;IMP;2;SG	C
skjótt	skjóta	V.PTCP;PST;ACC;SG	V;NFIN	C
dæmið	dæma	V;IND;PRS;2;PL	V;NFIN	C
rétt	rétti	N;INDF;ACC;SG	N;INDF;DAT;SG	C
gift	giftist	V;IMP;2;SG	V;SBJV;PRS;1;SG	C
segðu	segist	V.PTCP;PST;DAT;PL	V;SBJV;PRS;1;SG	C
tala	tali	N;INDF;GEN;PL	N;INDF;DAT;SG	C
fljótt	fljótir	V.PTCP;PST;ACC;SG	V;SBJV;PRS;2;SG	C
eyða	eyðist	V;NFIN	V;SBJV;PRS;1;SG	C
leyfa	leyfði	V;NFIN	V;SBJV;PST;1;SG	C
boðin	boða	V.PTCP;PST;ACC;PL	N;INDF;GEN;PL	C
fylltu	fylli	V;IND;PST;3;PL	V;SBJV;PRS;3;PL	C
fylltu	fyllast	V;IND;PST;3;PL	V;IND;PRS;3;PL	C
flokki	flokka	N;INDF;DAT;SG	N;INDF;GEN;PL	C
boðið	boð	V;IMP;2;PL	N;INDF;ACC;SG	C
leyndu	leyndum	N;INDF;GEN;SG	N;INDF;DAT;PL	C
sjúkdómur	sjúkdóm	V.PTCP;PST;NOM;SG	N;INDF;ACC;SG	C
munt	muni	V.PTCP;PST;ACC;SG	V;SBJV;PRS;3;PL	C
haft	hafi	V.PTCP;PST;ACC;SG	V;SBJV;PRS;3;PL	C
líka	líki	V;NFIN	V;SBJV;PRS;3;PL	C
óskum	óska	N;INDF;DAT;PL	N;INDF;GEN;PL	C
slepptu	sleppir	V;IND;PST;3;PL	V;SBJV;PRS;2;SG	C
dáð	dána	N;INDF;NOM;SG	V.PTCP;PST;GEN;SG	PARADIGM_ERROR
leystu	leysa	V;IND;PST;3;PL	V;NFIN	C
gættu	gætum	V;IND;PST;3;PL	V;SBJV;PRS;1;PL	C
hluta	hlutum	N;INDF;GEN;PL	N;INDF;DAT;PL	C
kosti	kosta	N;INDF;DAT;SG	N;INDF;GEN;PL	C
hóp	hópinn	N;INDF;ACC;SG	N;DEF;ACC;SG	C
koma	komum	V;NFIN	V;SBJV;PRS;1;PL	C
hryggir	hryggist	V;SBJV;PRS;2;SG	V;SBJV;PRS;1;SG	C
reiðin	reiðum	V.PTCP;PST;ACC;PL	N;INDF;DAT;PL	C
drepa	drepum	N;INDF;GEN;PL	N;INDF;DAT;PL	C
fiskurinn	fisk	N;DEF;NOM;SG	N;INDF;ACC;SG	C
stundu	stundir	N;INDF;GEN;SG	V;IND;PST;2;SG	C
breytist	breytum	V;SBJV;PRS;1;SG	V;SBJV;PRS;1;PL	C
hefur	hef	V;IND;PRS;2;SG	V;IMP;2;SG	C
birtur	birtast	V;IND;PRS;2;SG	V;IND;PRS;3;PL	C
vissum	vissu	N;INDF;DAT;PL	N;INDF;GEN;SG	C
breiddu	breidd	N;INDF;GEN;SG	N;INDF;ACC;SG	C
hafir	haf	V;SBJV;PRS;2;SG	V;IMP;2;SG	C
anda	andast	N;INDF;GEN;PL	V;IND;PRS;3;SG	C
mæli	mælum	V;SBJV;PRS;3;PL	V;SBJV;PRS;1;PL	C
fjarlægt	fjarlægir	V.PTCP;PST;ACC;SG	V;SBJV;PRS;2;SG	C
minn	minnist	V;IMP;2;SG	V;SBJV;PRS;1;SG	C
fá	fáist	V;IMP;2;SG	V;SBJV;PRS;1;SG	C
réttur	rétt	V.PTCP;PST;NOM;SG	N;INDF;ACC;SG	C
hræða	hræðist	V;NFIN	V;SBJV;PRS;1;SG	C
styrkti	styrk	V;IND;PST;3;SG	V;IMP;2;SG	C
kært	kæra	V.PTCP;PST;ACC;SG	V;NFIN	C
látna	látið	V.PTCP;PST;GEN;SG	V;IND;PRS;2;PL	C
heilla	heill	N;INDF;GEN;PL	N;INDF;ACC;SG	C
leyfið	leyfði	V;IND;PRS;2;PL	V;SBJV;PST;1;SG	C
líkir	líka	V;SBJV;PRS;2;SG	V;NFIN	C
valda	valdið	N;INDF;GEN;PL	V;IMP;2;PL	C
hópum	hópinn	N;INDF;DAT;PL	N;DEF;ACC;SG	C
svara	svaraði	N;INDF;GEN;PL	V;SBJV;PST;3;SG	C
settur	settuð	V.PTCP;PST;NOM;SG	V;IND;PST;2;PL	C
gjörir	gjörði	V;SBJV;PRS;2;SG	V;SBJV;PST;1;SG	C
aukist	aukast	V;SBJV;PRS;1;SG	V;IND;PRS;3;PL	C
ráðum	ráða	N;INDF;DAT;PL	N;INDF;GEN;PL	C
skipast	skipaði	V;IND;PRS;3;SG	V;SBJV;PST;3;SG	C
hafa	hafi	V;NFIN	V;SBJV;PRS;3;PL	C
þjáði	þjáist	V;SBJV;PST;1;SG	V;SBJV;PRS;1;SG	C
keypti	keyptir	N;INDF;DAT;SG	V;IND;PST;2;SG	C
höfða	höfðum	N;INDF;GEN;PL	N;INDF;DAT;PL	C
fylli	fyllir	V;SBJV;PRS;3;PL	V;SBJV;PRS;2;SG	C
halda	haldast	V;NFIN	V;IND;PRS;3;PL	C
skipunum	skipi	N;DEF;DAT;PL	N;INDF;DAT;SG	C
birtast	birtir	V;IND;PRS;3;PL	V;SBJV;PRS;2;SG	C
máli	mál	N;INDF;DAT;SG	N;INDF;ACC;SG	C
boðaði	boðið	V;SBJV;PST;3;SG	V;IMP;2;PL	C
ríkt	ríktu	V.PTCP;PST;ACC;SG	V;IND;PST;3;PL	C
þakka	þakkaði	N;INDF;GEN;PL	V;SBJV;PST;3;SG	C
verðum	verða	N;INDF;DAT;PL	N;INDF;GEN;PL	C
dæmi	dæma	V;SBJV;PRS;3;PL	V;NFIN	C
skjóti	skjótum	V;SBJV;PRS;3;PL	V;SBJV;PRS;1;PL	C
missir	missi	V;SBJV;PRS;2;SG	V;SBJV;PRS;3;PL	C
fletta	flettir	V;NFIN	V;SBJV;PRS;2;SG	C
Haf	Hafi	V;IMP;2;SG	V;SBJV;PRS;3;PL	C
metið	metum	V;IMP;2;PL	N;INDF;DAT;PL	C
annað	annast	V.CVB	V;IND;PRS;3;SG	C
klæddum	klædduð	N;INDF;DAT;PL	V;IND;PST;2;PL	C
foreldra	foreldrum	N;INDF;GEN;PL	N;INDF;DAT;PL	C
sendu	sendi	N;INDF;GEN;SG	N;INDF;DAT;SG	C
styrkist	styrki	V;SBJV;PRS;1;SG	V;SBJV;PRS;3;PL	C
drekk	drekkið	N;INDF;ACC;SG	V;IMP;2;PL	C
þakkir	þakka	V;IND;PST;2;SG	N;INDF;GEN;PL	C
boðum	boðið	N;INDF;DAT;PL	V;IMP;2;PL	C
líka	líkir	V;NFIN	V;SBJV;PRS;2;SG	C
verk	verki	N;INDF;ACC;SG	N;INDF;DAT;SG	C
helgi	helga	N;INDF;DAT;SG	N;INDF;GEN;PL	C
kom	komist	V;IMP;2;SG	V;SBJV;PRS;1;SG	C
skömmum	skömm	N;INDF;DAT;PL	N;INDF;ACC;SG	C
fæðist	fæðast	V;SBJV;PRS;1;SG	V;IND;PRS;3;PL	C
leyfi	leyfið	V;SBJV;PRS;3;PL	V;IND;PRS;2;PL	C
veitist	veittu	V;SBJV;PRS;1;SG	V;IND;PST;3;PL	C
gætu	gættu	V;SBJV;PST;3;PL	V;IND;PST;3;PL	C
sleppir	slepptu	V;SBJV;PRS;2;SG	V;IND;PST;3;PL	C
líkir	líkið	V;SBJV;PRS;2;SG	V;IND;PRS;2;PL	C
verð	verði	N;INDF;NOM;SG	V;SBJV;PST;1;SG	C
tala	talast	N;INDF;GEN;PL	V;IND;PRS;3;SG	C
auki	auka	V;SBJV;PRS;3;PL	V;NFIN	C
gjörist	gjörast	V;SBJV;PRS;1;SG	V;IND;PRS;3;PL	C
borgir	borgum	V;IND;PST;2;SG	N;INDF;DAT;PL	C
gefinn	gefin	N;DEF;ACC;SG	V.PTCP;PST;ACC;PL	C
fljótir	fljótið	V;SBJV;PRS;2;SG	V;IND;PRS;2;PL	C
birti	birtir	V;SBJV;PRS;3;PL	V;SBJV;PRS;2;SG	C
skiptið	skipti	V;IMP;2;PL	N;INDF;DAT;SG	C
reynd	reyndir	N;INDF;ACC;SG	V;IND;PST;2;SG	C
styrkir	styrkist	V;SBJV;PRS;2;SG	V;SBJV;PRS;1;SG	C
drukkið	drukkna	V;IND;PRS;2;PL	V.PTCP;PST;GEN;SG	C
leiðin	leiði	V.PTCP;PST;ACC;PL	N;INDF;DAT;SG	C
biðjist	biðjast	V;SBJV;PRS;1;SG	V;IND;PRS;3;PL	C
leyfum	leyfi	V;SBJV;PRS;1;PL	V;SBJV;PRS;3;PL	C
komum	komast	V;SBJV;PRS;1;PL	V;IND;PRS;3;PL	C
læsir	læsti	V;SBJV;PRS;2;SG	V;IND;PST;3;SG	C
lokið	lok	V;IMP;2;PL	N;INDF;ACC;SG	C
greini	grein	N;INDF;DAT;SG	N;INDF;ACC;SG	C
höfðu	höfum	V.PTCP;PST;DAT;PL	V;SBJV;PRS;1;PL	C
færðuð	færðir	V;IND;PST;2;PL	V;IND;PST;2;SG	C
loka	lok	N;INDF;GEN;PL	N;INDF;ACC;SG	C
senduð	sendir	V;IND;PST;2;PL	V;IND;PST;2;SG	C
tala	talið	N;INDF;GEN;PL	V;IMP;2;PL	C
dæmi	dæmist	V;SBJV;PRS;3;PL	V;SBJV;PRS;1;SG	C
virði	virðast	V;SBJV;PRS;3;PL	V;IND;PRS;3;PL	C
auka	aukist	V;NFIN	V;SBJV;PRS;1;SG	C
gerði	gerast	V;SBJV;PST;1;SG	V;IND;PRS;3;PL	C
ríkið	ríki	V;IND;PRS;2;PL	V;SBJV;PRS;3;PL	C
klæddir	klædduð	V;IND;PST;2;SG	V;IND;PST;2;PL	C
dæmt	dæmast	V.PTCP;PST;ACC;SG	V;IND;PRS;3;PL	C
hengdi	hengduð	N;INDF;DAT;SG	V;IND;PST;2;PL	C
leiddu	leiddir	N;INDF;GEN;SG	V;IND;PST;2;SG	C
rétt	rétta	N;INDF;ACC;SG	N;INDF;GEN;PL	C
Munu	Mun	N;INDF;GEN;SG	N;INDF;ACC;SG	C
fyllir	fyllist	V;SBJV;PRS;2;SG	V;SBJV;PRS;1;SG	C
breiddi	breidd	N;INDF;DAT;SG	N;INDF;ACC;SG	C
öðlast	öðlist	V;IND;PRS;3;PL	V;SBJV;PRS;1;SG	C
flytjist	flytjast	V;SBJV;PRS;1;SG	V;IND;PRS;3;PL	C
varðveitti	varðveitist	V;IND;PST;3;SG	V;SBJV;PRS;1;SG	C
skipta	skiptið	N;INDF;GEN;PL	V;IMP;2;PL	C
met	metið	N;INDF;ACC;SG	V;IMP;2;PL	C
greina	greinunum	N;INDF;GEN;PL	N;DEF;DAT;PL	C
færðu	fært	V.PTCP;PST;DAT;PL	V.PTCP;PST;ACC;SG	C
kórónum	kóróna	N;INDF;DAT;PL	N;INDF;GEN;PL	C
varðveitti	varðveitast	V;IND;PST;3;SG	V;IND;PRS;3;PL	C
minnast	minni	V;IND;PRS;3;PL	V;SBJV;PRS;3;PL	C
auk	aukast	V;IMP;2;SG	V;IND;PRS;3;PL	C
dæmast	dæmi	V;IND;PRS;3;PL	V;SBJV;PRS;3;PL	C
gjörðu	gjörir	V.PTCP;PST;DAT;PL	V;SBJV;PRS;2;SG	C
líkur	líki	V;IND;PRS;2;SG	V;SBJV;PRS;3;PL	C
hald	haldist	V;IMP;2;SG	V;SBJV;PRS;1;SG	C
fylltu	fyllti	V;IND;PST;3;PL	V;IND;PST;3;SG	C
jafna	jafnast	N;INDF;GEN;PL	V;IND;PRS;3;SG	C
jafnir	jafnað	V;IND;PST;2;SG	V.CVB	C
skilin	skilaði	V.PTCP;PST;ACC;PL	V;SBJV;PST;3;SG	PARADIGM_ERROR
missi	missti	V;SBJV;PRS;3;PL	V;IND;PST;3;SG	C
séu	séum	V;SBJV;PST;3;PL	V;SBJV;PRS;1;PL	C
þolið	þol	V;IMP;2;PL	N;INDF;ACC;SG	C
minna	minnast	V;NFIN	V;IND;PRS;3;PL	C
dæmdu	dæmdir	N;INDF;GEN;SG	V;IND;PST;2;SG	C
lið	liðinn	N;INDF;ACC;SG	N;DEF;ACC;SG	C
fyllast	fylli	V;IND;PRS;3;PL	V;SBJV;PRS;3;PL	C
leysir	leystu	V;SBJV;PRS;2;SG	V;IND;PST;3;PL	C
byggða	byggðir	N;INDF;GEN;PL	V;IND;PST;2;SG	C
Hafi	Haf	V;SBJV;PRS;3;PL	V;IMP;2;SG	C
málið	mál	V;IMP;2;PL	N;INDF;ACC;SG	C
aukast	auka	V;IND;PRS;3;PL	V;NFIN	C
komu	koma	V;SBJV;PST;3;PL	V;NFIN	C
mundir	mund	V;IND;PST;2;SG	N;INDF;ACC;SG	C
hafði	hafir	V;SBJV;PST;1;SG	V;SBJV;PRS;2;SG	C
leysir	leysa	V;SBJV;PRS;2;SG	V;NFIN	C
heitt	heita	V.PTCP;PST;ACC;SG	V;NFIN	C
hljómað	hljómaði	V.CVB	V;SBJV;PST;3;SG	C
hefðuð	hefðum	V;IND;PST;2;PL	N;INDF;DAT;PL	C
vonum	vona	N;INDF;DAT;PL	N;INDF;GEN;PL	C
sendi	sendir	N;INDF;DAT;SG	V;IND;PST;2;SG	C
birta	birtir	V;NFIN	V;SBJV;PRS;2;SG	C
veitast	veitist	V;IND;PRS;3;PL	V;SBJV;PRS;1;SG	C
gæti	gætu	V;SBJV;PRS;3;PL	V;SBJV;PST;3;PL	C
ráðið	ráða	V;IMP;2;PL	N;INDF;GEN;PL	C
leyfðu	leyfði	V.PTCP;PST;DAT;PL	V;SBJV;PST;1;SG	C
munt	munir	V.PTCP;PST;ACC;SG	V;SBJV;PRS;2;SG	C
skil	skilið	N;INDF;ACC;SG	V;IMP;2;PL	C
felld	felldur	N;INDF;ACC;SG	V.PTCP;PST;NOM;SG	C
spillti	spilltur	N;INDF;DAT;SG	V.PTCP;PST;NOM;SG	C
skipa	skipast	N;INDF;GEN;PL	V;IND;PRS;3;SG	C
fléttum	flétta	N;INDF;DAT;PL	N;INDF;GEN;PL	C
mega	megið	V;NFIN	V;IND;PRS;2;PL	C
gjörðu	gjörist	V.PTCP;PST;DAT;PL	V;SBJV;PRS;1;SG	C
máli	málum	N;INDF;DAT;SG	N;INDF;DAT;PL	C
giftist	gifta	V;SBJV;PRS;1;SG	V;NFIN	C
berast	berst	V;IND;PRS;3;PL	V;IND;PRS;1;SG	C
leysast	leysti	V;IND;PRS;3;PL	V;IND;PST;3;SG	C
tali	talaði	N;INDF;DAT;SG	V;SBJV;PST;3;SG	C
leiðast	leiði	V;IND;PRS;3;SG	N;INDF;DAT;SG	C
tali	tala	N;INDF;DAT;SG	N;INDF;GEN;PL	C
byggðu	byggist	V.PTCP;PST;DAT;PL	V;SBJV;PRS;1;SG	C
boðaði	boðin	V;SBJV;PST;3;SG	V.PTCP;PST;ACC;PL	PARADIGM_ERROR
virði	virða	V;SBJV;PRS;3;PL	V;NFIN	C
dæmist	dæmast	V;SBJV;PRS;1;SG	V;IND;PRS;3;PL	C
lagði	lagt	V;SBJV;PST;1;SG	V.PTCP;PST;ACC;SG	C
núna	nú	V.PTCP;PST;GEN;SG	V;IMP;2;SG	C
vakti	vaka	V;IND;PST;3;SG	V;NFIN	C
vísa	vísu	N;INDF;GEN;PL	N;INDF;GEN;SG	C
ráðum	ráði	N;INDF;DAT;PL	N;INDF;DAT;SG	C
valið	valinn	V;IMP;2;PL	N;DEF;ACC;SG	C
skýrðu	skýrt	V.PTCP;PST;DAT;PL	V.PTCP;PST;ACC;SG	C
æptu	æpti	V;IND;PST;3;PL	V;IND;PST;3;SG	C
komst	koma	V;IND;PRS;1;SG	V;NFIN	C
færðu	færði	V.PTCP;PST;DAT;PL	V;SBJV;PST;1;SG	C
heiti	heitið	V;SBJV;PRS;3;PL	V;IND;PRS;2;PL	C
hópinn	hópa	N;DEF;ACC;SG	N;INDF;GEN;PL	C
talið	tali	V;IMP;2;PL	N;INDF;DAT;SG	C
meta	metum	N;INDF;GEN;PL	N;INDF;DAT;PL	C
giftist	giftast	V;SBJV;PRS;1;SG	V;IND;PRS;3;PL	C
skiptið	skipta	V;IMP;2;PL	N;INDF;GEN;PL	C
þörfum	þörf	N;INDF;DAT;PL	N;INDF;ACC;SG	C
breytist	breyta	V;SBJV;PRS;1;SG	V;NFIN	C
mælið	mælum	V;IND;PRS;2;PL	V;SBJV;PRS;1;PL	C
segir	segist	V;SBJV;PRS;2;SG	V;SBJV;PRS;1;SG	C
líkur	líkt	V;IND;PRS;2;SG	V.PTCP;PST;ACC;SG	C
komast	komum	V;IND;PRS;3;PL	V;SBJV;PRS;1;PL	C
muni	mun	V;SBJV;PRS;3;PL	V;IMP;2;SG	C
ráða	ráði	N;INDF;GEN;PL	N;INDF;DAT;SG	C
gjöri	gjörði	V;SBJV;PRS;3;PL	V;SBJV;PST;1;SG	C
flettir	fletta	V;SBJV;PRS;2;SG	V;NFIN	C
vissu	vissum	N;INDF;GEN;SG	N;INDF;DAT;PL	C
Hafið	Hafi	V;IND;PRS;2;PL	V;SBJV;PRS;3;PL	C
halda	haldið	V;NFIN	V;IND;PRS;2;PL	C
breytti	breytum	V;IND;PST;3;SG	V;SBJV;PRS;1;PL	C
birtist	birtast	V;SBJV;PRS;1;SG	V;IND;PRS;3;PL	C
komna	komum	V.PTCP;PST;GEN;SG	V;SBJV;PRS;1;PL	C
svarið	svaraði	V;IMP;2;PL	V;SBJV;PST;3;SG	C
fylla	fylltu	V;NFIN	V;IND;PST;3;PL	C
felldu	felldir	N;INDF;GEN;SG	V;IND;PST;2;SG	C
völdu	völdum	N;INDF;GEN;SG	N;INDF;DAT;PL	C
mundir	munduð	V;IND;PST;2;SG	V;IND;PST;2;PL	C
giftist	gift	V;SBJV;PRS;1;SG	V;IMP;2;SG	C
byggðu	byggt	V.PTCP;PST;DAT;PL	V.PTCP;PST;ACC;SG	C
leggi	leggst	V;SBJV;PRS;3;PL	V;IND;PRS;1;SG	C
grein	greini	N;INDF;ACC;SG	N;INDF;DAT;SG	C
fást	fáist	V;IND;PRS;1;SG	V;SBJV;PRS;1;SG	C
leyfum	leyfði	V;SBJV;PRS;1;PL	V;SBJV;PST;1;SG	C
líkið	lík	V;IND;PRS;2;PL	V;IMP;2;SG	C
skjótast	skjótum	V;IND;PRS;3;PL	V;SBJV;PRS;1;PL	C
ráðast	ráði	V;IND;PRS;3;SG	N;INDF;DAT;SG	C
þúsund	þúsundunum	N;INDF;ACC;SG	N;DEF;DAT;PL	C
birtist	birta	V;SBJV;PRS;1;SG	V;NFIN	C
gjöra	gjörast	V;NFIN	V;IND;PRS;3;PL	C
boðin	boðaði	V.PTCP;PST;ACC;PL	V;SBJV;PST;3;SG	PARADIGM_ERROR
tíðum	tíða	N;INDF;DAT;PL	N;INDF;GEN;PL	C
færðu	færist	V.PTCP;PST;DAT;PL	V;SBJV;PRS;1;SG	C
breytt	breytti	V.PTCP;PST;ACC;SG	V;IND;PST;3;SG	C
varðveitist	varðveitti	V;SBJV;PRS;1;SG	V;IND;PST;3;SG	C
sendu	senduð	N;INDF;GEN;SG	V;IND;PST;2;PL	C
ríkir	ríki	V;SBJV;PRS;2;SG	V;SBJV;PRS;3;PL	C
sjúkdóm	sjúkdóma	N;INDF;ACC;SG	N;INDF;GEN;PL	C
komum	komist	V;SBJV;PRS;1;PL	V;SBJV;PRS;1;SG	C
þekkt	þekkist	V.PTCP;PST;ACC;SG	V;SBJV;PRS;1;SG	C
klædda	klædduð	N;INDF;GEN;PL	V;IND;PST;2;PL	C
mál	málum	N;INDF;ACC;SG	N;INDF;DAT;PL	C
þörf	þörfum	N;INDF;ACC;SG	N;INDF;DAT;PL	C
ráðast	ráðið	V;IND;PRS;3;SG	V;IMP;2;PL	C
foreldrunum	foreldra	N;DEF;DAT;PL	N;INDF;GEN;PL	C
gefinn	gefið	N;DEF;ACC;SG	V;IMP;2;PL	C
verki	verk	N;INDF;DAT;SG	N;INDF;ACC;SG	C
minnst	minnast	V;IND;PRS;1;SG	V;IND;PRS;3;PL	C
kæra	kærir	V;NFIN	V;SBJV;PRS;2;SG	C
fylla	fyllti	V;NFIN	V;IND;PST;3;SG	C
gjörði	gjörast	V;SBJV;PST;1;SG	V;IND;PRS;3;PL	C
fyllti	fylltu	V;IND;PST;3;SG	V;IND;PST;3;PL	C
hefðu	hefur	V.PTCP;PST;DAT;PL	V;IND;PRS;2;SG	C
byggði	byggir	V;SBJV;PST;1;SG	V;SBJV;PRS;2;SG	C
neitað	neitaði	V.CVB	V;SBJV;PST;3;SG	C
birtir	birta	V;SBJV;PRS;2;SG	V;NFIN	C
líkið	líki	V;IND;PRS;2;PL	V;SBJV;PRS;3;PL	C
stundir	stundum	V;IND;PST;2;SG	N;INDF;DAT;PL	C
líkur	lík	V;IND;PRS;2;SG	V;IMP;2;SG	C
fæddu	fæddir	N;INDF;GEN;SG	V;IND;PST;2;SG	C
staðinn	staða	N;DEF;ACC;SG	N;INDF;GEN;PL	C
hald	haldast	V;IMP;2;SG	V;IND;PRS;3;PL	C
flokk	flokkum	N;INDF;ACC;SG	N;INDF;DAT;PL	C
fiska	fiski	N;INDF;GEN;PL	N;INDF;DAT;SG	C
aukið	auka	V;IND;PRS;2;PL	V;NFIN	C
heill	heilla	N;INDF;ACC;SG	N;INDF;GEN;PL	C
kastað	kastið	V.CVB	V;IMP;2;PL	C
ali	ala	N;INDF;DAT;SG	N;INDF;GEN;PL	C
Kom	Koma	N;INDF;ACC;SG	N;INDF;GEN;PL	C
hópinn	hópi	N;DEF;ACC;SG	N;INDF;DAT;SG	C
haldist	hald	V;SBJV;PRS;1;SG	V;IMP;2;SG	C
minni	minnast	V;SBJV;PRS;3;PL	V;IND;PRS;3;PL	C
sendu	senda	N;INDF;GEN;SG	N;INDF;GEN;PL	C
hræðast	hræðist	V;IND;PRS;3;PL	V;SBJV;PRS;1;SG	C
heyrðir	heyrðuð	V;IND;PST;2;SG	V;IND;PST;2;PL	C
komast	kom	V;IND;PRS;3;PL	V;IMP;2;SG	C
klæðast	klæðum	V;IND;PRS;3;SG	N;INDF;DAT;PL	C
komu	kom	V;SBJV;PST;3;PL	V;IMP;2;SG	C
glatast	glataði	V;IND;PRS;3;SG	V;SBJV;PST;3;SG	C
skipið	skipunum	V;IMP;2;PL	N;DEF;DAT;PL	C
lifnaði	lifnaður	N;INDF;DAT;SG	V.PTCP;PST;NOM;SG	C
fundið	fundinn	V;IMP;2;PL	N;DEF;ACC;SG	C
birtum	birta	V;SBJV;PRS;1;PL	V;NFIN	C
senda	senduð	N;INDF;GEN;PL	V;IND;PST;2;PL	C
skrifi	skrifa	N;INDF;DAT;SG	N;INDF;GEN;PL	C
hætt	hætta	N;INDF;ACC;SG	N;INDF;GEN;PL	C
setta	settum	N;INDF;GEN;PL	N;INDF;DAT;PL	C
ríki	ríkti	V;SBJV;PRS;3;PL	V;IND;PST;3;SG	C
byggist	byggði	V;SBJV;PRS;1;SG	V;SBJV;PST;1;SG	C
hugsast	hugsaði	V;IND;PRS;3;SG	V;SBJV;PST;3;SG	C
metum	metið	N;INDF;DAT;PL	V;IMP;2;PL	C
lofið	loft	V;IMP;2;PL	N;INDF;ACC;SG	PARADIGM_ERROR
eigið	eigi	V;IND;PRS;2;PL	V;SBJV;PRS;3;PL	C
auki	aukast	V;SBJV;PRS;3;PL	V;IND;PRS;3;PL	C
settuð	settir	V;IND;PST;2;PL	V;IND;PST;2;SG	C
hefur	hefði	V;IND;PRS;2;SG	V;SBJV;PST;1;SG	C
hlið	hliðum	N;INDF;ACC;SG	N;INDF;DAT;PL	C
leyfið	leyfa	V;IND;PRS;2;PL	V;NFIN	C
liðið	lið	V;IMP;2;PL	N;INDF;ACC;SG	C
fyllti	fyllist	V;IND;PST;3;SG	V;SBJV;PRS;1;SG	C
fyllist	fyllir	V;SBJV;PRS;1;SG	V;SBJV;PRS;2;SG	C
hættu	hætti	N;INDF;GEN;SG	N;INDF;DAT;SG	C
skipunum	skipa	N;DEF;DAT;PL	N;INDF;GEN;PL	C
kæru	kært	V;SBJV;PST;3;PL	V.PTCP;PST;ACC;SG	C
dæmið	dæmast	V;IND;PRS;2;PL	V;IND;PRS;3;PL	C
boða	boð	N;INDF;GEN;PL	N;INDF;ACC;SG	C
láta	látið	V;NFIN	V;IND;PRS;2;PL	C
mælir	mælist	V;SBJV;PRS;2;SG	V;SBJV;PRS;1;SG	C
skipi	skip	N;INDF;DAT;SG	N;INDF;ACC;SG	C
Hafði	Hafa	V;SBJV;PST;1;SG	V;NFIN	C
kært	kærðu	V.PTCP;PST;ACC;SG	V.PTCP;PST;DAT;PL	C
skapi	skapa	N;INDF;DAT;SG	N;INDF;GEN;PL	C
dæmdur	dæmdir	V.PTCP;PST;NOM;SG	V;IND;PST;2;SG	C
guð	guði	N;INDF;ACC;SG	N;INDF;DAT;SG	C
horft	horfum	V.PTCP;PST;ACC;SG	V;SBJV;PRS;1;PL	C
leyfum	leyfa	V;SBJV;PRS;1;PL	V;NFIN	C
færu	færist	V;SBJV;PST;3;PL	V;SBJV;PRS;1;SG	C
boðið	boða	V;IMP;2;PL	N;INDF;GEN;PL	C
ráða	ráðum	N;INDF;GEN;PL	N;INDF;DAT;PL	C
meta	metið	N;INDF;GEN;PL	V;IMP;2;PL	C
mun	munið	V;IMP;2;SG	V;IND;PRS;2;PL	C
virðist	virði	V;SBJV;PRS;1;SG	V;SBJV;PRS;3;PL	C
kennd	kenndir	N;INDF;ACC;SG	V;IND;PST;2;SG	C
leyfði	leyfið	V;SBJV;PST;1;SG	V;IND;PRS;2;PL	C
gjöra	gjörir	V;NFIN	V;SBJV;PRS;2;SG	C
Hafa	Hafið	V;NFIN	V;IND;PRS;2;PL	C
komna	kom	V.PTCP;PST;GEN;SG	V;IMP;2;SG	C
sett	settu	V.PTCP;PST;ACC;SG	V;IND;PST;3;PL	C
múrinn	múr	N;DEF;ACC;SG	N;INDF;ACC;SG	C
Kom	Komu	N;INDF;ACC;SG	N;INDF;GEN;SG	C
þekktur	þekktuð	V.PTCP;PST;NOM;SG	V;IND;PST;2;PL	C
fært	færði	V.PTCP;PST;ACC;SG	V;SBJV;PST;1;SG	C
kasta	kasti	N;INDF;GEN;PL	N;INDF;DAT;SG	C
gætti	gætir	V;IND;PST;3;SG	V;SBJV;PRS;2;SG	C
fyllast	fylltu	V;IND;PRS;3;PL	V;IND;PST;3;PL	C
reiðir	reiði	V;IND;PST;2;SG	N;INDF;DAT;SG	C
gjalda	gjaldi	N;INDF;GEN;PL	N;INDF;DAT;SG	C
auk	auki	V;IMP;2;SG	V;SBJV;PRS;3;PL	C
hafir	hafið	V;SBJV;PRS;2;SG	V;IND;PRS;2;PL	C
rétta	rétti	N;INDF;GEN;PL	N;INDF;DAT;SG	C
vaxi	vaxið	N;INDF;DAT;SG	V;IMP;2;PL	C
hafi	haf	V;SBJV;PRS;3;PL	V;IMP;2;SG	C
lifðu	lifði	V.PTCP;PST;DAT;PL	V;SBJV;PST;1;SG	C
minnast	minn	V;IND;PRS;3;PL	V;IMP;2;SG	C
mundum	mundir	N;INDF;DAT;PL	V;IND;PST;2;SG	C
Koma	Komu	N;INDF;GEN;PL	N;INDF;GEN;SG	C
aukast	auki	V;IND;PRS;3;PL	V;SBJV;PRS;3;PL	C
kasti	kastið	N;INDF;DAT;SG	V;IMP;2;PL	C
líkist	lík	V;SBJV;PRS;1;SG	V;IMP;2;SG	C
skjóti	skjóta	V;SBJV;PRS;3;PL	V;NFIN	C
gerist	gerði	V;SBJV;PRS;1;SG	V;SBJV;PST;1;SG	C
gift	giftast	V;IMP;2;SG	V;IND;PRS;3;PL	C
boða	boðið	N;INDF;GEN;PL	V;IMP;2;PL	C
minnst	minn	V;IND;PRS;1;SG	V;IMP;2;SG	C
styrki	styrk	V;SBJV;PRS;3;PL	V;IMP;2;SG	C
máli	mála	N;INDF;DAT;SG	N;INDF;GEN;PL	C
dæmið	dæmist	V;IND;PRS;2;PL	V;SBJV;PRS;1;SG	C
skýrt	skýrðu	V.PTCP;PST;ACC;SG	V.PTCP;PST;DAT;PL	C
Guði	Guð	N;INDF;DAT;SG	N;INDF;ACC;SG	C
safnað	safnast	V.CVB	V;IND;PRS;3;SG	C
flokkum	flokkinn	N;INDF;DAT;PL	N;DEF;ACC;SG	C
horft	horfði	V.PTCP;PST;ACC;SG	V;SBJV;PST;1;SG	C
minnist	minna	V;SBJV;PRS;1;SG	V;NFIN	C
gjaldi	gjaldið	N;INDF;DAT;SG	V;IMP;2;PL	C
leita	leitast	N;INDF;GEN;PL	V;IND;PRS;3;SG	C
aukið	aukist	V;IND;PRS;2;PL	V;SBJV;PRS;1;SG	C
leita	leitum	N;INDF;GEN;PL	N;INDF;DAT;PL	C
virði	virðist	V;SBJV;PRS;3;PL	V;SBJV;PRS;1;SG	C
mælist	mæla	V;SBJV;PRS;1;SG	V;NFIN	C
boðum	boða	N;INDF;DAT;PL	N;INDF;GEN;PL	C
gjalda	gjaldið	N;INDF;GEN;PL	V;IMP;2;PL	C
fiska	fiskurinn	N;INDF;GEN;PL	N;DEF;NOM;SG	C
kærir	kæra	V;SBJV;PRS;2;SG	V;NFIN	C
haldist	haldast	V;SBJV;PRS;1;SG	V;IND;PRS;3;PL	C
ráðum	ráð	N;INDF;DAT;PL	N;INDF;ACC;SG	C
komist	koma	V;SBJV;PRS;1;SG	V;NFIN	C
auk	auka	V;IMP;2;SG	V;NFIN	C
skjóta	skjótast	V;NFIN	V;IND;PRS;3;PL	C
munt	munum	V.PTCP;PST;ACC;SG	V;SBJV;PRS;1;PL	C
borðið	borðum	V;IMP;2;PL	N;INDF;DAT;PL	C
fæða	fæðast	V;NFIN	V;IND;PRS;3;PL	C
þekkist	þekkti	V;SBJV;PRS;1;SG	V;IND;PST;3;SG	C
mælum	mæli	V;SBJV;PRS;1;PL	V;SBJV;PRS;3;PL	C
krossinn	kross	N;DEF;ACC;SG	N;INDF;ACC;SG	C
heilla	heilli	N;INDF;GEN;PL	N;INDF;DAT;SG	C
ríkti	ríki	V;IND;PST;3;SG	V;SBJV;PRS;3;PL	C
opnaði	opnast	V;SBJV;PST;3;SG	V;IND;PRS;3;SG	C
munið	muni	V;IND;PRS;2;PL	V;SBJV;PRS;3;PL	C
leyfði	leyfi	V;SBJV;PST;1;SG	V;SBJV;PRS;3;PL	C
skýrum	skýrði	V;SBJV;PRS;1;PL	V;SBJV;PST;1;SG	C
treystu	treystir	N;INDF;GEN;SG	V;IND;PST;2;SG	C
gætum	gættu	V;SBJV;PRS;1;PL	V;IND;PST;3;PL	C
skipið	skip	V;IMP;2;PL	N;INDF;ACC;SG	C
valdið	valdi	V;IMP;2;PL	N;INDF;DAT;SG	C
greini	greina	N;INDF;DAT;SG	N;INDF;GEN;PL	C
styrkist	styrktu	V;SBJV;PRS;1;SG	V;IND;PST;3;PL	C
gætir	gætti	V;SBJV;PRS;2;SG	V;IND;PST;3;SG	C
gerðu	gerast	V.PTCP;PST;DAT;PL	V;IND;PRS;3;PL	C
styrktu	styrkir	V;IND;PST;3;PL	V;SBJV;PRS;2;SG	C
ráð	ráðið	N;INDF;ACC;SG	V;IMP;2;PL	C
haldið	haldast	V;IND;PRS;2;PL	V;IND;PRS;3;PL	C
skipi	skipunum	N;INDF;DAT;SG	N;DEF;DAT;PL	C
borgum	borga	N;INDF;DAT;PL	N;INDF;GEN;PL	C
greina	grein	N;INDF;GEN;PL	N;INDF;ACC;SG	C
skjótt	skjótum	V.PTCP;PST;ACC;SG	V;SBJV;PRS;1;PL	C
hafi	hafa	V;SBJV;PRS;3;PL	V;NFIN	C
skipa	skipaði	N;INDF;GEN;PL	V;SBJV;PST;3;SG	C
breytist	breytti	V;SBJV;PRS;1;SG	V;IND;PST;3;SG	C
fært	færir	V.PTCP;PST;ACC;SG	V;SBJV;PRS;2;SG	C
mund	mundum	N;INDF;ACC;SG	N;INDF;DAT;PL	C
gjörðu	gjöri	V.PTCP;PST;DAT;PL	V;SBJV;PRS;3;PL	C
leitaði	leit	V;SBJV;PST;3;SG	N;INDF;ACC;SG	PARADIGM_ERROR
komist	komum	V;SBJV;PRS;1;SG	V;SBJV;PRS;1;PL	C
hliðin	hlið	V.PTCP;PST;ACC;PL	N;INDF;ACC;SG	C
koma	komast	V;NFIN	V;IND;PRS;3;PL	C
stökktu	stökkti	V;IND;PST;3;PL	V;IND;PST;3;SG	C
hryggi	hrygg	V;SBJV;PRS;3;PL	V;IMP;2;SG	C
heiður	heiðurinn	V.PTCP;PST;NOM;SG	N;DEF;NOM;SG	C
fiski	fisk	N;INDF;DAT;SG	N;INDF;ACC;SG	C
minn	minna	V;IMP;2;SG	V;NFIN	C
færði	færist	V;SBJV;PST;1;SG	V;SBJV;PRS;1;SG	C
fiskinn	fiska	N;DEF;ACC;SG	N;INDF;GEN;PL	C
birtum	birtast	V;SBJV;PRS;1;PL	V;IND;PRS;3;PL	C
líka	líkist	V;NFIN	V;SBJV;PRS;1;SG	PARADIGM_ERROR
heitir	heitið	V;SBJV;PRS;2;SG	V;IND;PRS;2;PL	C
skrifa	skrifi	N;INDF;GEN;PL	N;INDF;DAT;SG	C
hagi	haga	N;INDF;DAT;SG	N;INDF;GEN;PL	C
trúðu	trú	V.PTCP;PST;DAT;PL	V;IMP;2;SG	C
giftast	gifta	V;IND;PRS;3;PL	V;NFIN	C
valdi	valdið	N;INDF;DAT;SG	V;IMP;2;PL	C
færð	færði	N;INDF;NOM;SG	V;SBJV;PST;1;SG	C
sendur	senduð	V.PTCP;PST;NOM;SG	V;IND;PST;2;PL	C
gjörðu	gjöra	V.PTCP;PST;DAT;PL	V;NFIN	C
vörum	vörunum	N;INDF;DAT;PL	N;DEF;DAT;PL	C
munum	mun	V;SBJV;PRS;1;PL	V;IMP;2;SG	C
minnist	minn	V;SBJV;PRS;1;SG	V;IMP;2;SG	C
boði	boðið	N;INDF;DAT;SG	V;IMP;2;PL	C
leystu	leysir	V;IND;PST;3;PL	V;SBJV;PRS;2;SG	C
verði	verð	V;SBJV;PST;1;SG	N;INDF;NOM;SG	C
leggst	leggi	V;IND;PRS;1;SG	V;SBJV;PRS;3;PL	C
styrki	styrktu	V;SBJV;PRS;3;PL	V;IND;PST;3;PL	C
gjörir	gjöri	V;SBJV;PRS;2;SG	V;SBJV;PRS;3;PL	C
þekktir	þekktuð	V;IND;PST;2;SG	V;IND;PST;2;PL	C
flettu	fletta	V;SBJV;PST;3;PL	V;NFIN	C
leyfa	leyfið	V;NFIN	V;IND;PRS;2;PL	C
kyssti	kysstu	V;IND;PST;3;SG	V;IND;PST;3;PL	C
flokkinn	flokki	N;DEF;ACC;SG	N;INDF;DAT;SG	C
heitið	heiti	V;IND;PRS;2;PL	V;SBJV;PRS;3;PL	C
dæmast	dæmið	V;IND;PRS;3;PL	V;IND;PRS;2;PL	C
komum	koma	V;SBJV;PRS;1;PL	V;NFIN	C
munið	munum	V;IND;PRS;2;PL	V;SBJV;PRS;1;PL	C
Koma	Komum	N;INDF;GEN;PL	N;INDF;DAT;PL	C
voru	voruð	N;INDF;GEN;SG	V;IND;PST;2;PL	C
fluttu	fluttur	N;INDF;GEN;SG	V.PTCP;PST;NOM;SG	C
rek	rekið	V;IMP;2;SG	V;IND;PRS;2;PL	C
styrki	styrkir	V;SBJV;PRS;3;PL	V;SBJV;PRS;2;SG	C
sendur	sendir	V.PTCP;PST;NOM;SG	V;IND;PST;2;SG	C
líkist	líkið	V;SBJV;PRS;1;SG	V;IND;PRS;2;PL	C
klæði	klæða	N;INDF;DAT;SG	N;INDF;GEN;PL	C
boða	boðum	N;INDF;GEN;PL	N;INDF;DAT;PL	C
langað	langaði	V.CVB	V;SBJV;PST;3;SG	C
skilinn	skilin	N;DEF;ACC;SG	V.PTCP;PST;ACC;PL	C
réttur	réttu	V.PTCP;PST;NOM;SG	N;INDF;GEN;SG	C
Hafði	Haf	V;SBJV;PST;1;SG	V;IMP;2;SG	C
nefnt	nefnist	V.PTCP;PST;ACC;SG	V;SBJV;PRS;1;SG	C
birti	birtist	V;SBJV;PRS;3;PL	V;SBJV;PRS;1;SG	C
send	sendi	N;INDF;ACC;SG	N;INDF;DAT;SG	C
líkt	líkist	V.PTCP;PST;ACC;SG	V;SBJV;PRS;1;SG	C
boða	boði	N;INDF;GEN;PL	N;INDF;DAT;SG	C
skil	skilin	N;INDF;ACC;SG	V.PTCP;PST;ACC;PL	C
færir	færist	V;SBJV;PRS;2;SG	V;SBJV;PRS;1;SG	C
fæddur	fæddir	V.PTCP;PST;NOM;SG	V;IND;PST;2;SG	C
heiti	heitir	V;SBJV;PRS;3;PL	V;SBJV;PRS;2;SG	C
málum	mála	N;INDF;DAT;PL	N;INDF;GEN;PL	C
breytum	breyta	V;SBJV;PRS;1;PL	V;NFIN	C
leitum	leitaði	N;INDF;DAT;PL	V;SBJV;PST;3;SG	C
ber	berst	V;IMP;2;SG	V;IND;PRS;1;SG	C
helgast	helgum	V;IND;PRS;3;SG	N;INDF;DAT;PL	C
leiðast	leiða	V;IND;PRS;3;SG	N;INDF;GEN;PL	C
mátti	mátt	N;INDF;DAT;SG	N;INDF;ACC;SG	C
færir	færu	V;SBJV;PRS;2;SG	V;SBJV;PST;3;PL	C
leynda	leyndum	N;INDF;GEN;PL	N;INDF;DAT;PL	C
leggið	leggur	V;IND;PRS;2;PL	V;IND;PRS;2;SG	C
hafa	haf	V;NFIN	V;IMP;2;SG	C
dæmt	dæmi	V.PTCP;PST;ACC;SG	V;SBJV;PRS;3;PL	C
boðið	boði	V;IMP;2;PL	N;INDF;DAT;SG	C
horft	horfið	V.PTCP;PST;ACC;SG	V;IND;PRS;2;PL	C
klæði	klæðum	N;INDF;DAT;SG	N;INDF;DAT;PL	C
hreinsast	hreinsaði	V;IND;PRS;3;SG	V;SBJV;PST;3;SG	C
ráða	ráðið	N;INDF;GEN;PL	V;IMP;2;PL	C
mörk	mörkum	N;INDF;ACC;SG	N;INDF;DAT;PL	C
heimta	heimtuð	N;INDF;GEN;PL	V;IND;PST;2;PL	C
dæmi	dæmast	V;SBJV;PRS;3;PL	V;IND;PRS;3;PL	C
styrkir	styrkti	V;SBJV;PRS;2;SG	V;IND;PST;3;SG	C
réttu	rétt	N;INDF;GEN;SG	N;INDF;ACC;SG	C
stunda	stundum	N;INDF;GEN;PL	N;INDF;DAT;PL	C
skjótt	skjótast	V.PTCP;PST;ACC;SG	V;IND;PRS;3;PL	C
reka	rekur	V;NFIN	V;IND;PRS;2;SG	C
þekkt	þekktu	V.PTCP;PST;ACC;SG	V;IND;PST;3;PL	C
klædda	klæddir	N;INDF;GEN;PL	V;IND;PST;2;SG	C
líkið	líkist	V;IND;PRS;2;PL	V;SBJV;PRS;1;SG	C
lokið	lokum	V;IMP;2;PL	N;INDF;DAT;PL	C
metast	met	V;IND;PRS;3;SG	N;INDF;ACC;SG	C
skírast	skírist	V;IND;PRS;3;PL	V;SBJV;PRS;1;SG	C
greina	greinum	N;INDF;GEN;PL	N;INDF;DAT;PL	C
heitir	heita	V;SBJV;PRS;2;SG	V;NFIN	C
háir	háum	V;SBJV;PRS;2;SG	V;SBJV;PRS;1;PL	C
metum	met	N;INDF;DAT;PL	N;INDF;ACC;SG	C
gjörast	gjöri	V;IND;PRS;3;PL	V;SBJV;PRS;3;PL	C
auka	aukið	V;NFIN	V;IND;PRS;2;PL	C
flokka	flokk	N;INDF;GEN;PL	N;INDF;ACC;SG	C
elsku	elska	N;INDF;GEN;SG	N;INDF;GEN;PL	C
greinum	greina	N;INDF;DAT;PL	N;INDF;GEN;PL	C
fyllast	fyllist	V;IND;PRS;3;PL	V;SBJV;PRS;1;SG	C
byggða	byggðum	N;INDF;GEN;PL	N;INDF;DAT;PL	C
Hafa	Hafi	V;NFIN	V;SBJV;PRS;3;PL	C
birtur	birta	V;IND;PRS;2;SG	V;NFIN	C
sendir	senda	V;IND;PST;2;SG	N;INDF;GEN;PL	C
flokkur	flokki	V.PTCP;PST;NOM;SG	N;INDF;DAT;SG	C
helgum	helga	N;INDF;DAT;PL	N;INDF;GEN;PL	C
æpti	æptu	V;IND;PST;3;SG	V;IND;PST;3;PL	C
trú	trúa	V;IMP;2;SG	V;NFIN	C
klæða	klæði	N;INDF;GEN;PL	N;INDF;DAT;SG	C
gjörast	gjörir	V;IND;PRS;3;PL	V;SBJV;PRS;2;SG	C
leggst	leggið	V;IND;PRS;1;SG	V;IND;PRS;2;PL	C
flokka	flokkinn	N;INDF;GEN;PL	N;DEF;ACC;SG	C
greinum	greinunum	N;INDF;DAT;PL	N;DEF;DAT;PL	C
leysa	leysast	V;NFIN	V;IND;PRS;3;PL	C
opnast	opnaði	V;IND;PRS;3;SG	V;SBJV;PST;3;SG	C
ráð	ráðum	N;INDF;ACC;SG	N;INDF;DAT;PL	C
munum	munir	V;SBJV;PRS;1;PL	V;SBJV;PRS;2;SG	C
aukist	auk	V;SBJV;PRS;1;SG	V;IMP;2;SG	C
náðu	ná	V.PTCP;PST;DAT;PL	V;IMP;2;SG	C
send	sendum	N;INDF;ACC;SG	N;INDF;DAT;PL	C
mæla	mæli	V;NFIN	V;SBJV;PRS;3;PL	C
múr	múrinn	N;INDF;ACC;SG	N;DEF;ACC;SG	C
mælir	mælum	V;SBJV;PRS;2;SG	V;SBJV;PRS;1;PL	C
hætta	hætti	N;INDF;GEN;PL	N;INDF;DAT;SG	C
óskir	óskum	V;IND;PST;2;SG	N;INDF;DAT;PL	C
grein	greinum	N;INDF;ACC;SG	N;INDF;DAT;PL	C
met	metum	N;INDF;ACC;SG	N;INDF;DAT;PL	C
auki	aukist	V;SBJV;PRS;3;PL	V;SBJV;PRS;1;SG	C
mun	muni	V;IMP;2;SG	V;SBJV;PRS;3;PL	C
senda	sendum	N;INDF;GEN;PL	N;INDF;DAT;PL	C
tölum	tölu	N;INDF;DAT;PL	N;INDF;GEN;SG	C
gangast	gangi	V;IND;PRS;3;PL	V;SBJV;PRS;3;PL	C
mála	mál	N;INDF;GEN;PL	N;INDF;ACC;SG	C
boða	boðaði	N;INDF;GEN;PL	V;SBJV;PST;3;SG	C
sjúkdóma	sjúkdóm	N;INDF;GEN;PL	N;INDF;ACC;SG	C
gríska	grísku	N;INDF;GEN;PL	N;INDF;GEN;SG	C
heitið	heita	V;IND;PRS;2;PL	V;NFIN	C
gætti	gætu	V;IND;PST;3;SG	V;SBJV;PST;3;PL	PARADIGM_ERROR
leitaði	leitast	V;SBJV;PST;3;SG	V;IND;PRS;3;SG	C
styrkist	styrkir	V;SBJV;PRS;1;SG	V;SBJV;PRS;2;SG	C
munum	munið	V;SBJV;PRS;1;PL	V;IND;PRS;2;PL	C
skiptir	skiptið	V;IND;PST;2;SG	V;IMP;2;PL	C
auki	aukið	V;SBJV;PRS;3;PL	V;IND;PRS;2;PL	C
giftast	gift	V;IND;PRS;3;PL	V;IMP;2;SG	C
vissum	vissir	N;INDF;DAT;PL	V;IND;PST;2;SG	C
styrkir	styrk	V;SBJV;PRS;2;SG	V;IMP;2;SG	C
þakkað	þakkaði	V.CVB	V;SBJV;PST;3;SG	C
fylltu	fyllist	V;IND;PST;3;PL	V;SBJV;PRS;1;SG	C
aukist	auki	V;SBJV;PRS;1;SG	V;SBJV;PRS;3;PL	C
komna	komast	V.PTCP;PST;GEN;SG	V;IND;PRS;3;PL	C
birtum	birtir	V;SBJV;PRS;1;PL	V;SBJV;PRS;2;SG	C
selduð	seldir	V;IND;PST;2;PL	V;IND;PST;2;SG	C
fæddu	fæddur	N;INDF;GEN;SG	V.PTCP;PST;NOM;SG	C
fyllist	fyllti	V;SBJV;PRS;1;SG	V;IND;PST;3;SG	C
breytum	breytti	V;SBJV;PRS;1;PL	V;IND;PST;3;SG	C
mundir	mundum	V;IND;PST;2;SG	N;INDF;DAT;PL	C
tíð	tíða	N;INDF;ACC;SG	N;INDF;GEN;PL	C
fiski	fiskurinn	N;INDF;DAT;SG	N;DEF;NOM;SG	C
sýnast	sýnist	V;IND;PRS;3;PL	V;SBJV;PRS;1;SG	C
leyst	leysa	V.PTCP;PST;ACC;SG	V;NFIN	C
berst	ber	V;IND;PRS;1;SG	V;IMP;2;SG	C
ættu	ættum	N;INDF;GEN;SG	N;INDF;DAT;PL	C
helgast	helgi	V;IND;PRS;3;SG	N;INDF;DAT;SG	C
greini	greinunum	N;INDF;DAT;SG	N;DEF;DAT;PL	C
líka	líkið	V;NFIN	V;IND;PRS;2;PL	C
munu	munið	V;SBJV;PST;3;PL	V;IND;PRS;2;PL	C
finnast	finnst	V;IND;PRS;3;PL	V;IND;PRS;1;SG	C
lofið	lofi	V;IMP;2;PL	N;INDF;DAT;SG	C
hálsinn	háls	N;DEF;ACC;SG	N;INDF;ACC;SG	C
færð	færðu	N;INDF;NOM;SG	V.PTCP;PST;DAT;PL	C
missir	missti	V;SBJV;PRS;2;SG	V;IND;PST;3;SG	C
munu	muni	V;SBJV;PST;3;PL	V;SBJV;PRS;3;PL	C
leyfðu	leyfa	V.PTCP;PST;DAT;PL	V;NFIN	C
mál	mála	N;INDF;ACC;SG	N;INDF;GEN;PL	C
breyttu	breytum	V;IND;PST;3;PL	V;SBJV;PRS;1;PL	C
trúðu	trúa	V.PTCP;PST;DAT;PL	V;NFIN	C
valdið	valda	V;IMP;2;PL	N;INDF;GEN;PL	C
biðjast	biðjist	V;IND;PRS;3;PL	V;SBJV;PRS;1;SG	C
setti	settir	N;INDF;DAT;SG	V;IND;PST;2;SG	C
ríkti	ríkir	V;IND;PST;3;SG	V;SBJV;PRS;2;SG	C
fisk	fiskurinn	N;INDF;ACC;SG	N;DEF;NOM;SG	C
dæmt	dæma	V.PTCP;PST;ACC;SG	V;NFIN	C
tíðir	tíða	V;IND;PST;2;SG	N;INDF;GEN;PL	C
ættuð	ættum	V;IND;PST;2;PL	N;INDF;DAT;PL	C
þjáist	þjáði	V;SBJV;PRS;1;SG	V;SBJV;PST;1;SG	C
horfðu	horfum	V.PTCP;PST;DAT;PL	V;SBJV;PRS;1;PL	C
leyfið	leyfum	V;IND;PRS;2;PL	V;SBJV;PRS;1;PL	C
fæddi	fæddir	N;INDF;DAT;SG	V;IND;PST;2;SG	C
loft	lofið	N;INDF;ACC;SG	V;IMP;2;PL	PARADIGM_ERROR
lofaði	lofið	V;SBJV;PST;3;SG	V;IMP;2;PL	C
hópur	hópinn	V.PTCP;PST;NOM;SG	N;DEF;ACC;SG	C
fylla	fyllist	V;NFIN	V;SBJV;PRS;1;SG	C
leyfum	leyfið	V;SBJV;PRS;1;PL	V;IND;PRS;2;PL	C
heyrði	heyrast	V;SBJV;PST;1;SG	V;IND;PRS;3;PL	C
settum	settuð	N;INDF;DAT;PL	V;IND;PST;2;PL	C
gátum	gátuð	N;INDF;DAT;PL	V;IND;PST;2;PL	C
rétt	réttu	N;INDF;ACC;SG	N;INDF;GEN;SG	C
breytt	breytist	V.PTCP;PST;ACC;SG	V;SBJV;PRS;1;SG	C
færði	færir	V;SBJV;PST;1;SG	V;SBJV;PRS;2;SG	C
þol	þoli	N;INDF;ACC;SG	N;INDF;DAT;SG	C
hefðu	hefði	V.PTCP;PST;DAT;PL	V;SBJV;PST;1;SG	C
Munum	Mun	N;INDF;DAT;PL	N;INDF;ACC;SG	C
mælist	mæli	V;SBJV;PRS;1;SG	V;SBJV;PRS;3;PL	C
leyst	leysti	V.PTCP;PST;ACC;SG	V;IND;PST;3;SG	C
gjörist	gjöra	V;SBJV;PRS;1;SG	V;NFIN	C
horfið	horfum	V;IND;PRS;2;PL	V;SBJV;PRS;1;PL	C
heitið	heitir	V;IND;PRS;2;PL	V;SBJV;PRS;2;SG	C
reki	rekið	V;SBJV;PRS;3;PL	V;IND;PRS;2;PL	C
leiðir	leiði	V;IND;PST;2;SG	N;INDF;DAT;SG	C
hópum	hóp	N;INDF;DAT;PL	N;INDF;ACC;SG	C
dæma	dæmist	V;NFIN	V;SBJV;PRS;1;SG	C
kærir	kær	V;SBJV;PRS;2;SG	V;IMP;2;SG	C
jafnt	jafnast	N;INDF;ACC;SG	V;IND;PRS;3;SG	C
turninn	turn	N;DEF;ACC;SG	N;INDF;ACC;SG	C
skipi	skipast	N;INDF;DAT;SG	V;IND;PRS;3;SG	C
boði	boð	N;INDF;DAT;SG	N;INDF;ACC;SG	C
gift	gifta	V;IMP;2;SG	V;NFIN	C
svaraði	svarið	V;SBJV;PST;3;SG	V;IMP;2;PL	C
hryggi	hryggir	V;SBJV;PRS;3;PL	V;SBJV;PRS;2;SG	C
greinum	greini	N;INDF;DAT;PL	N;INDF;DAT;SG	C
liði	lið	N;INDF;DAT;SG	N;INDF;ACC;SG	C
skipti	skipta	N;INDF;DAT;SG	N;INDF;GEN;PL	C
líkur	líka	V;IND;PRS;2;SG	V;NFIN	C
drýgðu	drýgði	V.PTCP;PST;DAT;PL	V;SBJV;PST;1;SG	C
jafnt	jafna	N;INDF;ACC;SG	N;INDF;GEN;PL	C
eyrum	eyrunum	N;INDF;DAT;PL	N;DEF;DAT;PL	C
líkt	líkið	V.PTCP;PST;ACC;SG	V;IND;PRS;2;PL	C
hryggir	hryggi	V;SBJV;PRS;2;SG	V;SBJV;PRS;3;PL	C
haldið	haldist	V;IND;PRS;2;PL	V;SBJV;PRS;1;SG	C
liðið	liðinn	V;IMP;2;PL	N;DEF;ACC;SG	C
ákæru	ákæra	V;SBJV;PST;3;PL	V;NFIN	C
mælið	mælir	V;IND;PRS;2;PL	V;SBJV;PRS;2;SG	C
verðið	verða	V;IMP;2;PL	N;INDF;GEN;PL	C
færðir	færðuð	V;IND;PST;2;SG	V;IND;PST;2;PL	C
fyllast	fyllti	V;IND;PRS;3;PL	V;IND;PST;3;SG	C
munu	mun	V;SBJV;PST;3;PL	V;IMP;2;SG	C
setta	settuð	N;INDF;GEN;PL	V;IND;PST;2;PL	C
mælir	mæli	V;SBJV;PRS;2;SG	V;SBJV;PRS;3;PL	C
át	átuð	N;INDF;ACC;SG	V;IND;PST;2;PL	C
tíð	tíðum	N;INDF;ACC;SG	N;INDF;DAT;PL	C
þrumum	þrumu	N;INDF;DAT;PL	N;INDF;GEN;SG	C
skipa	skip	N;INDF;GEN;PL	N;INDF;ACC;SG	C
fylltu	fylla	V;IND;PST;3;PL	V;NFIN	C
hætta	hættu	N;INDF;GEN;PL	N;INDF;GEN;SG	C
rekur	rek	V;IND;PRS;2;SG	V;IMP;2;SG	C
alinn	ala	N;DEF;ACC;SG	N;INDF;GEN;PL	C
búið	búist	V;IND;PRS;2;PL	V;SBJV;PRS;1;SG	C
ráðið	ráði	V;IMP;2;PL	N;INDF;DAT;SG	C
líkir	líki	V;SBJV;PRS;2;SG	V;SBJV;PRS;3;PL	C
spáð	spá	N;INDF;NOM;SG	V;IMP;2;SG	C
breytt	breyta	V.PTCP;PST;ACC;SG	V;NFIN	C
komst	komist	V;IND;PRS;1;SG	V;SBJV;PRS;1;SG	C
byggir	byggist	V;SBJV;PRS;2;SG	V;SBJV;PRS;1;SG	C
halda	haldist	V;NFIN	V;SBJV;PRS;1;SG	C
fylli	fyllti	V;SBJV;PRS;3;PL	V;IND;PST;3;SG	C
munum	muni	V;SBJV;PRS;1;PL	V;SBJV;PRS;3;PL	C
kært	kærir	V.PTCP;PST;ACC;SG	V;SBJV;PRS;2;SG	C
hald	haldið	V;IMP;2;SG	V;IND;PRS;2;PL	C
leyndum	leynda	N;INDF;DAT;PL	N;INDF;GEN;PL	C
dæmdum	dæmdur	N;INDF;DAT;PL	V.PTCP;PST;NOM;SG	C
munir	muni	V;SBJV;PRS;2;SG	V;SBJV;PRS;3;PL	C
voru	vorum	N;INDF;GEN;SG	N;INDF;DAT;PL	C
skilaði	skilið	V;SBJV;PST;3;SG	V;IMP;2;PL	C
breytti	breyta	V;IND;PST;3;SG	V;NFIN	C
heiti	heita	V;SBJV;PRS;3;PL	V;NFIN	C
gerist	gerast	V;SBJV;PRS;1;SG	V;IND;PRS;3;PL	C
leysti	leysa	V;IND;PST;3;SG	V;NFIN	C
send	sendir	N;INDF;ACC;SG	V;IND;PST;2;SG	C
birtum	birti	V;SBJV;PRS;1;PL	V;SBJV;PRS;3;PL	C
giftast	giftist	V;IND;PRS;3;PL	V;SBJV;PRS;1;SG	C
turn	turninn	N;INDF;ACC;SG	N;DEF;ACC;SG	C
setta	setti	N;INDF;GEN;PL	N;INDF;DAT;SG	C
tjá	tjáði	V;IMP;2;SG	V;SBJV;PST;1;SG	C
birtum	birtist	V;SBJV;PRS;1;PL	V;SBJV;PRS;1;SG	C
stundum	stundir	N;INDF;DAT;PL	V;IND;PST;2;SG	C
jafnir	jafnast	V;IND;PST;2;SG	V;IND;PRS;3;SG	C
andast	andaði	V;IND;PRS;3;SG	V;SBJV;PST;3;SG	C
aukast	aukist	V;IND;PRS;3;PL	V;SBJV;PRS;1;SG	C
kasta	kastið	N;INDF;GEN;PL	V;IMP;2;PL	C
berast	ber	V;IND;PRS;3;PL	V;IMP;2;SG	C
jafnast	jafnað	V;IND;PRS;3;SG	V.CVB	C
tjáði	tjá	V;SBJV;PST;1;SG	V;IMP;2;SG	C
gifta	gift	V;NFIN	V;IMP;2;SG	C
hópur	hóp	V.PTCP;PST;NOM;SG	N;INDF;ACC;SG	C
boðin	boði	V.PTCP;PST;ACC;PL	N;INDF;DAT;SG	C
hópa	hópi	N;INDF;GEN;PL	N;INDF;DAT;SG	C
talið	talast	V;IMP;2;PL	V;IND;PRS;3;SG	C
ráð	ráða	N;INDF;ACC;SG	N;INDF;GEN;PL	C
kasti	kasta	N;INDF;DAT;SG	N;INDF;GEN;PL	C
virðast	virði	V;IND;PRS;3;PL	V;SBJV;PRS;3;PL	C
fisk	fiski	N;INDF;ACC;SG	N;INDF;DAT;SG	C
hópur	hópum	V.PTCP;PST;NOM;SG	N;INDF;DAT;PL	C
leiddur	leiddir	V.PTCP;PST;NOM;SG	V;IND;PST;2;SG	C
gjörist	gjörir	V;SBJV;PRS;1;SG	V;SBJV;PRS;2;SG	C
skiptið	skiptum	V;IMP;2;PL	N;INDF;DAT;PL	C
mælið	mæla	V;IND;PRS;2;PL	V;NFIN	C
styrk	styrkti	V;IMP;2;SG	V;IND;PST;3;SG	C
grein	greinunum	N;INDF;ACC;SG	N;DEF;DAT;PL	C
Hafa	Haf	V;NFIN	V;IMP;2;SG	C
reiðum	reiði	N;INDF;DAT;PL	N;INDF;DAT;SG	C
boðið	boðum	V;IMP;2;PL	N;INDF;DAT;PL	C
ríkir	ríktu	V;SBJV;PRS;2;SG	V;IND;PST;3;PL	C
reynast	reynist	V;IND;PRS;3;PL	V;SBJV;PRS;1;SG	C
álit	áliti	N;INDF;ACC;SG	N;INDF;DAT;SG	C
gjörir	gjöra	V;SBJV;PRS;2;SG	V;NFIN	C
flokkum	flokka	N;INDF;DAT;PL	N;INDF;GEN;PL	C
haldið	hald	V;IND;PRS;2;PL	V;IMP;2;SG	C
drekki	drekkið	N;INDF;DAT;SG	V;IMP;2;PL	C
horfum	horfið	V;SBJV;PRS;1;PL	V;IND;PRS;2;PL	C
leysir	leysast	V;SBJV;PRS;2;SG	V;IND;PRS;3;PL	C
reiðin	reiði	V.PTCP;PST;ACC;PL	N;INDF;DAT;SG	C
ríkir	ríkið	V;SBJV;PRS;2;SG	V;IND;PRS;2;PL	C
virða	virði	V;NFIN	V;SBJV;PRS;3;PL	C
kórónu	kórónum	N;INDF;GEN;SG	N;INDF;DAT;PL	C
vakti	vakir	V;IND;PST;3;SG	V;SBJV;PRS;2;SG	C
metast	metið	V;IND;PRS;3;SG	V;IMP;2;PL	C
flokkur	flokkum	V.PTCP;PST;NOM;SG	N;INDF;DAT;PL	C
byggðir	byggða	V;IND;PST;2;SG	N;INDF;GEN;PL	C
óska	óskum	N;INDF;GEN;PL	N;INDF;DAT;PL	C
ráð	ráði	N;INDF;ACC;SG	N;INDF;DAT;SG	C
komu	komna	V;SBJV;PST;3;PL	V.PTCP;PST;GEN;SG	C
breyta	breyttu	V;NFIN	V;IND;PST;3;PL	C
dæma	dæmið	V;NFIN	V;IND;PRS;2;PL	C
sendu	sendir	N;INDF;GEN;SG	V;IND;PST;2;SG	C
flokka	flokki	N;INDF;GEN;PL	N;INDF;DAT;SG	C
gjöra	gjörist	V;NFIN	V;SBJV;PRS;1;SG	C
lok	lokum	N;INDF;ACC;SG	N;INDF;DAT;PL	C
breytum	breytist	V;SBJV;PRS;1;PL	V;SBJV;PRS;1;SG	C
send	senduð	N;INDF;ACC;SG	V;IND;PST;2;PL	C
gætir	gætum	V;SBJV;PRS;2;SG	V;SBJV;PRS;1;PL	C
verða	verðið	N;INDF;GEN;PL	V;IMP;2;PL	C
boðið	boðaði	V;IMP;2;PL	V;SBJV;PST;3;SG	C
mættuð	mætti	V;IND;PST;2;PL	N;INDF;DAT;SG	C
líkist	líka	V;SBJV;PRS;1;SG	V;NFIN	PARADIGM_ERROR
skírði	skírast	V;SBJV;PST;1;SG	V;IND;PRS;3;PL	C
varðveitast	varðveitti	V;IND;PRS;3;PL	V;IND;PST;3;SG	C
heyrðu	heyrast	V.PTCP;PST;DAT;PL	V;IND;PRS;3;PL	C
fyllast	fylla	V;IND;PRS;3;PL	V;NFIN	C
hrærði	hrærist	V;SBJV;PST;1;SG	V;SBJV;PRS;1;SG	C
líkist	líkir	V;SBJV;PRS;1;SG	V;SBJV;PRS;2;SG	C
skírist	skírði	V;SBJV;PRS;1;SG	V;SBJV;PST;1;SG	C
heitir	heiti	V;SBJV;PRS;2;SG	V;SBJV;PRS;3;PL	C
ríkið	ríkti	V;IND;PRS;2;PL	V;IND;PST;3;SG	C
horfðu	horfði	V.PTCP;PST;DAT;PL	V;SBJV;PST;1;SG	C
áttundi	áttunda	N;INDF;DAT;SG	N;INDF;GEN;PL	C
aukast	auk	V;IND;PRS;3;PL	V;IMP;2;SG	C
birtist	birtir	V;SBJV;PRS;1;SG	V;SBJV;PRS;2;SG	C
koma	kom	V;NFIN	V;IMP;2;SG	C
ríkt	ríkir	V.PTCP;PST;ACC;SG	V;SBJV;PRS;2;SG	C
þúsund	þúsundum	N;INDF;ACC;SG	N;INDF;DAT;PL	C
hafir	hafna	V;SBJV;PRS;2;SG	V.PTCP;PST;GEN;SG	PARADIGM_ERROR
seldu	seldur	N;INDF;GEN;SG	V.PTCP;PST;NOM;SG	C
málum	málið	N;INDF;DAT;PL	V;IMP;2;PL	C
boðin	boðið	V.PTCP;PST;ACC;PL	V;IMP;2;PL	C
þýðist	þýðast	V;SBJV;PRS;1;SG	V;IND;PRS;3;PL	C
birta	birtist	V;NFIN	V;SBJV;PRS;1;SG	C
ráðið	ráð	V;IMP;2;PL	N;INDF;ACC;SG	C
hefði	hefur	V;SBJV;PST;1;SG	V;IND;PRS;2;SG	C
birtir	birtist	V;SBJV;PRS;2;SG	V;SBJV;PRS;1;SG	C
leiði	leiða	N;INDF;DAT;SG	N;INDF;GEN;PL	C
kært	kær	V.PTCP;PST;ACC;SG	V;IMP;2;SG	C
gætum	gætu	V;SBJV;PRS;1;PL	V;SBJV;PST;3;PL	C
merkir	merkti	V;SBJV;PRS;2;SG	V;IND;PST;3;SG	C
reki	rekur	V;SBJV;PRS;3;PL	V;IND;PRS;2;SG	C
spáðu	spá	V.PTCP;PST;DAT;PL	V;IMP;2;SG	C
færð	fært	N;INDF;NOM;SG	V.PTCP;PST;ACC;SG	C
gifta	giftast	V;NFIN	V;IND;PRS;3;PL	C
virða	virðist	V;NFIN	V;SBJV;PRS;1;SG	C
halda	hald	V;NFIN	V;IMP;2;SG	C
mæli	mælist	V;SBJV;PRS;3;PL	V;SBJV;PRS;1;SG	C
getur	geta	V.PTCP;PST;NOM;SG	N;INDF;GEN;PL	C
sýnist	sýnast	V;SBJV;PRS;1;SG	V;IND;PRS;3;PL	C
breyttu	breyta	V;IND;PST;3;PL	V;NFIN	C
týnda	týndur	N;INDF;GEN;PL	V.PTCP;PST;NOM;SG	C
felld	felldir	N;INDF;ACC;SG	V;IND;PST;2;SG	C
skip	skipi	N;INDF;ACC;SG	N;INDF;DAT;SG	C
leitast	leit	V;IND;PRS;3;SG	N;INDF;ACC;SG	PARADIGM_ERROR
leit	leita	N;INDF;ACC;SG	N;INDF;GEN;PL	C
fæðast	fæðist	V;IND;PRS;3;PL	V;SBJV;PRS;1;SG	C
greini	greinum	N;INDF;DAT;SG	N;INDF;DAT;PL	C
hreinsaði	hreinsast	V;SBJV;PST;3;SG	V;IND;PRS;3;SG	C
kasti	kastaði	N;INDF;DAT;SG	V;SBJV;PST;3;SG	C
skírði	skírist	V;SBJV;PST;1;SG	V;SBJV;PRS;1;SG	C
klæðast	klæða	V;IND;PRS;3;SG	N;INDF;GEN;PL	C
birtur	birtist	V;IND;PRS;2;SG	V;SBJV;PRS;1;SG	C
skammt	skamma	N;INDF;ACC;SG	N;INDF;GEN;PL	C
leit	leitum	N;INDF;ACC;SG	N;INDF;DAT;PL	C
færu	færir	V;SBJV;PST;3;PL	V;SBJV;PRS;2;SG	C
kallast	kallaði	V;IND;PRS;3;SG	V;SBJV;PST;3;SG	C
starfi	starfa	N;INDF;DAT;SG	N;INDF;GEN;PL	C
leysti	leysir	V;IND;PST;3;SG	V;SBJV;PRS;2;SG	C
færð	færir	N;INDF;NOM;SG	V;SBJV;PRS;2;SG	C
vetur	veturinn	V.PTCP;PST;NOM;SG	N;DEF;NOM;SG	C
byggt	byggði	V.PTCP;PST;ACC;SG	V;SBJV;PST;1;SG	C
minnst	minna	V;IND;PRS;1;SG	V;NFIN	C
fyllist	fyllast	V;SBJV;PRS;1;SG	V;IND;PRS;3;PL	C
glataði	glatast	V;SBJV;PST;3;SG	V;IND;PRS;3;SG	C
vissum	vissuð	N;INDF;DAT;PL	V;IND;PST;2;PL	C
horfðu	horfið	V.PTCP;PST;DAT;PL	V;IND;PRS;2;PL	C
aukist	auka	V;SBJV;PRS;1;SG	V;NFIN	C
mun	munum	V;IMP;2;SG	V;SBJV;PRS;1;PL	C
lokum	lok	N;INDF;DAT;PL	N;INDF;ACC;SG	C
kom	komast	V;IMP;2;SG	V;IND;PRS;3;PL	C
máli	málið	N;INDF;DAT;SG	V;IMP;2;PL	C
megið	megum	V;IND;PRS;2;PL	V;SBJV;PRS;1;PL	C
flokki	flokkinn	N;INDF;DAT;SG	N;DEF;ACC;SG	C
heilsa	heilsaði	N;INDF;GEN;PL	V;SBJV;PST;3;SG	C
ferð	ferst	N;INDF;NOM;SG	V;IND;PRS;1;SG	C
sendir	sendum	V;IND;PST;2;SG	N;INDF;DAT;PL	C
hafna	haf	V.PTCP;PST;GEN;SG	V;IMP;2;SG	PARADIGM_ERROR
leiddu	leiddur	N;INDF;GEN;SG	V.PTCP;PST;NOM;SG	C
notum	nota	N;INDF;DAT;PL	N;INDF;GEN;PL	C
þrumu	þrumum	N;INDF;GEN;SG	N;INDF;DAT;PL	C
safnast	safnaði	V;IND;PRS;3;SG	V;SBJV;PST;3;SG	C
getum	geta	N;INDF;DAT;PL	N;INDF;GEN;PL	C
mælir	mælið	V;SBJV;PRS;2;SG	V;IND;PRS;2;PL	C
vakir	vakti	V;SBJV;PRS;2;SG	V;IND;PST;3;SG	C
ríktu	ríkið	V;IND;PST;3;PL	V;IND;PRS;2;PL	C
hætt	hættu	N;INDF;ACC;SG	N;INDF;GEN;SG	C
kom	komum	V;IMP;2;SG	V;SBJV;PRS;1;PL	C
skilinn	skilið	N;DEF;ACC;SG	V;IMP;2;PL	C
sjúkdómur	sjúkdóma	V.PTCP;PST;NOM;SG	N;INDF;GEN;PL	C
heyrðum	heyrðuð	N;INDF;DAT;PL	V;IND;PST;2;PL	C
færði	færu	V;SBJV;PST;1;SG	V;SBJV;PST;3;PL	PARADIGM_ERROR
ríkt	ríkið	V.PTCP;PST;ACC;SG	V;IND;PRS;2;PL	C
kærðu	kært	V.PTCP;PST;DAT;PL	V.PTCP;PST;ACC;SG	C
liði	liðinn	N;INDF;DAT;SG	N;DEF;ACC;SG	C
flokk	flokkinn	N;INDF;ACC;SG	N;DEF;ACC;SG	C
náið	ná	V;IND;PRS;2;PL	V;IMP;2;SG	C
Hafði	Hafið	V;SBJV;PST;1;SG	V;IND;PRS;2;PL	C
ráði	ráð	N;INDF;DAT;SG	N;INDF;ACC;SG	C
komst	komna	V;IND;PRS;1;SG	V.PTCP;PST;GEN;SG	C
tíðir	tíð	V;IND;PST;2;SG	N;INDF;ACC;SG	C
lík	líkir	V;IMP;2;SG	V;SBJV;PRS;2;SG	C
skipti	skiptið	N;INDF;DAT;SG	V;IMP;2;PL	C
kórónu	kóróna	N;INDF;GEN;SG	N;INDF;GEN;PL	C
Komu	Koma	N;INDF;GEN;SG	N;INDF;GEN;PL	C
segist	segir	V;SBJV;PRS;1;SG	V;SBJV;PRS;2;SG	C
munt	mun	V.PTCP;PST;ACC;SG	V;IMP;2;SG	C
auk	aukist	V;IMP;2;SG	V;SBJV;PRS;1;SG	C
líkið	líka	V;IND;PRS;2;PL	V;NFIN	C
sleppt	sleppir	V.PTCP;PST;ACC;SG	V;SBJV;PRS;2;SG	C
fiska	fiskinn	N;INDF;GEN;PL	N;DEF;ACC;SG	C
lærast	lærði	V;IND;PRS;3;PL	V;SBJV;PST;1;SG	C
minna	minni	V;NFIN	V;SBJV;PRS;3;PL	C
leggið	leggi	V;IND;PRS;2;PL	V;SBJV;PRS;3;PL	C
óskir	óska	V;IND;PST;2;SG	N;INDF;GEN;PL	C
látum	láta	V;SBJV;PRS;1;PL	V;NFIN	C
heyrðu	heyrði	V.PTCP;PST;DAT;PL	V;SBJV;PST;1;SG	C
ríki	ríktu	V;SBJV;PRS;3;PL	V;IND;PST;3;PL	C
hræðist	hræða	V;SBJV;PRS;1;SG	V;NFIN	C
fisk	fiska	N;INDF;ACC;SG	N;INDF;GEN;PL	C
fljótið	fljótir	V;IND;PRS;2;PL	V;SBJV;PRS;2;SG	C
gjörður	gjörðuð	V.PTCP;PST;NOM;SG	V;IND;PST;2;PL	C
hópi	hópinn	N;INDF;DAT;SG	N;DEF;ACC;SG	C
leyndi	leynda	N;INDF;DAT;SG	N;INDF;GEN;PL	C
gætti	gætum	V;IND;PST;3;SG	V;SBJV;PRS;1;PL	C
elska	elskum	N;INDF;GEN;PL	N;INDF;DAT;PL	C
búist	búið	V;SBJV;PRS;1;SG	V;IND;PRS;2;PL	C
færist	færu	V;SBJV;PRS;1;SG	V;SBJV;PST;3;PL	C
gæti	gætir	V;SBJV;PRS;3;PL	V;SBJV;PRS;2;SG	C
lok	loka	N;INDF;ACC;SG	N;INDF;GEN;PL	C
þúsunda	þúsund	N;INDF;GEN;PL	N;INDF;ACC;SG	C
dána	dáðu	V.PTCP;PST;GEN;SG	V.PTCP;PST;DAT;PL	PARADIGM_ERROR
gjörist	gjöri	V;SBJV;PRS;1;SG	V;SBJV;PRS;3;PL	C
birta	birtast	V;NFIN	V;IND;PRS;3;PL	C
orðið	orð	V;IMP;2;PL	N;INDF;ACC;SG	C
gætt	gætti	V.PTCP;PST;ACC;SG	V;IND;PST;3;SG	C
hryggi	hryggist	V;SBJV;PRS;3;PL	V;SBJV;PRS;1;SG	C
ráði	ráðum	N;INDF;DAT;SG	N;INDF;DAT;PL	C
fiskinn	fiski	N;DEF;ACC;SG	N;INDF;DAT;SG	C
leyfði	leyfa	V;SBJV;PST;1;SG	V;NFIN	C
Mun	Munum	N;INDF;ACC;SG	N;INDF;DAT;PL	C
dána	dáð	V.PTCP;PST;GEN;SG	N;INDF;NOM;SG	PARADIGM_ERROR
flokkur	flokkinn	V.PTCP;PST;NOM;SG	N;DEF;ACC;SG	C
nefnist	nefnast	V;SBJV;PRS;1;SG	V;IND;PRS;3;PL	C
koma	komist	V;NFIN	V;SBJV;PRS;1;SG	C
fiski	fiska	N;INDF;DAT;SG	N;INDF;GEN;PL	C
líki	líkist	V;SBJV;PRS;3;PL	V;SBJV;PRS;1;SG	C
nefnast	nefnist	V;IND;PRS;3;PL	V;SBJV;PRS;1;SG	C
hóp	hópi	N;INDF;ACC;SG	N;INDF;DAT;SG	C
skiptum	skiptir	N;INDF;DAT;PL	V;IND;PST;2;SG	C
neyddu	neyddur	N;INDF;GEN;SG	V.PTCP;PST;NOM;SG	C
færðu	færir	V.PTCP;PST;DAT;PL	V;SBJV;PRS;2;SG	C
Mælir	Mæli	V;IND;PST;2;SG	N;INDF;DAT;SG	C
Getur	Getum	V.PTCP;PST;NOM;SG	N;INDF;DAT;PL	C
kastið	kasta	V;IMP;2;PL	N;INDF;GEN;PL	C
flettu	flettir	V;SBJV;PST;3;PL	V;SBJV;PRS;2;SG	C
stóð	stóðuð	N;INDF;ACC;SG	V;IND;PST;2;PL	C
byggist	byggir	V;SBJV;PRS;1;SG	V;SBJV;PRS;2;SG	C
flokkinn	flokka	N;DEF;ACC;SG	N;INDF;GEN;PL	C
spáð	spáði	N;INDF;NOM;SG	V;SBJV;PST;1;SG	C
kærðu	kærir	V.PTCP;PST;DAT;PL	V;SBJV;PRS;2;SG	C
verðið	verðum	V;IMP;2;PL	N;INDF;DAT;PL	C
getur	getum	V.PTCP;PST;NOM;SG	N;INDF;DAT;PL	C
hef	hefur	V;IMP;2;SG	V;IND;PRS;2;SG	C
fylltur	fylltir	V.PTCP;PST;NOM;SG	V;IND;PST;2;SG	C
skilaði	skilin	V;SBJV;PST;3;SG	V.PTCP;PST;ACC;PL	PARADIGM_ERROR
hafna	hafi	V.PTCP;PST;GEN;SG	V;SBJV;PRS;3;PL	PARADIGM_ERROR
leyfði	leyfum	V;SBJV;PST;1;SG	V;SBJV;PRS;1;PL	C
gætu	gætum	V;SBJV;PST;3;PL	V;SBJV;PRS;1;PL	C
rita	ritaði	N;INDF;GEN;PL	V;SBJV;PST;3;SG	C
leystu	leysti	V;IND;PST;3;PL	V;IND;PST;3;SG	C
fyllast	fyllir	V;IND;PRS;3;PL	V;SBJV;PRS;2;SG	C
heilli	heill	N;INDF;DAT;SG	N;INDF;ACC;SG	C
gangi	gangast	V;SBJV;PRS;3;PL	V;IND;PRS;3;PL	C
græddi	græddir	N;INDF;DAT;SG	V;IND;PST;2;SG	C
byggt	byggir	V.PTCP;PST;ACC;SG	V;SBJV;PRS;2;SG	C
hóp	hópum	N;INDF;ACC;SG	N;INDF;DAT;PL	C
gjöri	gjörist	V;SBJV;PRS;3;PL	V;SBJV;PRS;1;SG	C
kunni	kunnir	N;INDF;DAT;SG	V;IND;PST;2;SG	C
færð	færist	N;INDF;NOM;SG	V;SBJV;PRS;1;SG	C
hrygg	hryggir	V;IMP;2;SG	V;SBJV;PRS;2;SG	C
leita	leit	N;INDF;GEN;PL	N;INDF;ACC;SG	C
foreldrunum	foreldrum	N;DEF;DAT;PL	N;INDF;DAT;PL	C
talast	talið	V;IND;PRS;3;SG	V;IMP;2;PL	C
ríkt	ríkti	V.PTCP;PST;ACC;SG	V;IND;PST;3;SG	C
sé	sést	V;IMP;2;SG	V;IND;PRS;1;SG	C
ná	náið	V;IMP;2;SG	V;IND;PRS;2;PL	C
leggið	leggst	V;IND;PRS;2;PL	V;IND;PRS;1;SG	C
skýrt	skýrum	V.PTCP;PST;ACC;SG	V;SBJV;PRS;1;PL	C
Hafið	Hafa	V;IND;PRS;2;PL	V;NFIN	C
birtist	birtum	V;SBJV;PRS;1;SG	V;SBJV;PRS;1;PL	C
auka	auki	V;NFIN	V;SBJV;PRS;3;PL	C
leyfi	leyfa	V;SBJV;PRS;3;PL	V;NFIN	C
skamma	skammt	N;INDF;GEN;PL	N;INDF;ACC;SG	C
kastið	kasti	V;IMP;2;PL	N;INDF;DAT;SG	C
helga	helgum	N;INDF;GEN;PL	N;INDF;DAT;PL	C
ritum	ritaði	N;INDF;DAT;PL	V;SBJV;PST;3;SG	C
byggðum	byggða	N;INDF;DAT;PL	N;INDF;GEN;PL	C
foreldrum	foreldrunum	N;INDF;DAT;PL	N;DEF;DAT;PL	C
setti	settuð	N;INDF;DAT;SG	V;IND;PST;2;PL	C
berð	berst	N;INDF;NOM;SG	V;IND;PRS;1;SG	C
gefast	gefið	V;IND;PRS;3;SG	V;IMP;2;PL	C
gjörði	gjöri	V;SBJV;PST;1;SG	V;SBJV;PRS;3;PL	C
komst	komast	V;IND;PRS;1;SG	V;IND;PRS;3;PL	C
þekktu	þekkti	V;IND;PST;3;PL	V;IND;PST;3;SG	C
spilltum	spilltur	N;INDF;DAT;PL	V.PTCP;PST;NOM;SG	C
flytjast	flytjist	V;IND;PRS;3;PL	V;SBJV;PRS;1;SG	C
mundum	mund	N;INDF;DAT;PL	N;INDF;ACC;SG	C
skrifum	skrifa	N;INDF;DAT;PL	N;INDF;GEN;PL	C
flétta	fléttum	N;INDF;GEN;PL	N;INDF;DAT;PL	C
gjaldið	gjaldi	V;IMP;2;PL	N;INDF;DAT;SG	C
færist	færði	V;SBJV;PRS;1;SG	V;SBJV;PST;1;SG	C
hafði	haf	V;SBJV;PST;1;SG	V;IMP;2;SG	C
boð	boða	N;INDF;ACC;SG	N;INDF;GEN;PL	C
birti	birtast	V;SBJV;PRS;3;PL	V;IND;PRS;3;PL	C
birtast	birta	V;IND;PRS;3;PL	V;NFIN	C
hryggir	hrygg	V;SBJV;PRS;2;SG	V;IMP;2;SG	C
líkt	líki	V.PTCP;PST;ACC;SG	V;SBJV;PRS;3;PL	C
fyllti	fylli	V;IND;PST;3;SG	V;SBJV;PRS;3;PL	C
gættu	gætu	V;IND;PST;3;PL	V;SBJV;PST;3;PL	C
sé	séum	V;IMP;2;SG	V;SBJV;PRS;1;PL	C
læst	læsir	V.PTCP;PST;ACC;SG	V;SBJV;PRS;2;SG	C
hóp	hópa	N;INDF;ACC;SG	N;INDF;GEN;PL	C
líka	lík	V;NFIN	V;IMP;2;SG	C
kallaði	kallast	V;SBJV;PST;3;SG	V;IND;PRS;3;SG	C
minnst	minni	V;IND;PRS;1;SG	V;SBJV;PRS;3;PL	C
náðu	náið	V.PTCP;PST;DAT;PL	V;IND;PRS;2;PL	C
byggð	byggir	N;INDF;NOM;SG	V;SBJV;PRS;2;SG	C
skip	skipa	N;INDF;ACC;SG	N;INDF;GEN;PL	C
hliðið	hlið	V;IMP;2;PL	N;INDF;ACC;SG	C
réttu	rétti	N;INDF;GEN;SG	N;INDF;DAT;SG	C
flokkinn	flokk	N;DEF;ACC;SG	N;INDF;ACC;SG	C
málið	máli	V;IMP;2;PL	N;INDF;DAT;SG	C
sóttu	sótt	N;INDF;GEN;SG	N;INDF;ACC;SG	C
muni	munum	V;SBJV;PRS;3;PL	V;SBJV;PRS;1;PL	C
aukið	auki	V;IND;PRS;2;PL	V;SBJV;PRS;3;PL	C
ráða	ráð	N;INDF;GEN;PL	N;INDF;ACC;SG	C
stökk	stökkti	V;IMP;2;SG	V;IND;PST;3;SG	C
líkir	lík	V;SBJV;PRS;2;SG	V;IMP;2;SG	C
hópum	hópi	N;INDF;DAT;PL	N;INDF;DAT;SG	C
þúsund	þúsunda	N;INDF;ACC;SG	N;INDF;GEN;PL	C
sendir	senduð	V;IND;PST;2;SG	V;IND;PST;2;PL	C
hryggist	hryggir	V;SBJV;PRS;1;SG	V;SBJV;PRS;2;SG	C
styrkist	styrkti	V;SBJV;PRS;1;SG	V;IND;PST;3;SG	C
haf	hafir	V;IMP;2;SG	V;SBJV;PRS;2;SG	C
reynist	reynast	V;SBJV;PRS;1;SG	V;IND;PRS;3;PL	C
munið	mun	V;IND;PRS;2;PL	V;IMP;2;SG	C
fæðast	fæða	V;IND;PRS;3;PL	V;NFIN	C
helgum	helgi	N;INDF;DAT;PL	N;INDF;DAT;SG	C
byggð	byggist	N;INDF;NOM;SG	V;SBJV;PRS;1;SG	C
skrifum	skrifaði	N;INDF;DAT;PL	V;SBJV;PST;3;SG	C
þolað	þolið	V.CVB	V;IMP;2;PL	C
spáði	spá	V;SBJV;PST;1;SG	V;IMP;2;SG	C
skapa	skapaði	N;INDF;GEN;PL	V;SBJV;PST;3;SG	C
skapa	skapi	N;INDF;GEN;PL	N;INDF;DAT;SG	C
háls	hálsinn	N;INDF;ACC;SG	N;DEF;ACC;SG	C
gæti	gættu	V;SBJV;PRS;3;PL	V;IND;PST;3;PL	C
settum	setti	N;INDF;DAT;PL	N;INDF;DAT;SG	C
sæti	sætum	N;INDF;DAT;SG	N;INDF;DAT;PL	C
virðist	virðast	V;SBJV;PRS;1;SG	V;IND;PRS;3;PL	C
fyllir	fylli	V;SBJV;PRS;2;SG	V;SBJV;PRS;3;PL	C
mæli	mæla	V;SBJV;PRS;3;PL	V;NFIN	C
munið	munir	V;IND;PRS;2;PL	V;SBJV;PRS;2;SG	C
flokkur	flokk	V.PTCP;PST;NOM;SG	N;INDF;ACC;SG	C
sýndu	sýnduð	N;INDF;GEN;SG	V;IND;PST;2;PL	C
bættu	bæta	V;IND;PST;3;PL	V;NFIN	C
rek	rekur	V;IMP;2;SG	V;IND;PRS;2;SG	C
gerast	gerði	V;IND;PRS;3;PL	V;SBJV;PST;1;SG	C
gjöri	gjörir	V;SBJV;PRS;3;PL	V;SBJV;PRS;2;SG	C
sendum	sendi	N;INDF;DAT;PL	N;INDF;DAT;SG	C
verða	verðum	N;INDF;GEN;PL	N;INDF;DAT;PL	C
gætu	gætti	V;SBJV;PST;3;PL	V;IND;PST;3;SG	PARADIGM_ERROR
heyrast	heyrði	V;IND;PRS;3;PL	V;SBJV;PST;1;SG	C
ríkti	ríktu	V;IND;PST;3;SG	V;IND;PST;3;PL	C
ályktað	ályktaði	V.CVB	V;SBJV;PST;3;SG	C
hræðist	hræðast	V;SBJV;PRS;1;SG	V;IND;PRS;3;PL	C
fylla	fyllast	V;NFIN	V;IND;PRS;3;PL	C
gjörði	gjörist	V;SBJV;PST;1;SG	V;SBJV;PRS;1;SG	C
kasta	kastaði	N;INDF;GEN;PL	V;SBJV;PST;3;SG	C
talið	tala	V;IMP;2;PL	N;INDF;GEN;PL	C
þoli	þol	N;INDF;DAT;SG	N;INDF;ACC;SG	C
mörkum	mörk	N;INDF;DAT;PL	N;INDF;ACC;SG	C
þol	þolið	N;INDF;ACC;SG	V;IMP;2;PL	C
staða	staðinn	N;INDF;GEN;PL	N;DEF;ACC;SG	C
rekið	rekur	V;IND;PRS;2;PL	V;IND;PRS;2;SG	C
þúsunda	þúsundunum	N;INDF;GEN;PL	N;DEF;DAT;PL	C
byggði	byggist	V;SBJV;PST;1;SG	V;SBJV;PRS;1;SG	C
Haf	Hafa	V;IMP;2;SG	V;NFIN	C
spillast	spillist	V;IND;PRS;3;PL	V;SBJV;PRS;1;SG	C
mál	máli	N;INDF;ACC;SG	N;INDF;DAT;SG	C
færist	færir	V;SBJV;PRS;1;SG	V;SBJV;PRS;2;SG	C
skipaði	skipast	V;SBJV;PST;3;SG	V;IND;PRS;3;SG	C
brennur	brennu	V.PTCP;PST;NOM;SG	N;INDF;GEN;SG	C
leyfa	leyfi	V;NFIN	V;SBJV;PRS;3;PL	C
Látum	Látið	V;SBJV;PRS;1;PL	V;IND;PRS;2;PL	C
gæti	gætum	V;SBJV;PRS;3;PL	V;SBJV;PRS;1;PL	C
kosta	kosti	N;INDF;GEN;PL	N;INDF;DAT;SG	C
þekktu	þekkist	V;IND;PST;3;PL	V;SBJV;PRS;1;SG	C
leyfðu	leyfi	V.PTCP;PST;DAT;PL	V;SBJV;PRS;3;PL	C
elskum	elsku	N;INDF;DAT;PL	N;INDF;GEN;SG	C
eyðist	eyða	V;SBJV;PRS;1;SG	V;NFIN	C
neyttu	neytti	V;IND;PST;3;PL	V;IND;PST;3;SG	C
lokum	loka	N;INDF;DAT;PL	N;INDF;GEN;PL	C
lærði	lærast	V;SBJV;PST;1;SG	V;IND;PRS;3;PL	C
misst	missti	V.PTCP;PST;ACC;SG	V;IND;PST;3;SG	C
birtur	birtum	V;IND;PRS;2;SG	V;SBJV;PRS;1;PL	C
komst	komum	V;IND;PRS;1;SG	V;SBJV;PRS;1;PL	C
aukið	aukast	V;IND;PRS;2;PL	V;IND;PRS;3;PL	C
dáð	dáið	N;INDF;NOM;SG	V;IND;PRS;2;PL	C
styrki	styrkist	V;SBJV;PRS;3;PL	V;SBJV;PRS;1;SG	C
dæmist	dæmi	V;SBJV;PRS;1;SG	V;SBJV;PRS;3;PL	C
heilli	heilla	N;INDF;DAT;SG	N;INDF;GEN;PL	C
minnst	minnist	V;IND;PRS;1;SG	V;SBJV;PRS;1;SG	C
vissu	vissir	N;INDF;GEN;SG	V;IND;PST;2;SG	C
vissu	vissa	N;INDF;GEN;SG	N;INDF;GEN;PL	C
leyst	leystu	V.PTCP;PST;ACC;SG	V;IND;PST;3;PL	C
mælist	mælum	V;SBJV;PRS;1;SG	V;SBJV;PRS;1;PL	C
lofi	lofið	N;INDF;DAT;SG	V;IMP;2;PL	C
tíða	tíð	N;INDF;GEN;PL	N;INDF;ACC;SG	C
þakkir	þakkað	V;IND;PST;2;SG	V.CVB	C
fengin	fenguð	V.PTCP;PST;ACC;PL	V;IND;PST;2;PL	C
kæru	kærir	V;SBJV;PST;3;PL	V;SBJV;PRS;2;SG	C
tíðum	tíð	N;INDF;DAT;PL	N;INDF;ACC;SG	C
kom	koma	V;IMP;2;SG	V;NFIN	C
málum	máli	N;INDF;DAT;PL	N;INDF;DAT;SG	C
dæmt	dæmist	V.PTCP;PST;ACC;SG	V;SBJV;PRS;1;SG	C
leysa	leysti	V;NFIN	V;IND;PST;3;SG	C
mælum	mælir	V;SBJV;PRS;1;PL	V;SBJV;PRS;2;SG	C
fiskurinn	fiski	N;DEF;NOM;SG	N;INDF;DAT;SG	C
dæmi	dæmið	V;SBJV;PRS;3;PL	V;IND;PRS;2;PL	C
dæma	dæmi	V;NFIN	V;SBJV;PRS;3;PL	C
leiðin	leiða	V.PTCP;PST;ACC;PL	N;INDF;GEN;PL	C
mæla	mælist	V;NFIN	V;SBJV;PRS;1;SG	C
vona	vonum	N;INDF;GEN;PL	N;INDF;DAT;PL	C
hræðast	hræða	V;IND;PRS;3;PL	V;NFIN	C
mælum	mælið	V;SBJV;PRS;1;PL	V;IND;PRS;2;PL	C
megið	mega	V;IND;PRS;2;PL	V;NFIN	C
rétta	rétt	N;INDF;GEN;PL	N;INDF;ACC;SG	C
met	meta	N;INDF;ACC;SG	N;INDF;GEN;PL	C
spáðu	spáði	V.PTCP;PST;DAT;PL	V;SBJV;PST;1;SG	C
vorum	voruð	N;INDF;DAT;PL	V;IND;PST;2;PL	C
gullið	gull	V;IMP;2;PL	N;INDF;ACC;SG	C
mælist	mælir	V;SBJV;PRS;1;SG	V;SBJV;PRS;2;SG	C
Hafi	Hafa	V;SBJV;PRS;3;PL	V;NFIN	C
byggðum	byggðir	N;INDF;DAT;PL	V;IND;PST;2;SG	C
dansa	dans	N;INDF;GEN;PL	N;INDF;ACC;SG	C
dáðu	dána	V.PTCP;PST;DAT;PL	V.PTCP;PST;GEN;SG	PARADIGM_ERROR
líkir	líkist	V;SBJV;PRS;2;SG	V;SBJV;PRS;1;SG	C
rekur	reki	V;IND;PRS;2;SG	V;SBJV;PRS;3;PL	C
fylli	fyllast	V;SBJV;PRS;3;PL	V;IND;PRS;3;PL	C
sendum	senduð	N;INDF;DAT;PL	V;IND;PST;2;PL	C
gerði	gerist	V;SBJV;PST;1;SG	V;SBJV;PRS;1;SG	C
sigur	sigurinn	V.PTCP;PST;NOM;SG	N;DEF;NOM;SG	C
ákveðin	ákveðið	V.PTCP;PST;ACC;PL	V;IMP;2;PL	C
þúsundunum	þúsunda	N;DEF;DAT;PL	N;INDF;GEN;PL	C
búna	búið	V.PTCP;PST;GEN;SG	V;IND;PRS;2;PL	C
flettir	flettu	V;SBJV;PRS;2;SG	V;SBJV;PST;3;PL	C
skipta	skiptir	N;INDF;GEN;PL	V;IND;PST;2;SG	C
fært	færu	V.PTCP;PST;ACC;SG	V;SBJV;PST;3;PL	C
verðum	verðið	N;INDF;DAT;PL	V;IMP;2;PL	C
minni	minnist	V;SBJV;PRS;3;PL	V;SBJV;PRS;1;SG	C
styrkti	styrktu	V;IND;PST;3;SG	V;IND;PST;3;PL	C
hryggist	hrygg	V;SBJV;PRS;1;SG	V;IMP;2;SG	C
vissir	vissuð	V;IND;PST;2;SG	V;IND;PST;2;PL	C
ráðast	ráðum	V;IND;PRS;3;SG	N;INDF;DAT;PL	C
öðlist	öðlast	V;SBJV;PRS;1;SG	V;IND;PRS;3;PL	C
skiptum	skiptið	N;INDF;DAT;PL	V;IMP;2;PL	C
leyst	leysast	V.PTCP;PST;ACC;SG	V;IND;PRS;3;PL	C
færðu	færu	V.PTCP;PST;DAT;PL	V;SBJV;PST;3;PL	PARADIGM_ERROR
borði	borð	V;SBJV;PST;1;SG	N;INDF;NOM;SG	C
reiði	reiðum	N;INDF;DAT;SG	N;INDF;DAT;PL	C
auka	auk	V;NFIN	V;IMP;2;SG	C
Haf	Hafið	V;IMP;2;SG	V;IND;PRS;2;PL	C
skýrt	skýrði	V.PTCP;PST;ACC;SG	V;SBJV;PST;1;SG	C
finnst	finnast	V;IND;PRS;1;SG	V;IND;PRS;3;PL	C
snúi	snúið	N;INDF;DAT;SG	V;IMP;2;PL	C
gjöri	gjörast	V;SBJV;PRS;3;PL	V;IND;PRS;3;PL	C
munt	munið	V.PTCP;PST;ACC;SG	V;IND;PRS;2;PL	C
virðist	virða	V;SBJV;PRS;1;SG	V;NFIN	C
líkur	líkir	V;IND;PRS;2;SG	V;SBJV;PRS;2;SG	C
þúsundunum	þúsund	N;DEF;DAT;PL	N;INDF;ACC;SG	C
fyllti	fyllast	V;IND;PST;3;SG	V;IND;PRS;3;PL	C
hliðum	hlið	N;INDF;DAT;PL	N;INDF;ACC;SG	C
guði	guð	N;INDF;DAT;SG	N;INDF;ACC;SG	C
fylli	fyllist	V;SBJV;PRS;3;PL	V;SBJV;PRS;1;SG	C
haldast	hald	V;IND;PRS;3;PL	V;IMP;2;SG	C
hópi	hópa	N;INDF;DAT;SG	N;INDF;GEN;PL	C
hafir	hafa	V;SBJV;PRS;2;SG	V;NFIN	C
háum	háir	V;SBJV;PRS;1;PL	V;SBJV;PRS;2;SG	C
liðinn	lið	N;DEF;ACC;SG	N;INDF;ACC;SG	C
leysast	leysa	V;IND;PRS;3;PL	V;NFIN	C
segðu	segir	V.PTCP;PST;DAT;PL	V;SBJV;PRS;2;SG	C
vissuð	vissir	V;IND;PST;2;PL	V;IND;PST;2;SG	C
skipið	skipaði	V;IMP;2;PL	V;SBJV;PST;3;SG	C
aldir	alda	V;IND;PST;2;SG	N;INDF;GEN;PL	C
hneigðu	hneigði	V.PTCP;PST;DAT;PL	V;SBJV;PST;1;SG	C
komu	komist	V;SBJV;PST;3;PL	V;SBJV;PRS;1;SG	C
gættu	gæti	V;IND;PST;3;PL	V;SBJV;PRS;3;PL	C
fundið	fundin	V;IMP;2;PL	V.PTCP;PST;ACC;PL	C
birti	birta	V;SBJV;PRS;3;PL	V;NFIN	C
setti	settum	N;INDF;DAT;SG	N;INDF;DAT;PL	C
hafna	hafið	V.PTCP;PST;GEN;SG	V;IND;PRS;2;PL	C
ráðum	ráðið	N;INDF;DAT;PL	V;IMP;2;PL	C
nefnt	nefnast	V.PTCP;PST;ACC;SG	V;IND;PRS;3;PL	C
mælið	mæli	V;IND;PRS;2;PL	V;SBJV;PRS;3;PL	C
hópi	hópum	N;INDF;DAT;SG	N;INDF;DAT;PL	C
skjótum	skjóta	V;SBJV;PRS;1;PL	V;NFIN	C
styrk	styrktu	V;IMP;2;SG	V;IND;PST;3;PL	C
leystu	leysast	V;IND;PST;3;PL	V;IND;PRS;3;PL	C
skýrðu	skýrði	V.PTCP;PST;DAT;PL	V;SBJV;PST;1;SG	C
ríkti	ríkið	V;IND;PST;3;SG	V;IND;PRS;2;PL	C
látið	látum	V;IND;PRS;2;PL	V;SBJV;PRS;1;PL	C
Hafi	Hafið	V;SBJV;PRS;3;PL	V;IND;PRS;2;PL	C
breyta	breytum	V;NFIN	V;SBJV;PRS;1;PL	C
veittu	veitist	V;IND;PST;3;PL	V;SBJV;PRS;1;SG	C
hafna	hafa	V.PTCP;PST;GEN;SG	V;NFIN	PARADIGM_ERROR
vissa	vissu	N;INDF;GEN;PL	N;INDF;GEN;SG	C
borgir	borga	V;IND;PST;2;SG	N;INDF;GEN;PL	C
munu	munum	V;SBJV;PST;3;PL	V;SBJV;PRS;1;PL	C
haf	hafið	V;IMP;2;SG	V;IND;PRS;2;PL	C
ráði	ráða	N;INDF;DAT;SG	N;INDF;GEN;PL	C
fundið	fundum	V;IMP;2;PL	N;INDF;DAT;PL	C
flokki	flokk	N;INDF;DAT;SG	N;INDF;ACC;SG	C
virti	virtuð	N;INDF;DAT;SG	V;IND;PST;2;PL	C
víkur	vík	V.PTCP;PST;NOM;SG	N;INDF;ACC;SG	C
líki	líkir	V;SBJV;PRS;3;PL	V;SBJV;PRS;2;SG	C
skipi	skipa	N;INDF;DAT;SG	N;INDF;GEN;PL	C
kastið	kastaði	V;IMP;2;PL	V;SBJV;PST;3;SG	C
birta	birti	V;NFIN	V;SBJV;PRS;3;PL	C
kóróna	kórónum	N;INDF;GEN;PL	N;INDF;DAT;PL	C
móður	móðu	V.PTCP;PST;NOM;SG	N;INDF;GEN;SG	C
reyndir	reynd	V;IND;PST;2;SG	N;INDF;ACC;SG	C
hópinn	hóp	N;DEF;ACC;SG	N;INDF;ACC;SG	C
skipið	skipi	V;IMP;2;PL	N;INDF;DAT;SG	C
senda	sendi	N;INDF;GEN;PL	N;INDF;DAT;SG	C
veitast	veittu	V;IND;PRS;3;PL	V;IND;PST;3;PL	C
birtir	birtast	V;SBJV;PRS;2;SG	V;IND;PRS;3;PL	C
heitt	heitið	V.PTCP;PST;ACC;SG	V;IND;PRS;2;PL	C
skipast	skipið	V;IND;PRS;3;SG	V;IMP;2;PL	C
Komu	Komum	N;INDF;GEN;SG	N;INDF;DAT;PL	C
dreifst	dreif	V;IND;PRS;1;SG	V;IMP;2;SG	C
greinum	grein	N;INDF;DAT;PL	N;INDF;ACC;SG	C
settur	settir	V.PTCP;PST;NOM;SG	V;IND;PST;2;SG	C
fiska	fisk	N;INDF;GEN;PL	N;INDF;ACC;SG	C
komist	kom	V;SBJV;PRS;1;SG	V;IMP;2;SG	C
leiddi	leiddir	N;INDF;DAT;SG	V;IND;PST;2;SG	C
stundu	stundum	N;INDF;GEN;SG	N;INDF;DAT;PL	C
gjörir	gjörast	V;SBJV;PRS;2;SG	V;IND;PRS;3;PL	C
hópa	hópinn	N;INDF;GEN;PL	N;DEF;ACC;SG	C
kastað	kastaði	V.CVB	V;SBJV;PST;3;SG	C
mælum	mælist	V;SBJV;PRS;1;PL	V;SBJV;PRS;1;SG	C
kysstu	kyssti	V;IND;PST;3;PL	V;IND;PST;3;SG	C
ráðast	ráða	V;IND;PRS;3;SG	N;INDF;GEN;PL	C
mættum	mætti	N;INDF;DAT;PL	N;INDF;DAT;SG	C
skjóta	skjóti	V;NFIN	V;SBJV;PRS;3;PL	C
flokk	flokki	N;INDF;ACC;SG	N;INDF;DAT;SG	C
boði	boðaði	N;INDF;DAT;SG	V;SBJV;PST;3;SG	C
hornum	horn	N;INDF;DAT;PL	N;INDF;ACC;SG	C
nefndur	nefndir	V.PTCP;PST;NOM;SG	V;IND;PST;2;SG	C
gjöra	gjöri	V;NFIN	V;SBJV;PRS;3;PL	C
leiddi	leiddur	N;INDF;DAT;SG	V.PTCP;PST;NOM;SG	C
greinunum	greina	N;DEF;DAT;PL	N;INDF;GEN;PL	C
haft	haf	V.PTCP;PST;ACC;SG	V;IMP;2;SG	C
breytt	breytum	V.PTCP;PST;ACC;SG	V;SBJV;PRS;1;PL	C
þúsundunum	þúsundum	N;DEF;DAT;PL	N;INDF;DAT;PL	C
breyta	breytti	V;NFIN	V;IND;PST;3;SG	C
loft	lofi	N;INDF;ACC;SG	N;INDF;DAT;SG	PARADIGM_ERROR
flokkum	flokk	N;INDF;DAT;PL	N;INDF;ACC;SG	C
fyllist	fylla	V;SBJV;PRS;1;SG	V;NFIN	C
þekktuð	þekktir	V;IND;PST;2;PL	V;IND;PST;2;SG	C
lið	liði	N;INDF;ACC;SG	N;INDF;DAT;SG	C
skipta	skiptum	N;INDF;GEN;PL	N;INDF;DAT;PL	C
send	sendur	N;INDF;ACC;SG	V.PTCP;PST;NOM;SG	C
gerðu	gerist	V.PTCP;PST;DAT;PL	V;SBJV;PRS;1;SG	C
breytist	breyttu	V;SBJV;PRS;1;SG	V;IND;PST;3;PL	C
Hafði	Hafi	V;SBJV;PST;1;SG	V;SBJV;PRS;3;PL	C
græddi	græddur	N;INDF;DAT;SG	V.PTCP;PST;NOM;SG	C
megum	megið	V;SBJV;PRS;1;PL	V;IND;PRS;2;PL	C
þolið	þoli	V;IMP;2;PL	N;INDF;DAT;SG	C
skjótast	skjóti	V;IND;PRS;3;PL	V;SBJV;PRS;3;PL	C
spá	spáði	V;IMP;2;SG	V;SBJV;PST;1;SG	C
seldur	seldir	V.PTCP;PST;NOM;SG	V;IND;PST;2;SG	C
settum	setta	N;INDF;DAT;PL	N;INDF;GEN;PL	C
réttu	rétta	N;INDF;GEN;SG	N;INDF;GEN;PL	C
lærður	lærðuð	V.PTCP;PST;NOM;SG	V;IND;PST;2;PL	C
vissa	vissum	N;INDF;GEN;PL	N;INDF;DAT;PL	C
leysa	leystu	V;NFIN	V;IND;PST;3;PL	C
virða	virðast	V;NFIN	V;IND;PRS;3;PL	C
dæmt	dæmið	V.PTCP;PST;ACC;SG	V;IND;PRS;2;PL	C
kóróna	kórónu	N;INDF;GEN;PL	N;INDF;GEN;SG	C
borga	borgum	N;INDF;GEN;PL	N;INDF;DAT;PL	C
skipta	skipti	N;INDF;GEN;PL	N;INDF;DAT;SG	C
lofi	lofaði	N;INDF;DAT;SG	V;SBJV;PST;3;SG	C
reiðir	reiðum	V;IND;PST;2;SG	N;INDF;DAT;PL	C
leit	leitast	N;INDF;ACC;SG	V;IND;PRS;3;SG	PARADIGM_ERROR
rétti	réttu	N;INDF;DAT;SG	N;INDF;GEN;SG	C
horfum	horfði	V;SBJV;PRS;1;PL	V;SBJV;PST;1;SG	C
haldast	haldist	V;IND;PRS;3;PL	V;SBJV;PRS;1;SG	C
leyfa	leyfum	V;NFIN	V;SBJV;PRS;1;PL	C
látna	látum	V.PTCP;PST;GEN;SG	V;SBJV;PRS;1;PL	C
skipti	skiptum	N;INDF;DAT;SG	N;INDF;DAT;PL	C
reka	reki	V;NFIN	V;SBJV;PRS;3;PL	C
þekktur	þekktir	V.PTCP;PST;NOM;SG	V;IND;PST;2;SG	C
byggðu	byggir	V.PTCP;PST;DAT;PL	V;SBJV;PRS;2;SG	C
munir	mun	V;SBJV;PRS;2;SG	V;IMP;2;SG	C
birtir	birtum	V;SBJV;PRS;2;SG	V;SBJV;PRS;1;PL	C
gætt	gæti	V.PTCP;PST;ACC;SG	V;SBJV;PRS;3;PL	C
rita	ritum	N;INDF;GEN;PL	N;INDF;DAT;PL	C
lögð	lögðu	N;INDF;NOM;SG	V.PTCP;PST;DAT;PL	C
græddur	græddir	V.PTCP;PST;NOM;SG	V;IND;PST;2;SG	C
tölu	tölum	N;INDF;GEN;SG	N;INDF;DAT;PL	C
fleygt	fleygði	V.PTCP;PST;ACC;SG	V;SBJV;PST;1;SG	C
ráðið	ráðum	V;IMP;2;PL	N;INDF;DAT;PL	C
færir	færði	V;SBJV;PRS;2;SG	V;SBJV;PST;1;SG	C
þúsundum	þúsund	N;INDF;DAT;PL	N;INDF;ACC;SG	C
fremst	fremur	V;IND;PRS;1;SG	V;IND;PRS;2;SG	C
skipið	skipast	V;IMP;2;PL	V;IND;PRS;3;SG	C
seldur	selduð	V.PTCP;PST;NOM;SG	V;IND;PST;2;PL	C
ríktu	ríkti	V;IND;PST;3;PL	V;IND;PST;3;SG	C
rétta	réttu	N;INDF;GEN;PL	N;INDF;GEN;SG	C
heitt	heitir	V.PTCP;PST;ACC;SG	V;SBJV;PRS;2;SG	C
gæti	gætti	V;SBJV;PRS;3;PL	V;IND;PST;3;SG	C
liðið	liði	V;IMP;2;PL	N;INDF;DAT;SG	C
reki	rek	V;SBJV;PRS;3;PL	V;IMP;2;SG	C
hópi	hóp	N;INDF;DAT;SG	N;INDF;ACC;SG	C
rétti	rétta	N;INDF;DAT;SG	N;INDF;GEN;PL	C
safnað	safnaði	V.CVB	V;SBJV;PST;3;SG	C
stökktu	stökk	V;IND;PST;3;PL	V;IMP;2;SG	C
hafna	hafir	V.PTCP;PST;GEN;SG	V;SBJV;PRS;2;SG	PARADIGM_ERROR
leyndi	leyndum	N;INDF;DAT;SG	N;INDF;DAT;PL	C
stundum	stunda	N;INDF;DAT;PL	N;INDF;GEN;PL	C
dæmið	dæmi	V;IND;PRS;2;PL	V;SBJV;PRS;3;PL	C
rekið	reki	V;IND;PRS;2;PL	V;SBJV;PRS;3;PL	C
brennu	brenna	N;INDF;GEN;SG	N;INDF;GEN;PL	C
klædd	klæddir	N;INDF;ACC;SG	V;IND;PST;2;SG	C
þoli	þolið	N;INDF;DAT;SG	V;IMP;2;PL	C
ríkið	ríktu	V;IND;PRS;2;PL	V;IND;PST;3;PL	C
séum	sést	V;SBJV;PRS;1;PL	V;IND;PRS;1;SG	PARADIGM_ERROR
flokkum	flokki	N;INDF;DAT;PL	N;INDF;DAT;SG	C
veitti	veittuð	N;INDF;DAT;SG	V;IND;PST;2;PL	C
brennur	brenna	V.PTCP;PST;NOM;SG	N;INDF;GEN;PL	C
Komum	Komu	N;INDF;DAT;PL	N;INDF;GEN;SG	C
undu	undir	N;INDF;GEN;SG	V;IND;PST;2;SG	C
styrk	styrkir	V;IMP;2;SG	V;SBJV;PRS;2;SG	C
tali	talast	N;INDF;DAT;SG	V;IND;PRS;3;SG	C
styrk	styrkist	V;IMP;2;SG	V;SBJV;PRS;1;SG	C
auki	auk	V;SBJV;PRS;3;PL	V;IMP;2;SG	C
snúast	snúið	V;IND;PRS;3;SG	V;IMP;2;PL	C
leyfðu	leyfið	V.PTCP;PST;DAT;PL	V;IND;PRS;2;PL	C
hættu	hætta	N;INDF;GEN;SG	N;INDF;GEN;PL	C
komst	kom	V;IND;PRS;1;SG	V;IMP;2;SG	C
aukist	aukið	V;SBJV;PRS;1;SG	V;IND;PRS;2;PL	C
fyllir	fyllti	V;SBJV;PRS;2;SG	V;IND;PST;3;SG	C
málið	mála	V;IMP;2;PL	N;INDF;GEN;PL	C
sendum	sendir	N;INDF;DAT;PL	V;IND;PST;2;SG	C
þúsundum	þúsundunum	N;INDF;DAT;PL	N;DEF;DAT;PL	C
reyndur	reyndir	V.PTCP;PST;NOM;SG	V;IND;PST;2;SG	C
hópur	hópa	V.PTCP;PST;NOM;SG	N;INDF;GEN;PL	C
fást	fá	V;IND;PRS;1;SG	V;IMP;2;SG	C
byggt	byggist	V.PTCP;PST;ACC;SG	V;SBJV;PRS;1;SG	C
hafi	hafið	V;SBJV;PRS;3;PL	V;IND;PRS;2;PL	C
greina	greini	N;INDF;GEN;PL	N;INDF;DAT;SG	C
skipaði	skipið	V;SBJV;PST;3;SG	V;IMP;2;PL	C
spillist	spillast	V;SBJV;PRS;1;SG	V;IND;PRS;3;PL	C
megum	mega	V;SBJV;PRS;1;PL	V;NFIN	C
dáið	dáð	V;IND;PRS;2;PL	N;INDF;NOM;SG	C
komu	komum	V;SBJV;PST;3;PL	V;SBJV;PRS;1;PL	C
lagður	lagðir	V.PTCP;PST;NOM;SG	V;IND;PST;2;SG	C
boðum	boðaði	N;INDF;DAT;PL	V;SBJV;PST;3;SG	C
ríkið	ríkir	V;IND;PRS;2;PL	V;SBJV;PRS;2;SG	C
þrýstu	þrýstir	N;INDF;GEN;SG	V;IND;PST;2;SG	C
vaxið	vaxi	V;IMP;2;PL	N;INDF;DAT;SG	C
skiptið	skiptir	V;IMP;2;PL	V;IND;PST;2;SG	C
leggur	leggi	V;IND;PRS;2;SG	V;SBJV;PRS;3;PL	C
misst	missi	V.PTCP;PST;ACC;SG	V;SBJV;PRS;3;PL	C
gjaldið	gjalda	V;IMP;2;PL	N;INDF;GEN;PL	C
fyllist	fylltu	V;SBJV;PRS;1;SG	V;IND;PST;3;PL	C
flokkur	flokka	V.PTCP;PST;NOM;SG	N;INDF;GEN;PL	C
sendu	sendur	N;INDF;GEN;SG	V.PTCP;PST;NOM;SG	C
gjörast	gjörði	V;IND;PRS;3;PL	V;SBJV;PST;1;SG	C
fyllti	fylla	V;IND;PST;3;SG	V;NFIN	C
leita	leitaði	N;INDF;GEN;PL	V;SBJV;PST;3;SG	C
farast	fara	V;IND;PRS;3;PL	V;NFIN	C
vissum	vissa	N;INDF;DAT;PL	N;INDF;GEN;PL	C
Orðið	Orð	V;IMP;2;PL	N;INDF;ACC;SG	C
safnaði	safnast	V;SBJV;PST;3;SG	V;IND;PRS;3;SG	C
fiskurinn	fiskinn	N;DEF;NOM;SG	N;DEF;ACC;SG	C
berst	berast	V;IND;PRS;1;SG	V;IND;PRS;3;PL	C
elsku	elskum	N;INDF;GEN;SG	N;INDF;DAT;PL	C
láta	látum	V;NFIN	V;SBJV;PRS;1;PL	C
hafði	hafið	V;SBJV;PST;1;SG	V;IND;PRS;2;PL	C
missti	missir	V;IND;PST;3;SG	V;SBJV;PRS;2;SG	C
gjörast	gjörist	V;IND;PRS;3;PL	V;SBJV;PRS;1;SG	C
boð	boði	N;INDF;ACC;SG	N;INDF;DAT;SG	C
rek	reki	V;IMP;2;SG	V;SBJV;PRS;3;PL	C
fylli	fylltu	V;SBJV;PRS;3;PL	V;IND;PST;3;PL	C
fletta	flettu	V;NFIN	V;SBJV;PST;3;PL	C
leyst	leysir	V.PTCP;PST;ACC;SG	V;SBJV;PRS;2;SG	C
haf	hafi	V;IMP;2;SG	V;SBJV;PRS;3;PL	C
birtast	birtum	V;IND;PRS;3;PL	V;SBJV;PRS;1;PL	C
hlutum	hluta	N;INDF;DAT;PL	N;INDF;GEN;PL	C
dæmast	dæmist	V;IND;PRS;3;PL	V;SBJV;PRS;1;SG	C
tala	talaði	N;INDF;GEN;PL	V;SBJV;PST;3;SG	C
haldið	halda	V;IND;PRS;2;PL	V;NFIN	C
hefði	hef	V;SBJV;PST;1;SG	V;IMP;2;SG	C
skilið	skilaði	V;IMP;2;PL	V;SBJV;PST;3;SG	C
þjást	þjáist	V;IND;PRS;1;SG	V;SBJV;PRS;1;SG	C
minna	minn	V;NFIN	V;IMP;2;SG	C
ríkir	ríkti	V;SBJV;PRS;2;SG	V;IND;PST;3;SG	C
hópum	hópa	N;INDF;DAT;PL	N;INDF;GEN;PL	C
kross	krossinn	N;INDF;ACC;SG	N;DEF;ACC;SG	C
tíða	tíðum	N;INDF;GEN;PL	N;INDF;DAT;PL	C
tíðir	tíðum	V;IND;PST;2;SG	N;INDF;DAT;PL	C
starfa	starfi	N;INDF;GEN;PL	N;INDF;DAT;SG	C
send	senda	N;INDF;ACC;SG	N;INDF;GEN;PL	C
dæma	dæmast	V;NFIN	V;IND;PRS;3;PL	C
skiptum	skipti	N;INDF;DAT;PL	N;INDF;DAT;SG	C
líkt	líka	V.PTCP;PST;ACC;SG	V;NFIN	C
spyrjast	spyrjist	V;IND;PRS;3;PL	V;SBJV;PRS;1;SG	C
ala	alinn	N;INDF;GEN;PL	N;DEF;ACC;SG	C
auka	aukast	V;NFIN	V;IND;PRS;3;PL	C
sendum	senda	N;INDF;DAT;PL	N;INDF;GEN;PL	C
skipa	skipunum	N;INDF;GEN;PL	N;DEF;DAT;PL	C
ríktu	ríkir	V;IND;PST;3;PL	V;SBJV;PRS;2;SG	C
missi	missir	V;SBJV;PRS;3;PL	V;SBJV;PRS;2;SG	C
treyst	treystir	N;INDF;ACC;SG	V;IND;PST;2;SG	C
seldu	seldir	N;INDF;GEN;SG	V;IND;PST;2;SG	C
skjótast	skjóta	V;IND;PRS;3;PL	V;NFIN	C
skipti	skiptir	N;INDF;DAT;SG	V;IND;PST;2;SG	C
horfið	horfði	V;IND;PRS;2;PL	V;SBJV;PST;1;SG	C
tali	talið	N;INDF;DAT;SG	V;IMP;2;PL	C
hrygg	hryggist	V;IMP;2;SG	V;SBJV;PRS;1;SG	C
helgi	helgum	N;INDF;DAT;SG	N;INDF;DAT;PL	C
hætt	hætti	N;INDF;ACC;SG	N;INDF;DAT;SG	C
heilsa	heilsu	N;INDF;GEN;PL	N;INDF;GEN;SG	C
líkt	líkir	V.PTCP;PST;ACC;SG	V;SBJV;PRS;2;SG	C
anda	andaði	N;INDF;GEN;PL	V;SBJV;PST;3;SG	C
hafa	hafna	V;NFIN	V.PTCP;PST;GEN;SG	PARADIGM_ERROR
safna	safnaði	N;INDF;GEN;PL	V;SBJV;PST;3;SG	C
hafa	hafið	V;NFIN	V;IND;PRS;2;PL	C
málið	málum	V;IMP;2;PL	N;INDF;DAT;PL	C
áliti	álit	N;INDF;DAT;SG	N;INDF;ACC;SG	C
ríki	ríkir	V;SBJV;PRS;3;PL	V;SBJV;PRS;2;SG	C
borðum	borðið	N;INDF;DAT;PL	V;IMP;2;PL	C
hópinn	hópum	N;DEF;ACC;SG	N;INDF;DAT;PL	C
mæla	mælir	V;NFIN	V;SBJV;PRS;2;SG	C
rekur	rekið	V;IND;PRS;2;SG	V;IND;PRS;2;PL	C
kærðu	kæra	V.PTCP;PST;DAT;PL	V;NFIN	C
flokki	flokkum	N;INDF;DAT;SG	N;INDF;DAT;PL	C
höfðum	höfða	N;INDF;DAT;PL	N;INDF;GEN;PL	C
færu	færði	V;SBJV;PST;3;PL	V;SBJV;PST;1;SG	PARADIGM_ERROR
lík	líkið	V;IMP;2;SG	V;IND;PRS;2;PL	C
akur	akurinn	V.PTCP;PST;NOM;SG	N;DEF;NOM;SG	C
auk	aukið	V;IMP;2;SG	V;IND;PRS;2;PL	C
kær	kærir	V;IMP;2;SG	V;SBJV;PRS;2;SG	C
lík	líka	V;IMP;2;SG	V;NFIN	C
styrktu	styrkist	V;IND;PST;3;PL	V;SBJV;PRS;1;SG	C
kastaði	kastið	V;SBJV;PST;3;SG	V;IMP;2;PL	C
styrkti	styrki	V;IND;PST;3;SG	V;SBJV;PRS;3;PL	C
læst	læsti	V.PTCP;PST;ACC;SG	V;IND;PST;3;SG	C
breyttu	breytist	V;IND;PST;3;PL	V;SBJV;PRS;1;SG	C
dæmist	dæmið	V;SBJV;PRS;1;SG	V;IND;PRS;2;PL	C
gætt	gætir	V.PTCP;PST;ACC;SG	V;SBJV;PRS;2;SG	C
skjótum	skjóti	V;SBJV;PRS;1;PL	V;SBJV;PRS;3;PL	C
senda	sendir	N;INDF;GEN;PL	V;IND;PST;2;SG	C
líki	líkið	V;SBJV;PRS;3;PL	V;IND;PRS;2;PL	C
dáðu	dáið	V.PTCP;PST;DAT;PL	V;IND;PRS;2;PL	C
sætum	sæti	N;INDF;DAT;PL	N;INDF;DAT;SG	C
metast	metum	V;IND;PRS;3;SG	N;INDF;DAT;PL	C
kærðu	kær	V.PTCP;PST;DAT;PL	V;IMP;2;SG	C
gjöra	gjörði	V;NFIN	V;SBJV;PST;1;SG	C
hýstum	hýstuð	N;INDF;DAT;PL	V;IND;PST;2;PL	C
stökkti	stökk	V;IND;PST;3;SG	V;IMP;2;SG	C
lýst	lýsti	V.PTCP;PST;ACC;SG	V;IND;PST;3;SG	C
gætt	gættu	V.PTCP;PST;ACC;SG	V;IND;PST;3;PL	C
talið	talaði	V;IMP;2;PL	V;SBJV;PST;3;SG	C
hliðið	hliðum	V;IMP;2;PL	N;INDF;DAT;PL	C
gjöri	gjöra	V;SBJV;PRS;3;PL	V;NFIN	C
leggi	leggið	V;SBJV;PRS;3;PL	V;IND;PRS;2;PL	C
elska	elskaði	N;INDF;GEN;PL	V;SBJV;PST;3;SG	C
látum	látið	V;SBJV;PRS;1;PL	V;IND;PRS;2;PL	C
kórónum	kórónu	N;INDF;DAT;PL	N;INDF;GEN;SG	C
skírast	skírði	V;IND;PRS;3;PL	V;SBJV;PST;1;SG	C
byggt	byggðu	V.PTCP;PST;ACC;SG	V.PTCP;PST;DAT;PL	C
leggur	leggið	V;IND;PRS;2;SG	V;IND;PRS;2;PL	C
máttu	mátt	N;INDF;GEN;SG	N;INDF;ACC;SG	C
fundinn	fundum	N;DEF;ACC;SG	N;INDF;DAT;PL	C
heita	heitir	V;NFIN	V;SBJV;PRS;2;SG	C
réttur	rétti	V.PTCP;PST;NOM;SG	N;INDF;DAT;SG	C
fæddi	fæddur	N;INDF;DAT;SG	V.PTCP;PST;NOM;SG	C
klæddum	klæddir	N;INDF;DAT;PL	V;IND;PST;2;SG	C
haf	hafa	V;IMP;2;SG	V;NFIN	C
haldist	halda	V;SBJV;PRS;1;SG	V;NFIN	C
klædd	klædduð	N;INDF;ACC;SG	V;IND;PST;2;PL	C
mun	munir	V;IMP;2;SG	V;SBJV;PRS;2;SG	C
þekkti	þekktu	V;IND;PST;3;SG	V;IND;PST;3;PL	C
hef	hefði	V;IMP;2;SG	V;SBJV;PST;1;SG	C
talaði	talast	V;SBJV;PST;3;SG	V;IND;PRS;3;SG	C
hrygg	hryggi	V;IMP;2;SG	V;SBJV;PRS;3;PL	C
kunna	kunnir	N;INDF;GEN;PL	V;IND;PST;2;SG	C
hafði	hafi	V;SBJV;PST;1;SG	V;SBJV;PRS;3;PL	C
bundið	bundna	V;IND;PRS;2;PL	V.PTCP;PST;GEN;SG	C
Látið	Látum	V;IND;PRS;2;PL	V;SBJV;PRS;1;PL	C
færu	færðu	V;SBJV;PST;3;PL	V.PTCP;PST;DAT;PL	PARADIGM_ERROR
þvost	þvo	V;IND;PRS;1;SG	V;IMP;2;SG	C
klæðast	klæði	V;IND;PRS;3;SG	N;INDF;DAT;SG	C
fiskinn	fisk	N;DEF;ACC;SG	N;INDF;ACC;SG	C
foreldrum	foreldra	N;INDF;DAT;PL	N;INDF;GEN;PL	C
gætu	gæti	V;SBJV;PST;3;PL	V;SBJV;PRS;3;PL	C
fyllir	fylla	V;SBJV;PRS;2;SG	V;NFIN	C
gjaldi	gjalda	N;INDF;DAT;SG	N;INDF;GEN;PL	C
hafið	hafa	V;IND;PRS;2;PL	V;NFIN	C
gefin	gefið	V.PTCP;PST;ACC;PL	V;IMP;2;PL	C
fyllist	fylli	V;SBJV;PRS;1;SG	V;SBJV;PRS;3;PL	C
misst	missir	V.PTCP;PST;ACC;SG	V;SBJV;PRS;2;SG	C
hópa	hópum	N;INDF;GEN;PL	N;INDF;DAT;PL	C
gjörðu	gjörast	V.PTCP;PST;DAT;PL	V;IND;PRS;3;PL	C
mega	megum	V;NFIN	V;SBJV;PRS;1;PL	C
elskum	elska	N;INDF;DAT;PL	N;INDF;GEN;PL	C
berð	berast	N;INDF;NOM;SG	V;IND;PRS;3;PL	C
gætu	gætir	V;SBJV;PST;3;PL	V;SBJV;PRS;2;SG	C
styrkist	styrk	V;SBJV;PRS;1;SG	V;IMP;2;SG	C
breytum	breyttu	V;SBJV;PRS;1;PL	V;IND;PST;3;PL	C
læsti	læsir	V;IND;PST;3;SG	V;SBJV;PRS;2;SG	C
greinunum	greini	N;DEF;DAT;PL	N;INDF;DAT;SG	C
mála	máli	N;INDF;GEN;PL	N;INDF;DAT;SG	C
mælist	mælið	V;SBJV;PRS;1;SG	V;IND;PRS;2;PL	C
mæla	mælið	V;NFIN	V;IND;PRS;2;PL	C
setti	setta	N;INDF;DAT;SG	N;INDF;GEN;PL	C
Komum	Koma	N;INDF;DAT;PL	N;INDF;GEN;PL	C
ríkt	ríki	V.PTCP;PST;ACC;SG	V;SBJV;PRS;3;PL	C
hrærist	hrærði	V;SBJV;PRS;1;SG	V;SBJV;PST;1;SG	C
klæða	klæðum	N;INDF;GEN;PL	N;INDF;DAT;PL	C
byggður	byggðir	V.PTCP;PST;NOM;SG	V;IND;PST;2;SG	C
boðum	boði	N;INDF;DAT;PL	N;INDF;DAT;SG	C
haft	hafir	V.PTCP;PST;ACC;SG	V;SBJV;PRS;2;SG	C
vissu	vissuð	N;INDF;GEN;SG	V;IND;PST;2;PL	C
virðast	virða	V;IND;PRS;3;PL	V;NFIN	C
haft	hafa	V.PTCP;PST;ACC;SG	V;NFIN	C
styrki	styrkti	V;SBJV;PRS;3;PL	V;IND;PST;3;SG	C
skírist	skírast	V;SBJV;PRS;1;SG	V;IND;PRS;3;PL	C
stundu	stunda	N;INDF;GEN;SG	N;INDF;GEN;PL	C
leyfið	leyfi	V;IND;PRS;2;PL	V;SBJV;PRS;3;PL	C
haldast	halda	V;IND;PRS;3;PL	V;NFIN	C
hætti	hættu	N;INDF;DAT;SG	N;INDF;GEN;SG	C
gefast	gefin	V;IND;PRS;3;SG	V.PTCP;PST;ACC;PL	C
gætum	gætti	V;SBJV;PRS;1;PL	V;IND;PST;3;SG	C
leitum	leita	N;INDF;DAT;PL	N;INDF;GEN;PL	C
horn	hornum	N;INDF;ACC;SG	N;INDF;DAT;PL	C
fáist	fá	V;SBJV;PRS;1;SG	V;IMP;2;SG	C
birtast	birtist	V;IND;PRS;3;PL	V;SBJV;PRS;1;SG	C
eigi	eigið	V;SBJV;PRS;3;PL	V;IND;PRS;2;PL	C
vörunum	vörum	N;DEF;DAT;PL	N;INDF;DAT;PL	C
félaga	félagi	N;INDF;GEN;PL	N;INDF;DAT;SG	C
gætir	gæti	V;SBJV;PRS;2;SG	V;SBJV;PRS;3;PL	C
hýst	hýstuð	N;INDF;ACC;SG	V;IND;PST;2;PL	C
vorum	vor	N;INDF;DAT;PL	N;INDF;ACC;SG	C
skilin	skilið	V.PTCP;PST;ACC;PL	V;IMP;2;PL	C
dansa	dansaði	N;INDF;GEN;PL	V;SBJV;PST;3;SG	C
skjóti	skjótast	V;SBJV;PRS;3;PL	V;IND;PRS;3;PL	C
munir	munum	V;SBJV;PRS;2;SG	V;SBJV;PRS;1;PL	C
neytt	neytti	V.PTCP;PST;ACC;SG	V;IND;PST;3;SG	C
gjörði	gjöra	V;SBJV;PST;1;SG	V;NFIN	C
Kom	Komum	N;INDF;ACC;SG	N;INDF;DAT;PL	C
hryggist	hryggi	V;SBJV;PRS;1;SG	V;SBJV;PRS;3;PL	C
heill	heilli	N;INDF;ACC;SG	N;INDF;DAT;SG	C
ritum	rita	N;INDF;DAT;PL	N;INDF;GEN;PL	C
hópa	hóp	N;INDF;GEN;PL	N;INDF;ACC;SG	C
trúa	trú	V;NFIN	V;IMP;2;SG	C
metið	met	V;IMP;2;PL	N;INDF;ACC;SG	C
fæðist	fæða	V;SBJV;PRS;1;SG	V;NFIN	C
varðveitist	varðveitast	V;SBJV;PRS;1;SG	V;IND;PRS;3;PL	C
hliðin	hliðum	V.PTCP;PST;ACC;PL	N;INDF;DAT;PL	C
elska	elsku	N;INDF;GEN;PL	N;INDF;GEN;SG	C
varðveitast	varðveitist	V;IND;PRS;3;PL	V;SBJV;PRS;1;SG	C
félagi	félaga	N;INDF;DAT;SG	N;INDF;GEN;PL	C
söfnuð	söfnuðu	N;INDF;NOM;SG	V.PTCP;PST;DAT;PL	C
merkti	merkir	V;IND;PST;3;SG	V;SBJV;PRS;2;SG	C
birti	birtum	V;SBJV;PRS;3;PL	V;SBJV;PRS;1;PL	C
komist	komast	V;SBJV;PRS;1;SG	V;IND;PRS;3;PL	C
dans	dansa	N;INDF;ACC;SG	N;INDF;GEN;PL	C
Anna	Annað	N;INDF;GEN;PL	V.CVB	C
fiskinn	fiskurinn	N;DEF;ACC;SG	N;DEF;NOM;SG	C
rétti	rétt	N;INDF;DAT;SG	N;INDF;ACC;SG	C
fylltu	fyllir	V;IND;PST;3;PL	V;SBJV;PRS;2;SG	C
munir	munið	V;SBJV;PRS;2;SG	V;IND;PRS;2;PL	C
flokkinn	flokkum	N;DEF;ACC;SG	N;INDF;DAT;PL	C
höfðum	höfðuð	N;INDF;DAT;PL	V;IND;PST;2;PL	C
greinunum	greinum	N;DEF;DAT;PL	N;INDF;DAT;PL	C
rekið	rek	V;IND;PRS;2;PL	V;IMP;2;SG	C
foreldra	foreldrunum	N;INDF;GEN;PL	N;DEF;DAT;PL	C
birtur	birti	V;IND;PRS;2;SG	V;SBJV;PRS;3;PL	C
styrkti	styrkir	V;IND;PST;3;SG	V;SBJV;PRS;2;SG	C
dæmdu	dæmdur	N;INDF;GEN;SG	V.PTCP;PST;NOM;SG	C
metum	meta	N;INDF;DAT;PL	N;INDF;GEN;PL	C
fylla	fyllir	V;NFIN	V;SBJV;PRS;2;SG	C
heita	heitið	V;NFIN	V;IND;PRS;2;PL	C
gætti	gæti	V;IND;PST;3;SG	V;SBJV;PRS;3;PL	C
líki	lík	V;SBJV;PRS;3;PL	V;IMP;2;SG	C
látna	láta	V.PTCP;PST;GEN;SG	V;NFIN	C
leyfðu	leyfum	V.PTCP;PST;DAT;PL	V;SBJV;PRS;1;PL	C
keyptu	keyptir	N;INDF;GEN;SG	V;IND;PST;2;SG	C
valdi	valda	N;INDF;DAT;SG	N;INDF;GEN;PL	C
breyta	breytist	V;NFIN	V;SBJV;PRS;1;SG	C
hafið	hafir	V;IND;PRS;2;PL	V;SBJV;PRS;2;SG	C
klæðum	klæða	N;INDF;DAT;PL	N;INDF;GEN;PL	C
mæli	mælið	V;SBJV;PRS;3;PL	V;IND;PRS;2;PL	C
ríktu	ríki	V;IND;PST;3;PL	V;SBJV;PRS;3;PL	C
mundum	munduð	N;INDF;DAT;PL	V;IND;PST;2;PL	C
setta	settir	N;INDF;GEN;PL	V;IND;PST;2;SG	C
mála	málum	N;INDF;GEN;PL	N;INDF;DAT;PL	C
þúsunda	þúsundum	N;INDF;GEN;PL	N;INDF;DAT;PL	C
minn	minnast	V;IMP;2;SG	V;IND;PRS;3;PL	C
ríki	ríkið	V;SBJV;PRS;3;PL	V;IND;PRS;2;PL	C
fyllir	fyllast	V;SBJV;PRS;2;SG	V;IND;PRS;3;PL	C
dána	dáið	V.PTCP;PST;GEN;SG	V;IND;PRS;2;PL	C
hafið	haf	V;IND;PRS;2;PL	V;IMP;2;SG	C
styrkir	styrktu	V;SBJV;PRS;2;SG	V;IND;PST;3;PL	C
þjást	þjáði	V;IND;PRS;1;SG	V;SBJV;PST;1;SG	C
styrktu	styrki	V;IND;PST;3;PL	V;SBJV;PRS;3;PL	C
stökkti	stökktu	V;IND;PST;3;SG	V;IND;PST;3;PL	C
líkist	líki	V;SBJV;PRS;1;SG	V;SBJV;PRS;3;PL	C
minni	minn	V;SBJV;PRS;3;PL	V;IMP;2;SG	C
komast	komist	V;IND;PRS;3;PL	V;SBJV;PRS;1;SG	C
dæmist	dæma	V;SBJV;PRS;1;SG	V;NFIN	C
gjörir	gjörist	V;SBJV;PRS;2;SG	V;SBJV;PRS;1;SG	C
gætir	gættu	V;SBJV;PRS;2;SG	V;IND;PST;3;PL	C
boðum	boð	N;INDF;DAT;PL	N;INDF;ACC;SG	C
skiptum	skipta	N;INDF;DAT;PL	N;INDF;GEN;PL	C
settum	settir	N;INDF;DAT;PL	V;IND;PST;2;SG	C
vísu	vísa	N;INDF;GEN;SG	N;INDF;GEN;PL	C
langi	langaði	N;INDF;DAT;SG	V;SBJV;PST;3;SG	C
gætum	gætir	V;SBJV;PRS;1;PL	V;SBJV;PRS;2;SG	C
mælum	mæla	V;SBJV;PRS;1;PL	V;NFIN	C
aukast	aukið	V;IND;PRS;3;PL	V;IND;PRS;2;PL	C
mælið	mælist	V;IND;PRS;2;PL	V;SBJV;PRS;1;SG	C
jafnað	jafnast	V.CVB	V;IND;PRS;3;SG	C
vor	vorum	N;INDF;ACC;SG	N;INDF;DAT;PL	C
sendi	sendum	N;INDF;DAT;SG	N;INDF;DAT;PL	C
minnist	minnast	V;SBJV;PRS;1;SG	V;IND;PRS;3;PL	C
sendi	senda	N;INDF;DAT;SG	N;INDF;GEN;PL	C
þúsundum	þúsunda	N;INDF;DAT;PL	N;INDF;GEN;PL	C
komu	komast	V;SBJV;PST;3;PL	V;IND;PRS;3;PL	C
styrktu	styrk	V;IND;PST;3;PL	V;IMP;2;SG	C
boðin	boðum	V.PTCP;PST;ACC;PL	N;INDF;DAT;PL	C
klædduð	klæddir	V;IND;PST;2;PL	V;IND;PST;2;SG	C
skjótt	skjóti	V.PTCP;PST;ACC;SG	V;SBJV;PRS;3;PL	C
bæta	bættu	V;NFIN	V;IND;PST;3;PL	C
felldur	felldir	V.PTCP;PST;NOM;SG	V;IND;PST;2;SG	C
veitist	veitast	V;SBJV;PRS;1;SG	V;IND;PRS;3;PL	C
leiða	leiði	N;INDF;GEN;PL	N;INDF;DAT;SG	C
meta	met	N;INDF;GEN;PL	N;INDF;ACC;SG	C
mæli	mælir	V;SBJV;PRS;3;PL	V;SBJV;PRS;2;SG	C
ber	berast	V;IMP;2;SG	V;IND;PRS;3;PL	C
vaka	vakti	V;NFIN	V;IND;PST;3;SG	C
birtist	birti	V;SBJV;PRS;1;SG	V;SBJV;PRS;3;PL	C
heyrðum	heyrðir	N;INDF;DAT;PL	V;IND;PST;2;SG	C
mála	málið	N;INDF;GEN;PL	V;IMP;2;PL	C
hafið	hafi	V;IND;PRS;2;PL	V;SBJV;PRS;3;PL	C
fyllti	fyllir	V;IND;PST;3;SG	V;SBJV;PRS;2;SG	C
talaði	talið	V;SBJV;PST;3;SG	V;IMP;2;PL	C
höfða	höfðuð	N;INDF;GEN;PL	V;IND;PST;2;PL	C
skrifum	skrifi	N;INDF;DAT;PL	N;INDF;DAT;SG	C
skipa	skipið	N;INDF;GEN;PL	V;IMP;2;PL	C
hræddur	hræddir	V.PTCP;PST;NOM;SG	V;IND;PST;2;SG	C
leysa	leysir	V;NFIN	V;SBJV;PRS;2;SG	C
metast	meta	V;IND;PRS;3;SG	N;INDF;GEN;PL	C
leggi	leggur	V;SBJV;PRS;3;PL	V;IND;PRS;2;SG	C
gjörast	gjöra	V;IND;PRS;3;PL	V;NFIN	C
gætt	gætum	V.PTCP;PST;ACC;SG	V;SBJV;PRS;1;PL	C
þekkt	þekkti	V.PTCP;PST;ACC;SG	V;IND;PST;3;SG	C
líkt	lík	V.PTCP;PST;ACC;SG	V;IMP;2;SG	C
heitt	heiti	V.PTCP;PST;ACC;SG	V;SBJV;PRS;3;PL	C
kæra	kær	V;NFIN	V;IMP;2;SG	C
safna	safnast	N;INDF;GEN;PL	V;IND;PRS;3;SG	C
muni	munið	V;SBJV;PRS;3;PL	V;IND;PRS;2;PL	C
styrktu	styrkti	V;IND;PST;3;PL	V;IND;PST;3;SG	C
svara	svarið	N;INDF;GEN;PL	V;IMP;2;PL	C
byggðu	byggði	V.PTCP;PST;DAT;PL	V;SBJV;PST;1;SG	C
skömm	skömmum	N;INDF;ACC;SG	N;INDF;DAT;PL	C
hætti	hætta	N;INDF;DAT;SG	N;INDF;GEN;PL	C
lofi	loft	N;INDF;DAT;SG	N;INDF;ACC;SG	PARADIGM_ERROR
leyfi	leyfði	V;SBJV;PRS;3;PL	V;SBJV;PST;1;SG	C
missti	missi	V;IND;PST;3;SG	V;SBJV;PRS;3;PL	C
eyrunum	eyrum	N;DEF;DAT;PL	N;INDF;DAT;PL	C
felldu	felldur	N;INDF;GEN;SG	V.PTCP;PST;NOM;SG	C
lokið	loka	V;IMP;2;PL	N;INDF;GEN;PL	C
hafa	hafir	V;NFIN	V;SBJV;PRS;2;SG	C
klæðum	klæði	N;INDF;DAT;PL	N;INDF;DAT;SG	C
minna	minnist	V;NFIN	V;SBJV;PRS;1;SG	C
talast	talaði	V;IND;PRS;3;SG	V;SBJV;PST;3;SG	C
fjarlægð	fjarlægir	N;INDF;NOM;SG	V;SBJV;PRS;2;SG	C
skýrði	skýrum	V;SBJV;PST;1;SG	V;SBJV;PRS;1;PL	C
boði	boðum	N;INDF;DAT;SG	N;INDF;DAT;PL	C
þekkist	þekktu	V;SBJV;PRS;1;SG	V;IND;PST;3;PL	C
minni	minna	V;SBJV;PRS;3;PL	V;NFIN	C
skipið	skipa	V;IMP;2;PL	N;INDF;GEN;PL	C
fiskurinn	fiska	N;DEF;NOM;SG	N;INDF;GEN;PL	C
veittu	veitast	V;IND;PST;3;PL	V;IND;PRS;3;PL	C
birtast	birti	V;IND;PRS;3;PL	V;SBJV;PRS;3;PL	C
breyttu	breytti	V;IND;PST;3;PL	V;IND;PST;3;SG	C
birtir	birti	V;SBJV;PRS;2;SG	V;SBJV;PRS;3;PL	C
birta	birtum	V;NFIN	V;SBJV;PRS;1;PL	C
réttur	rétta	V.PTCP;PST;NOM;SG	N;INDF;GEN;PL	C
haldast	haldið	V;IND;PRS;3;PL	V;IND;PRS;2;PL	C
lík	líkist	V;IMP;2;SG	V;SBJV;PRS;1;SG	C
stökk	stökktu	V;IMP;2;SG	V;IND;PST;3;PL	C
hluti	hluta	N;INDF;DAT;SG	N;INDF;GEN;PL	C
þakkir	þakkaði	V;IND;PST;2;SG	V;SBJV;PST;3;SG	C
boð	boðum	N;INDF;ACC;SG	N;INDF;DAT;PL	C
nefnda	nefndir	N;INDF;GEN;PL	V;IND;PST;2;SG	C
leggur	leggst	V;IND;PRS;2;SG	V;IND;PRS;1;SG	C
byggir	byggði	V;SBJV;PRS;2;SG	V;SBJV;PST;1;SG	C
minn	minni	V;IMP;2;SG	V;SBJV;PRS;3;PL	C
liðinn	liði	N;DEF;ACC;SG	N;INDF;DAT;SG	C
ali	alinn	N;INDF;DAT;SG	N;DEF;ACC;SG	C
Hafið	Haf	V;IND;PRS;2;PL	V;IMP;2;SG	C
leysast	leystu	V;IND;PRS;3;PL	V;IND;PST;3;PL	C
fara	farast	V;NFIN	V;IND;PRS;3;PL	C
gifta	giftist	V;NFIN	V;SBJV;PRS;1;SG	C
ráðast	ráð	V;IND;PRS;3;SG	N;INDF;ACC;SG	C
dæmast	dæma	V;IND;PRS;3;PL	V;NFIN	C
kenndir	kennd	V;IND;PST;2;SG	N;INDF;ACC;SG	C
hefðu	hef	V.PTCP;PST;DAT;PL	V;IMP;2;SG	C
gerðu	gerði	V.PTCP;PST;DAT;PL	V;SBJV;PST;1;SG	C
berð	ber	N;INDF;NOM;SG	V;IMP;2;SG	C
hitt	hittu	V.PTCP;PST;ACC;SG	V;IND;PST;3;PL	C
greinunum	grein	N;DEF;DAT;PL	N;INDF;ACC;SG	C
heita	heiti	V;NFIN	V;SBJV;PRS;3;PL	C
flokk	flokka	N;INDF;ACC;SG	N;INDF;GEN;PL	C
skrifa	skrifaði	N;INDF;GEN;PL	V;SBJV;PST;3;SG	C
skjóta	skjótum	V;NFIN	V;SBJV;PRS;1;PL	C
þekkti	þekkist	V;IND;PST;3;SG	V;SBJV;PRS;1;SG	C
minnast	minna	V;IND;PRS;3;PL	V;NFIN	C
valda	valdi	N;INDF;GEN;PL	N;INDF;DAT;SG	C
skipa	skipi	N;INDF;GEN;PL	N;INDF;DAT;SG	C
nefndir	nefnda	V;IND;PST;2;SG	N;INDF;GEN;PL	C
skipi	skipaði	N;INDF;DAT;SG	V;SBJV;PST;3;SG	C
gjörist	gjörði	V;SBJV;PRS;1;SG	V;SBJV;PST;1;SG	C
ræða	ræðu	N;INDF;GEN;PL	N;INDF;GEN;SG	C
sést	séum	V;IND;PRS;1;SG	V;SBJV;PRS;1;PL	PARADIGM_ERROR
leitast	leitaði	V;IND;PRS;3;SG	V;SBJV;PST;3;SG	C
haf	hafna	V;IMP;2;SG	V.PTCP;PST;GEN;SG	PARADIGM_ERROR
skip	skipunum	N;INDF;ACC;SG	N;DEF;DAT;PL	C
lofið	lofaði	V;IMP;2;PL	V;SBJV;PST;3;SG	C
fiski	fiskinn	N;INDF;DAT;SG	N;DEF;ACC;SG	C
kær	kæra	V;IMP;2;SG	V;NFIN	C
gjörðu	gjörði	V.PTCP;PST;DAT;PL	V;SBJV;PST;1;SG	C
mælir	mæla	V;SBJV;PRS;2;SG	V;NFIN	C
andaði	andast	V;SBJV;PST;3;SG	V;IND;PRS;3;SG	C
boðin	boð	V.PTCP;PST;ACC;PL	N;INDF;ACC;SG	C
hafði	hafa	V;SBJV;PST;1;SG	V;NFIN	C
aukið	auk	V;IND;PRS;2;PL	V;IMP;2;SG	C
jafnir	jafna	V;IND;PST;2;SG	N;INDF;GEN;PL	C
vaka	vakir	V;NFIN	V;SBJV;PRS;2;SG	C
heyrðuð	heyrðir	V;IND;PST;2;PL	V;IND;PST;2;SG	C
brenna	brennu	N;INDF;GEN;PL	N;INDF;GEN;SG	C
horfði	horfum	V;SBJV;PST;1;SG	V;SBJV;PRS;1;PL	C
leysti	leysast	V;IND;PST;3;SG	V;IND;PRS;3;PL	C
sleppt	slepptu	V.PTCP;PST;ACC;SG	V;IND;PST;3;PL	C
sendu	sendum	N;INDF;GEN;SG	N;INDF;DAT;PL	C
skapi	skapaði	N;INDF;DAT;SG	V;SBJV;PST;3;SG	C
langi	langað	N;INDF;DAT;SG	V.CVB	C
búna	búist	V.PTCP;PST;GEN;SG	V;SBJV;PRS;1;SG	C
hluti	hlutum	N;INDF;DAT;SG	N;INDF;DAT;PL	C
fylla	fylli	V;NFIN	V;SBJV;PRS;3;PL	C
dæmdum	dæmdir	N;INDF;DAT;PL	V;IND;PST;2;SG	C
skjótum	skjótast	V;SBJV;PRS;1;PL	V;IND;PRS;3;PL	C
líki	líka	V;SBJV;PRS;3;PL	V;NFIN	C
leyfi	leyfum	V;SBJV;PRS;3;PL	V;SBJV;PRS;1;PL	C
þýðast	þýðist	V;IND;PRS;3;PL	V;SBJV;PRS;1;SG	C
skipi	skipið	N;INDF;DAT;SG	V;IMP;2;PL	C
leggst	leggur	V;IND;PRS;1;SG	V;IND;PRS;2;SG	C
fundum	fundinn	N;INDF;DAT;PL	N;DEF;ACC;SG	C
hulda	huldu	N;INDF;GEN;PL	N;INDF;GEN;SG	C
leysir	leysti	V;SBJV;PRS;2;SG	V;IND;PST;3;SG	C
seldu	selduð	N;INDF;GEN;SG	V;IND;PST;2;PL	C
kæru	kær	V;SBJV;PST;3;PL	V;IMP;2;SG	C
neytt	neyttu	V.PTCP;PST;ACC;SG	V;IND;PST;3;PL	C
fisk	fiskinn	N;INDF;ACC;SG	N;DEF;ACC;SG	C
geta	getum	N;INDF;GEN;PL	N;INDF;DAT;PL	C
ákærðu	ákæra	V.PTCP;PST;DAT;PL	V;NFIN	C
látið	láta	V;IND;PRS;2;PL	V;NFIN	C
stunda	stundir	N;INDF;GEN;PL	V;IND;PST;2;SG	C
komast	koma	V;IND;PRS;3;PL	V;NFIN	C
skrifa	skrifum	N;INDF;GEN;PL	N;INDF;DAT;PL	C
helga	helgi	N;INDF;GEN;PL	N;INDF;DAT;SG	C
virðast	virðist	V;IND;PRS;3;PL	V;SBJV;PRS;1;SG	C
leitum	leit	N;INDF;DAT;PL	N;INDF;ACC;SG	C
byggðir	byggðum	V;IND;PST;2;SG	N;INDF;DAT;PL	C
freistað	freistaði	V.CVB	V;SBJV;PST;3;SG	C
skipunum	skip	N;DEF;DAT;PL	N;INDF;ACC;SG	C
styrkti	styrkist	V;IND;PST;3;SG	V;SBJV;PRS;1;SG	C
komum	kom	V;SBJV;PRS;1;PL	V;IMP;2;SG	C
kæru	kæra	V;SBJV;PST;3;PL	V;NFIN	C
skýrðu	skýrum	V.PTCP;PST;DAT;PL	V;SBJV;PRS;1;PL	C
fært	færðu	V.PTCP;PST;ACC;SG	V.PTCP;PST;DAT;PL	C
leiðir	leiða	V;IND;PST;2;SG	N;INDF;GEN;PL	C
breytti	breytist	V;IND;PST;3;SG	V;SBJV;PRS;1;SG	C
Guð	Guði	N;INDF;ACC;SG	N;INDF;DAT;SG	C
gætti	gættu	V;IND;PST;3;SG	V;IND;PST;3;PL	C
fylli	fylla	V;SBJV;PRS;3;PL	V;NFIN	C
málum	mál	N;INDF;DAT;PL	N;INDF;ACC;SG	C
hafir	hafi	V;SBJV;PRS;2;SG	V;SBJV;PRS;3;PL	C
leysast	leysir	V;IND;PRS;3;PL	V;SBJV;PRS;2;SG	C
Leita	Leitast	N;INDF;GEN;PL	V;IND;PRS;3;SG	C
loka	lokum	N;INDF;GEN;PL	N;INDF;DAT;PL	C
leyndu	leynda	N;INDF;GEN;SG	N;INDF;GEN;PL	C
ráði	ráðið	N;INDF;DAT;SG	V;IMP;2;PL	C
vakir	vaka	V;SBJV;PRS;2;SG	V;NFIN	C
gætum	gæti	V;SBJV;PRS;1;PL	V;SBJV;PRS;3;PL	C
flokka	flokkum	N;INDF;GEN;PL	N;INDF;DAT;PL	C
hræða	hræðast	V;NFIN	V;IND;PRS;3;PL	C
hafi	hafna	V;SBJV;PRS;3;PL	V.PTCP;PST;GEN;SG	PARADIGM_ERROR
styrkir	styrki	V;SBJV;PRS;2;SG	V;SBJV;PRS;3;PL	C
gættu	gætti	V;IND;PST;3;PL	V;IND;PST;3;SG	C
