jagat	jagas	V.CVB;ACT	V;PASS;IND;PRS	C
säljs	sälj	V;PASS;IND;PRS	V;IMP	C
förfars	förfors	V;PASS;IND;PRS	V;PASS;IND;PST	C
besöka	besök	V;ACT;NFIN	V;IMP	C
bundna	bundne	ADJ;INDF;PL	ADJ;DEF;MASC;SG	C
läs	lästes	V;IMP	V;PASS;IND;PST	C
bältens	bältets	N;INDF;GEN;PL	N;DEF;GEN;SG	C
borgaren	borgarens	N;DEF;NOM;SG	N;DEF;GEN;SG	C
anklagats	anklagades	V.CVB;PASS	V;PASS;IND;PST	C
fattat	fattat	ADJ;INDF;NEUT;SG	ADJ;INDF;NEUT;SG	C
fäste	fästens	N;INDF;NOM;SG	N;INDF;GEN;PL	C
sökts	sök	V.CVB;PASS	V;IMP	C
täcke	täckt	ADJ;DEF;MASC;SG	ADJ;INDF;NEUT;SG	C
rovets	rov	N;DEF;GEN;SG	N;INDF;NOM;SG	C
upplyses	upplyses	V;PASS;IND;PRS	V;PASS;IND;PRS	C
kokar	kokade	V;ACT;IND;PRS	V;ACT;IND;PST	C
ax	ax	N;INDF;NOM;SG	N;INDF;NOM;PL	C
lärda	lärde	ADJ;INDF;PL	ADJ;DEF;MASC;SG	C
beröms	berömde	V;PASS;IND;PRS	V;ACT;IND;PST	C
odjur	odjurets	N;INDF;NOM;PL	N;DEF;GEN;SG	C
befäst	befästa	V;IMP	V;ACT;NFIN	C
antänt	antänder	V.CVB;ACT	V;ACT;IND;PRS	C
blottar	blottas	V;ACT;IND;PRS	V;PASS;IND;PRS	C
utgörande	utgjordes	V.PTCP;PRS	V;PASS;IND;PST	C
rov	rovets	N;INDF;NOM;SG	N;DEF;GEN;SG	C
skötte	sköt	V;ACT;IND;PST	V;IMP	C
talat	talade	V.CVB;ACT	V;ACT;IND;PST	C
blottar	blotta	V;ACT;IND;PRS	V;ACT;NFIN	C
blottades	blotta	V;PASS;IND;PST	V;ACT;NFIN	C
vålds	vålds	N;INDF;GEN;SG	N;INDF;GEN;SG	C
stöts	stöttes	V;PASS;IND;PRS	V;PASS;IND;PST	C
tystad	tystades	V.PTCP;PST	V;PASS;IND;PST	C
bakhålls	bakhåll	N;INDF;GEN;SG	N;INDF;NOM;SG	C
lösts	lös	V.CVB;PASS	V;IMP	C
öppna	öppnas	V;IMP	V;PASS;IND;PRS	C
stöts	stöttes	V;PASS;IND;PRS	V;PASS;IND;PST	C
betäckas	betäck	V;PASS;NFIN	V;IMP	C
saknade	saknas	V;ACT;IND;PST	V;PASS;IND;PRS	C
byttor	byttan	N;INDF;NOM;PL	N;DEF;NOM;SG	C
tågas	tåga	V;PASS;NFIN	V;ACT;NFIN	C
dyrkade	dyrkas	V;ACT;IND;PST	V;PASS;NFIN	C
odjurs	odjurs	N;INDF;GEN;PL	N;INDF;GEN;PL	C
sökas	söka	V;PASS;NFIN	V;ACT;NFIN	C
anställs	anställa	V;PASS;IND;PRS	V;ACT;NFIN	C
murares	murarens	N;INDF;GEN;SG	N;DEF;GEN;SG	C
årorna	årors	N;DEF;NOM;PL	N;INDF;GEN;PL	C
vilddjur	vilddjurs	N;INDF;NOM;PL	N;INDF;GEN;PL	C
flyttas	flyttar	V;PASS;NFIN	V;ACT;IND;PRS	C
blottas	blotta	V;PASS;IND;PRS	V;ACT;NFIN	C
påbudet	påbuds	N;DEF;NOM;SG	N;INDF;GEN;PL	C
täcke	täcken	N;INDF;NOM;SG	N;INDF;NOM;PL	C
utfärdas	utfärdas	V;PASS;IND;PRS	V;PASS;IND;PRS	C
lärd	lärd	ADJ;INDF;MASC+FEM;SG	ADJ;INDF;MASC+FEM;SG	C
talas	talas	V;PASS;IND;PRS	V;PASS;IND;PRS	C
utfärdad	utfärdas	V.PTCP;PST	V;PASS;NFIN	C
fästande	fästas	V.PTCP;PRS	V;PASS;NFIN	C
korsfäst	korsfästes	V.CVB;ACT	V;PASS;IND;PST	C
klätt	klädd	ADJ;INDF;NEUT;SG	ADJ;INDF;MASC+FEM;SG	C
sändande	sänds	V.PTCP;PRS	V;PASS;IND;PRS	C
upplösande	upplösas	V.PTCP;PRS	V;PASS;NFIN	C
avstånds	avståndet	N;INDF;GEN;PL	N;DEF;NOM;SG	C
församla	församla	V;ACT;NFIN	V;ACT;NFIN	C
kokat	kokades	V.CVB;ACT	V;PASS;IND;PST	C
blotta	blottas	V;ACT;NFIN	V;PASS;NFIN	C
mätt	mäta	V.CVB;ACT	V;ACT;NFIN	C
korsfästes	korsfästes	V;PASS;IND;PST	V;PASS;IND;PST	C
befästes	befästas	V;PASS;IND;PST	V;PASS;NFIN	C
minskar	minskade	V;ACT;IND;PRS	V;ACT;IND;PST	C
våld	vålds	N;INDF;NOM;SG	N;INDF;GEN;SG	C
blotta	blottas	V;IMP	V;PASS;IND;PRS	C
förvarar	förvarade	V;ACT;IND;PRS	V;ACT;IND;PST	C
blottar	blotta	V;ACT;IND;PRS	V;ACT;NFIN	C
ringare	ringaren	N;INDF;NOM;PL	N;DEF;NOM;SG	C
svängdes	svängdes	V;PASS;IND;PST	V;PASS;IND;PST	C
givna	givet	ADJ;DEF	ADJ;INDF;NEUT;SG	C
användande	använd	V.PTCP;PRS	V;IMP	C
används	använd	V;PASS;IND;PRS	V;IMP	C
uddens	uddarna	N;DEF;GEN;SG	N;DEF;NOM;PL	C
blottas	blottas	V;PASS;IND;PRS	V;PASS;NFIN	C
blottas	blottas	V;PASS;NFIN	V;PASS;IND;PRS	C
lösande	lös	V.PTCP;PRS	V;IMP	C
stött	stöta	V.CVB;ACT	V;ACT;NFIN	C
lagade	lagades	V;ACT;IND;PST	V;PASS;IND;PST	C
täckt	täckt	ADJ;INDF;NEUT;SG	ADJ;INDF;NEUT;SG	C
stärkas	stärk	V;PASS;NFIN	V;IMP	C
blottande	blottas	V.PTCP;PRS	V;PASS;NFIN	C
bältens	bältets	N;INDF;GEN;PL	N;DEF;GEN;SG	C
utsträckt	utsträcka	V.PTCP;PST	V;ACT;NFIN	C
anställd	anställas	V.PTCP;PST	V;PASS;NFIN	C
utför	utfördes	V;ACT;IND;PRS	V;PASS;IND;PST	C
stötande	stöta	V.PTCP;PRS	V;ACT;NFIN	C
öppnats	öppnas	V.CVB;PASS	V;PASS;IND;PRS	C
berömts	berömma	V.CVB;PASS	V;ACT;NFIN	C
upptagnast	upptagne	ADJ;INDF;NEUT;SG;SPRL	ADJ;DEF;MASC;SG	C
blotta	blotta	V;IMP	V;ACT;NFIN	C
utfärdas	utfärdar	V;PASS;IND;PRS	V;ACT;IND;PRS	C
öppnades	öppna	V;PASS;IND;PST	V;ACT;NFIN	C
stötande	stöta	V.PTCP;PRS	V;ACT;NFIN	C
löst	lös	V.PTCP;PST	V;IMP	C
äppelträdet	äppelträds	N;DEF;NOM;SG	N;INDF;GEN;PL	C
antändande	antänder	V.PTCP;PRS	V;ACT;IND;PRS	C
blottade	blottas	V;ACT;IND;PST	V;PASS;NFIN	C
öppnas	öppna	V;PASS;NFIN	V;ACT;NFIN	C
mätt	mäta	V.PTCP;PST	V;ACT;NFIN	C
tagen	tagen	ADJ;INDF;MASC+FEM;SG	ADJ;INDF;MASC+FEM;SG	C
såld	sälj	V.PTCP;PST	V;IMP	C
sänd	sänds	V.PTCP;PST	V;PASS;IND;PRS	C
sornas	son	N;DEF;GEN;PL	N;DEF;NOM;SG	C
fyllde	fyllde	ADJ;DEF;MASC;SG	ADJ;DEF;MASC;SG	C
täckt	täckt	ADJ;INDF;NEUT;SG	ADJ;INDF;NEUT;SG	C
konungadömes	konungadömens	N;INDF;GEN;SG	N;INDF;GEN;PL	C
vilddjurs	vilddjur	N;INDF;GEN;PL	N;INDF;NOM;SG	C
mäta	mäta	V;ACT;NFIN	V;ACT;NFIN	C
fira	firas	V;IMP	V;PASS;NFIN	C
beskärt	beskärt	ADJ;INDF;NEUT;SG	ADJ;INDF;NEUT;SG	C
uppenbarande	uppenbaras	V.PTCP;PRS	V;PASS;NFIN	C
stöts	stöttes	V;PASS;IND;PRS	V;PASS;IND;PST	C
täcka	täckt	ADJ;INDF;PL	ADJ;INDF;NEUT;SG	C
uppenbarad	uppenbaras	V.PTCP;PST	V;PASS;NFIN	C
sökt	sök	V.PTCP;PST	V;IMP	C
sjungits	sjungs	V.CVB;PASS	V;PASS;IND;PRS	C
spritt	spridd	ADJ;INDF;NEUT;SG	ADJ;INDF;MASC+FEM;SG	C
tryckande	trycka	V.PTCP;PRS	V;ACT;NFIN	C
söks	söka	V;PASS;IND;PRS	V;ACT;NFIN	C
vridas	vrida	V;PASS;NFIN	V;ACT;NFIN	C
dyrkades	dyrkas	V;PASS;IND;PST	V;PASS;NFIN	C
blottat	blottas	V.CVB;ACT	V;PASS;NFIN	C
gifta	gifts	V;ACT;NFIN	V;PASS;IND;PRS	C
dyrkades	dyrkas	V;PASS;IND;PST	V;PASS;NFIN	C
uppfyller	uppfyll	V;ACT;IND;PRS	V;IMP	C
fäst	fästas	V.PTCP;PST	V;PASS;NFIN	C
utgjord	utgjordes	V.PTCP;PST	V;PASS;IND;PST	C
uppenbarades	uppenbaras	V;PASS;IND;PST	V;PASS;NFIN	C
uppfylls	uppfyll	V;PASS;IND;PRS	V;IMP	C
utplånande	utplåna	V.PTCP;PRS	V;ACT;NFIN	C
tröstas	tröstas	V;PASS;NFIN	V;PASS;NFIN	C
mäter	mäta	V;ACT;IND;PRS	V;ACT;NFIN	C
korsfästs	korsfäst	V.CVB;PASS	V;IMP	C
borrats	borras	V.CVB;PASS	V;PASS;NFIN	C
bränn	bränns	V;IMP	V;PASS;IND;PRS	C
modet	modets	N;DEF;NOM;SG	N;DEF;GEN;SG	C
renar	renade	V;ACT;IND;PRS	V;ACT;IND;PST	C
byttornas	byttan	N;DEF;GEN;PL	N;DEF;NOM;SG	C
tigits	tigs	V.CVB;PASS	V;PASS;IND;PRS	C
stöttes	stöta	V;PASS;IND;PST	V;ACT;NFIN	C
kokade	kokade	V;ACT;IND;PST	V;ACT;IND;PST	C
offrade	offras	V;ACT;IND;PST	V;PASS;NFIN	C
borrar	borra	V;ACT;IND;PRS	V;ACT;NFIN	C
släktens	släktes	N;INDF;GEN;PL	N;INDF;GEN;SG	C
utfärdad	utfärdar	V.PTCP;PST	V;ACT;IND;PRS	C
oxar	oxen	N;INDF;NOM;PL	N;DEF;NOM;SG	C
uppenbarat	uppenbaras	V.CVB;ACT	V;PASS;NFIN	C
kända	känd	ADJ;INDF;PL	ADJ;INDF;MASC+FEM;SG	C
handlade	handläggs	V;ACT;IND;PST	V;PASS;IND;PRS	C
anklaga	anklagade	V;IMP	V;ACT;IND;PST	C
släktes	släktes	N;INDF;GEN;SG	N;INDF;GEN;SG	C
beröm	berömma	V;IMP	V;ACT;NFIN	C
renades	renade	V;PASS;IND;PST	V;ACT;IND;PST	C
fattade	fattade	V;ACT;IND;PST	V;ACT;IND;PST	C
fattar	fattade	V;ACT;IND;PRS	V;ACT;IND;PST	C
blottas	blotta	V;PASS;IND;PRS	V;ACT;NFIN	C
renat	renade	V.CVB;ACT	V;ACT;IND;PST	C
stötande	stöttes	V.PTCP;PRS	V;PASS;IND;PST	C
stötte	stöttes	V;ACT;IND;PST	V;PASS;IND;PST	C
trycks	trycka	V;PASS;IND;PRS	V;ACT;NFIN	C
upplöst	upplösas	V.PTCP;PST	V;PASS;NFIN	C
fästena	fästes	N;DEF;NOM;PL	N;INDF;GEN;SG	C
lärt	lärd	ADJ;INDF;NEUT;SG	ADJ;INDF;MASC+FEM;SG	C
förvarande	förvarade	V.PTCP;PRS	V;ACT;IND;PST	C
blottas	blotta	V;PASS;IND;PRS	V;ACT;NFIN	C
kröner	kröner	V;ACT;IND;PRS	V;ACT;IND;PRS	C
nämner	nämna	V;ACT;IND;PRS	V;ACT;NFIN	C
stött	stöttes	V.PTCP;PST	V;PASS;IND;PST	C
fattat	fattat	ADJ;INDF;NEUT;SG	ADJ;INDF;NEUT;SG	C
inrättat	inrätta	V.CVB;ACT	V;ACT;NFIN	C
renad	renade	V.PTCP;PST	V;ACT;IND;PST	C
dyrkad	dyrkas	V.PTCP;PST	V;PASS;NFIN	C
vittnesbörden	vittnesbörd	N;DEF;NOM;PL	N;INDF;NOM;PL	C
murares	murare	N;INDF;GEN;PL	N;INDF;NOM;SG	C
förtryckts	förtryckas	V.CVB;PASS	V;PASS;NFIN	C
fattat	fattat	ADJ;INDF;NEUT;SG	ADJ;INDF;NEUT;SG	C
förenar	förenas	V;ACT;IND;PRS	V;PASS;NFIN	C
fästes	fästas	V;PASS;IND;PST	V;PASS;NFIN	C
upptagnare	upptagen	ADJ;DEF;COMPV	ADJ;INDF;MASC+FEM;SG	C
ax	ax	N;INDF;GEN;SG	N;INDF;NOM;PL	C
täckt	täckte	ADJ;INDF;NEUT;SG	ADJ;DEF;MASC;SG	C
förläts	förlät	V;PASS;IND;PST	V;ACT;IND;PST	C
fyllda	fyllde	ADJ;INDF;PL	ADJ;DEF;MASC;SG	C
talas	talas	V;PASS;NFIN	V;PASS;IND;PRS	C
använt	använd	V.CVB;ACT	V;IMP	C
sökas	söka	V;PASS;NFIN	V;ACT;NFIN	C
blottades	blottas	V;PASS;IND;PST	V;PASS;NFIN	C
utsträcker	utsträcks	V;ACT;IND;PRS	V;PASS;IND;PRS	C
bältena	bältes	N;DEF;NOM;PL	N;INDF;GEN;SG	C
oxarnas	oxarna	N;DEF;GEN;PL	N;DEF;NOM;PL	C
sköts	sköter	V;PASS;IND;PRS	V;ACT;IND;PRS	C
rov	rov	N;INDF;NOM;SG	N;INDF;NOM;SG	C
renad	renade	V.PTCP;PST	V;ACT;IND;PST	C
sökte	sök	V;ACT;IND;PST	V;IMP	C
renade	renade	V;ACT;IND;PST	V;ACT;IND;PST	C
förgöras	förgöra	V;PASS;NFIN	V;ACT;NFIN	C
tänkte	tänker	V;ACT;IND;PST	V;ACT;IND;PRS	C
dyrkande	dyrkas	V.PTCP;PRS	V;PASS;NFIN	C
uppenbarande	uppenbaras	V.PTCP;PRS	V;PASS;NFIN	C
bakhåll	bakhåll	N;INDF;NOM;PL	N;INDF;NOM;SG	C
öppnande	öppnas	V.PTCP;PRS	V;PASS;IND;PRS	C
berömmande	berömde	V.PTCP;PRS	V;ACT;IND;PST	C
avståndet	avståndet	N;DEF;NOM;SG	N;DEF;NOM;SG	C
altaret	altarets	N;DEF;NOM;SG	N;DEF;GEN;SG	C
blottar	blottas	V;ACT;IND;PRS	V;PASS;IND;PRS	C
påbud	påbuds	N;INDF;NOM;PL	N;INDF;GEN;PL	C
altares	altarets	N;INDF;GEN;SG	N;DEF;GEN;SG	C
korsfästande	korsfästes	V.PTCP;PRS	V;PASS;IND;PST	C
lösaste	löse	ADJ;DEF;MASC;SG;SPRL	ADJ;DEF;MASC;SG	C
rots	roten	N;INDF;GEN;SG	N;DEF;NOM;SG	C
klövens	klövens	N;DEF;GEN;SG	N;DEF;GEN;SG	C
friat	fria	V.CVB;ACT	V;IMP	C
befästa	befästa	V;ACT;NFIN	V;ACT;NFIN	C
anklagas	anklagades	V;PASS;IND;PRS	V;PASS;IND;PST	C
försonats	försonas	V.CVB;PASS	V;PASS;NFIN	C
täcke	täckt	ADJ;DEF;MASC;SG	ADJ;INDF;NEUT;SG	C
blotta	blottas	V;IMP	V;PASS;IND;PRS	C
nämner	nämna	V;ACT;IND;PRS	V;ACT;NFIN	C
blotta	blottas	V;IMP	V;PASS;NFIN	C
namnars	namnens	N;INDF;GEN;PL	N;DEF;GEN;SG	C
löse	löse	ADJ;DEF;MASC;SG	ADJ;DEF;MASC;SG	C
befästas	befästas	V;PASS;NFIN	V;PASS;NFIN	C
täcka	täckt	ADJ;DEF	ADJ;INDF;NEUT;SG	C
korsfästande	korsfäst	V.PTCP;PRS	V;IMP	C
vattna	vattna	V;ACT;NFIN	V;IMP	C
löses	lös	V;PASS;IND;PRS	V;IMP	C
rötterna	rot	N;DEF;NOM;PL	N;INDF;NOM;SG	C
anklagade	anklagade	V;ACT;IND;PST	V;ACT;IND;PST	C
möts	möts	V;PASS;IND;PRS	V;PASS;IND;PRS	C
renar	renade	V;ACT;IND;PRS	V;ACT;IND;PST	C
oxens	oxarna	N;DEF;GEN;SG	N;DEF;NOM;PL	C
årornas	åran	N;DEF;GEN;PL	N;DEF;NOM;SG	C
förmörkat	förmörkades	V.CVB;ACT	V;PASS;IND;PST	C
mötas	möts	V;PASS;NFIN	V;PASS;IND;PRS	C
rovs	rovets	N;INDF;GEN;SG	N;DEF;GEN;SG	C
stött	stöta	V.CVB;ACT	V;ACT;NFIN	C
läser	lästes	V;ACT;IND;PRS	V;PASS;IND;PST	C
stötte	stöta	V;ACT;IND;PST	V;ACT;NFIN	C
hons	hon	N;DEF;GEN;SG	N;DEF;NOM;SG	C
upplys	upplyses	V;IMP	V;PASS;IND;PRS	C
hämtats	hämtar	V.CVB;PASS	V;ACT;IND;PRS	C
uppenbarande	uppenbaras	V.PTCP;PRS	V;PASS;NFIN	C
sändas	sänds	V;PASS;NFIN	V;PASS;IND;PRS	C
sänt	sänds	V.CVB;ACT	V;PASS;IND;PRS	C
snörens	snöre	N;INDF;GEN;PL	N;INDF;NOM;SG	C
handlägga	handlägga	V;ACT;NFIN	V;ACT;NFIN	C
tystande	tystades	V.PTCP;PRS	V;PASS;IND;PST	C
söka	söka	V;ACT;NFIN	V;ACT;NFIN	C
täckta	täckte	ADJ;DEF	ADJ;DEF;MASC;SG	C
blottats	blottas	V.CVB;PASS	V;PASS;IND;PRS	C
utfärdades	utfärdas	V;PASS;IND;PST	V;PASS;IND;PRS	C
säkrast	säker	ADJ;INDF;MASC+FEM;SG;SPRL	ADJ;INDF;MASC+FEM;SG	C
renades	renade	V;PASS;IND;PST	V;ACT;IND;PST	C
fattades	fattade	V;PASS;IND;PST	V;ACT;IND;PST	C
rots	rötter	N;INDF;GEN;SG	N;INDF;NOM;PL	C
förgör	förgöra	V;ACT;IND;PRS	V;ACT;NFIN	C
fatta	fattade	V;IMP	V;ACT;IND;PST	C
täckt	täckt	ADJ;INDF;NEUT;SG	ADJ;INDF;NEUT;SG	C
blottar	blottas	V;ACT;IND;PRS	V;PASS;IND;PRS	C
murarnas	murares	N;DEF;GEN;PL	N;INDF;GEN;PL	C
egyptier	egyptierna	N;INDF;NOM;PL	N;DEF;NOM;PL	C
rättfärdigas	rättfärdigade	V;PASS;IND;PRS	V;ACT;IND;PST	C
renade	renade	V;ACT;IND;PST	V;ACT;IND;PST	C
försonats	försona	V.CVB;PASS	V;IMP	C
anställas	anställs	V;PASS;NFIN	V;PASS;IND;PRS	C
anställd	anställs	V.PTCP;PST	V;PASS;IND;PRS	C
löses	lös	V;PASS;IND;PRS	V;IMP	C
blotta	blottas	V;IMP	V;PASS;NFIN	C
senare	sen	ADJ;INDF;MASC;SG;COMPV	ADJ;INDF;MASC+FEM;SG	C
vilddjuret	vilddjurs	N;DEF;NOM;SG	N;INDF;GEN;PL	C
uppenbaras	uppenbaras	V;PASS;IND;PRS	V;PASS;NFIN	C
kokas	kokades	V;PASS;NFIN	V;PASS;IND;PST	C
blottande	blottas	V.PTCP;PRS	V;PASS;IND;PRS	C
renas	renade	V;PASS;IND;PRS	V;ACT;IND;PST	C
modet	modets	N;DEF;NOM;SG	N;DEF;GEN;SG	C
förgör	förgjorde	V;ACT;IND;PRS	V;ACT;IND;PST	C
fattas	fattade	V;PASS;IND;PRS	V;ACT;IND;PST	C
utföras	utfördes	V;PASS;NFIN	V;PASS;IND;PST	C
söka	sök	V;ACT;NFIN	V;IMP	C
antänd	antänder	V;IMP	V;ACT;IND;PRS	C
anställdes	anställas	V;PASS;IND;PST	V;PASS;NFIN	C
mötande	möts	V.PTCP;PRS	V;PASS;IND;PRS	C
täcka	täckt	ADJ;DEF	ADJ;INDF;NEUT;SG	C
uppenbarande	uppenbaras	V.PTCP;PRS	V;PASS;NFIN	C
fattas	fattade	V;PASS;NFIN	V;ACT;IND;PST	C
klöven	klövens	N;DEF;NOM;SG	N;DEF;GEN;SG	C
snöret	snöres	N;DEF;NOM;SG	N;INDF;GEN;SG	C
förståndet	förståndets	N;DEF;NOM;SG	N;DEF;GEN;SG	C
förgjort	förgjorde	V.CVB;ACT	V;ACT;IND;PST	C
oxe	oxars	N;INDF;NOM;SG	N;INDF;GEN;PL	C
bältes	bältes	N;INDF;GEN;SG	N;INDF;GEN;SG	C
förkunnas	förkunnade	V;PASS;IND;PRS	V;ACT;IND;PST	C
vädurarna	vädurarna	N;DEF;NOM;PL	N;DEF;NOM;PL	C
utsändande	utsändas	V.PTCP;PRS	V;PASS;NFIN	C
vridande	vrida	V.PTCP;PRS	V;ACT;NFIN	C
snörena	snöres	N;DEF;NOM;PL	N;INDF;GEN;SG	C
talande	talas	V.PTCP;PRS	V;PASS;IND;PRS	C
förena	förenar	V;IMP	V;ACT;IND;PRS	C
räddare	rädd	ADJ;INDF;PL;COMPV	ADJ;INDF;MASC+FEM;SG	C
enar	enas	V;ACT;IND;PRS	V;PASS;NFIN	C
klädd	klädd	ADJ;INDF;MASC+FEM;SG	ADJ;INDF;MASC+FEM;SG	C
förkunnades	förkunnade	V;PASS;IND;PST	V;ACT;IND;PST	C
slakta	slaktas	V;IMP	V;PASS;IND;PRS	C
vädurs	vädurarna	N;INDF;GEN;SG	N;DEF;NOM;PL	C
täck	täckt	ADJ;INDF;MASC+FEM;SG	ADJ;INDF;NEUT;SG	C
påbudens	påbuds	N;DEF;GEN;PL	N;INDF;GEN;SG	C
vingarnas	vinge	N;DEF;GEN;PL	N;INDF;NOM;SG	C
bränna	bränns	V;ACT;NFIN	V;PASS;IND;PRS	C
förkunnats	förkunnar	V.CVB;PASS	V;ACT;IND;PRS	C
koka	kokades	V;IMP	V;PASS;IND;PST	C
lösare	löse	ADJ;INDF;MASC+FEM;SG;COMPV	ADJ;DEF;MASC;SG	C
täcka	täckt	ADJ;INDF;PL	ADJ;INDF;NEUT;SG	C
korsfästs	korsfäst	V.CVB;PASS	V;IMP	C
säkrande	säkrades	V.PTCP;PRS	V;PASS;IND;PST	C
lösa	lös	V;ACT;NFIN	V;IMP	C
förgör	förgjorde	V;IMP	V;ACT;IND;PST	C
slaktas	slaktas	V;PASS;NFIN	V;PASS;IND;PRS	C
konungadömes	konungadömens	N;INDF;GEN;SG	N;INDF;GEN;PL	C
förståndet	förståndets	N;DEF;NOM;SG	N;DEF;GEN;SG	C
vilddjur	vilddjur	N;INDF;NOM;SG	N;INDF;NOM;SG	C
löst	lös	V.CVB;ACT	V;IMP	C
beställde	beställs	V;ACT;IND;PST	V;PASS;IND;PRS	C
undersökande	undersöka	V.PTCP;PRS	V;ACT;NFIN	C
blottas	blottas	V;PASS;NFIN	V;PASS;IND;PRS	C
påbuden	påbuds	N;DEF;NOM;PL	N;INDF;GEN;SG	C
förmörka	förmörka	V;ACT;NFIN	V;IMP	C
släktena	släktes	N;DEF;NOM;PL	N;INDF;GEN;SG	C
flyttats	flyttar	V.CVB;PASS	V;ACT;IND;PRS	C
täcka	täckt	ADJ;INDF;PL	ADJ;INDF;NEUT;SG	C
blottades	blottas	V;PASS;IND;PST	V;PASS;NFIN	C
talades	talade	V;PASS;IND;PST	V;ACT;IND;PST	C
löses	lös	V;PASS;IND;PRS	V;IMP	C
blottats	blotta	V.CVB;PASS	V;ACT;NFIN	C
oxes	oxen	N;INDF;GEN;SG	N;DEF;NOM;SG	C
använde	använd	V;ACT;IND;PST	V;IMP	C
kokades	kokade	V;PASS;IND;PST	V;ACT;IND;PST	C
stötte	stöttes	V;ACT;IND;PST	V;PASS;IND;PST	C
kokades	kokade	V;PASS;IND;PST	V;ACT;IND;PST	C
mötts	möttes	V.CVB;PASS	V;PASS;IND;PST	C
ödmjuke	ödmjuk	ADJ;DEF;MASC;SG	ADJ;INDF;MASC+FEM;SG	C
korsfästa	korsfästes	V;ACT;NFIN	V;PASS;IND;PST	C
dräp	dräptes	V;IMP	V;PASS;IND;PST	C
sporde	sporde	V;ACT;IND;PST	V;ACT;IND;PST	C
sökt	sök	V.CVB;ACT	V;IMP	C
fogat	fogas	V.CVB;ACT	V;PASS;NFIN	C
utsändas	utsändas	V;PASS;NFIN	V;PASS;NFIN	C
stötas	stöttes	V;PASS;NFIN	V;PASS;IND;PST	C
hämta	hämtar	V;IMP	V;ACT;IND;PRS	C
korsfästande	korsfästes	V.PTCP;PRS	V;PASS;IND;PST	C
odjurs	odjurets	N;INDF;GEN;SG	N;DEF;GEN;SG	C
dräpt	dräptes	V.PTCP;PST	V;PASS;IND;PST	C
tala	talade	V;IMP	V;ACT;IND;PST	C
rötternas	rot	N;DEF;GEN;PL	N;INDF;NOM;SG	C
fäst	fästas	V;IMP	V;PASS;NFIN	C
beskärd	beskärt	ADJ;INDF;MASC+FEM;SG	ADJ;INDF;NEUT;SG	C
täcka	täckt	ADJ;DEF	ADJ;INDF;NEUT;SG	C
undantagna	undantagen	ADJ;DEF	ADJ;INDF;MASC+FEM;SG	C
lärda	lärd	ADJ;DEF	ADJ;INDF;MASC+FEM;SG	C
blotta	blottas	V;IMP	V;PASS;IND;PRS	C
vittnesbördets	vittnesbörd	N;DEF;GEN;SG	N;INDF;NOM;PL	C
tryckas	trycka	V;PASS;NFIN	V;ACT;NFIN	C
fyllt	fyllde	ADJ;INDF;NEUT;SG	ADJ;DEF;MASC;SG	C
flugits	flygas	V.CVB;PASS	V;PASS;NFIN	C
uppenbara	uppenbaras	V;IMP	V;PASS;NFIN	C
utsträck	utsträck	V;IMP	V;IMP	C
blottades	blottas	V;PASS;IND;PST	V;PASS;NFIN	C
rots	roten	N;INDF;GEN;SG	N;DEF;NOM;SG	C
fiskades	fiskas	V;PASS;IND;PST	V;PASS;NFIN	C
lärda	lärd	ADJ;INDF;PL	ADJ;INDF;MASC+FEM;SG	C
släkten	släktes	N;INDF;NOM;PL	N;INDF;GEN;SG	C
anklaga	anklagar	V;IMP	V;ACT;IND;PRS	C
låter	låta	V;ACT;IND;PRS	V;ACT;NFIN	C
lärd	lärde	ADJ;INDF;MASC+FEM;SG	ADJ;DEF;MASC;SG	C
klövarna	klövens	N;DEF;NOM;PL	N;DEF;GEN;SG	C
dövt	döve	ADJ;INDF;NEUT;SG	ADJ;DEF;MASC;SG	C
dräpas	dräptes	V;PASS;NFIN	V;PASS;IND;PST	C
ödmjuka	ödmjuk	ADJ;DEF	ADJ;INDF;MASC+FEM;SG	C
sökt	söka	V.PTCP;PST	V;ACT;NFIN	C
tågats	tågades	V.CVB;PASS	V;PASS;IND;PST	C
sänts	sänds	V.CVB;PASS	V;PASS;IND;PRS	C
sökts	söka	V.CVB;PASS	V;ACT;NFIN	C
gladd	glädjas	V.PTCP;PST	V;PASS;NFIN	C
vattnar	vattnades	V;ACT;IND;PRS	V;PASS;IND;PST	C
förhindrats	förhindra	V.CVB;PASS	V;ACT;NFIN	C
koka	kokade	V;IMP	V;ACT;IND;PST	C
höljets	höljets	N;DEF;GEN;SG	N;DEF;GEN;SG	C
täcke	täckt	ADJ;DEF;MASC;SG	ADJ;INDF;NEUT;SG	C
möts	möttes	V;PASS;IND;PRS	V;PASS;IND;PST	C
sök	sök	V;IMP	V;IMP	C
upphävande	upphävdes	V.PTCP;PRS	V;PASS;IND;PST	C
utplånades	utplåna	V;PASS;IND;PST	V;ACT;NFIN	C
bereds	bereder	V;PASS;IND;PRS	V;ACT;IND;PRS	C
klövs	klövens	N;INDF;GEN;SG	N;DEF;GEN;SG	C
täcka	täckt	ADJ;INDF;PL	ADJ;INDF;NEUT;SG	C
mött	möttes	V.PTCP;PST	V;PASS;IND;PST	C
söks	sök	V;PASS;IND;PRS	V;IMP	C
bered	bereder	V;IMP	V;ACT;IND;PRS	C
förlett	förleder	V.CVB;ACT	V;ACT;IND;PRS	C
stöts	stöta	V;PASS;IND;PRS	V;ACT;NFIN	C
fästenas	fästena	N;DEF;GEN;PL	N;DEF;NOM;PL	C
handlägg	handläggas	V;IMP	V;PASS;NFIN	C
stötte	stöta	V;ACT;IND;PST	V;ACT;NFIN	C
fästande	fästas	V.PTCP;PRS	V;PASS;NFIN	C
öppnande	öppna	V.PTCP;PRS	V;ACT;NFIN	C
korsfäst	korsfäst	V.PTCP;PST	V;IMP	C
satt	sitt	V;ACT;IND;PST	V;IMP	C
tegs	tig	V;PASS;IND;PST	V;IMP	C
fyllde	fyllde	ADJ;DEF;MASC;SG	ADJ;DEF;MASC;SG	C
snarast	snar	ADJ;INDF;MASC+FEM;SG;SPRL	ADJ;INDF;MASC+FEM;SG	C
förgätit	förgätas	V.CVB;ACT	V;PASS;NFIN	C
dragne	draget	ADJ;DEF;MASC;SG	ADJ;INDF;NEUT;SG	C
talande	talas	V.PTCP;PRS	V;PASS;IND;PRS	C
renar	renade	V;ACT;IND;PRS	V;ACT;IND;PST	C
vises	visen	N;INDF;GEN;SG	N;DEF;NOM;SG	C
fjättrade	fjättras	V;ACT;IND;PST	V;PASS;IND;PRS	C
stöttes	stöta	V;PASS;IND;PST	V;ACT;NFIN	C
mät	mäta	V;IMP	V;ACT;NFIN	C
korsfästs	korsfäst	V.CVB;PASS	V;IMP	C
upplöser	upplösas	V;ACT;IND;PRS	V;PASS;NFIN	C
blottas	blottas	V;PASS;NFIN	V;PASS;IND;PRS	C
svängts	sväng	V.CVB;PASS	V;IMP	C
täckt	täckt	ADJ;INDF;NEUT;SG	ADJ;INDF;NEUT;SG	C
släktet	släktes	N;DEF;NOM;SG	N;INDF;GEN;SG	C
korsfästa	korsfäst	V;ACT;NFIN	V;IMP	C
fyllda	fyllde	ADJ;INDF;PL	ADJ;DEF;MASC;SG	C
sändes	sänds	V;PASS;IND;PST	V;PASS;IND;PRS	C
fästes	fästas	V;PASS;IND;PST	V;PASS;NFIN	C
nästes	nästen	N;INDF;GEN;SG	N;INDF;NOM;PL	C
döva	döve	ADJ;INDF;PL	ADJ;DEF;MASC;SG	C
reta	retades	V;IMP	V;PASS;IND;PST	C
lagats	lagades	V.CVB;PASS	V;PASS;IND;PST	C
oxar	oxars	N;INDF;NOM;PL	N;INDF;GEN;PL	C
talats	talas	V.CVB;PASS	V;PASS;IND;PRS	C
blottades	blotta	V;PASS;IND;PST	V;ACT;NFIN	C
kokande	kokades	V.PTCP;PRS	V;PASS;IND;PST	C
gemak	gemaket	N;INDF;NOM;SG	N;DEF;NOM;SG	C
blotta	blottas	V;IMP	V;PASS;NFIN	C
stötte	stöta	V;ACT;IND;PST	V;ACT;NFIN	C
fattade	fattat	ADJ;DEF	ADJ;INDF;NEUT;SG	C
anklagas	anklagar	V;PASS;NFIN	V;ACT;IND;PRS	C
inrättande	inrätta	V.PTCP;PRS	V;ACT;NFIN	C
uppenbarat	uppenbaras	V.CVB;ACT	V;PASS;NFIN	C
möts	möts	V;PASS;IND;PRS	V;PASS;IND;PRS	C
förgörs	förgöra	V;PASS;IND;PRS	V;ACT;NFIN	C
lärd	lärde	ADJ;INDF;MASC+FEM;SG	ADJ;DEF;MASC;SG	C
fäste	fästas	V;ACT;IND;PST	V;PASS;NFIN	C
renar	renade	V;ACT;IND;PRS	V;ACT;IND;PST	C
korsfästa	korsfästes	V;ACT;NFIN	V;PASS;IND;PST	C
lärde	lärd	ADJ;DEF;MASC;SG	ADJ;INDF;MASC+FEM;SG	C
svängande	sväng	V.PTCP;PRS	V;IMP	C
fria	fria	V;IMP	V;IMP	C
tågade	tågas	V;ACT;IND;PST	V;PASS;NFIN	C
renat	renade	V.CVB;ACT	V;ACT;IND;PST	C
såld	sålde	ADJ;INDF;MASC+FEM;SG	ADJ;DEF;MASC;SG	C
åran	årors	N;DEF;NOM;SG	N;INDF;GEN;PL	C
använde	använd	V;ACT;IND;PST	V;IMP	C
förtryckts	förtryckas	V.CVB;PASS	V;PASS;NFIN	C
förhindra	förhindra	V;IMP	V;ACT;NFIN	C
rötterna	rötter	N;DEF;NOM;PL	N;INDF;NOM;PL	C
öppnat	öppna	V.CVB;ACT	V;ACT;NFIN	C
jagas	jagas	V;PASS;IND;PRS	V;PASS;IND;PRS	C
förtryckas	förtryckas	V;PASS;NFIN	V;PASS;NFIN	C
säkrar	säkrades	V;ACT;IND;PRS	V;PASS;IND;PST	C
fogad	fogas	V.PTCP;PST	V;PASS;NFIN	C
tryckt	trycka	V.CVB;ACT	V;ACT;NFIN	C
uppenbarad	uppenbaras	V.PTCP;PST	V;PASS;NFIN	C
utgjorde	utgöra	V;ACT;IND;PST	V;ACT;NFIN	C
antänder	antänder	V;ACT;IND;PRS	V;ACT;IND;PRS	C
löses	lös	V;PASS;IND;PRS	V;IMP	C
blottade	blotta	V;ACT;IND;PST	V;ACT;NFIN	C
duka	dukades	V;IMP	V;PASS;IND;PST	C
anställd	anställa	V.PTCP;PST	V;ACT;NFIN	C
säkrast	säker	ADJ;INDF;PL;SPRL	ADJ;INDF;MASC+FEM;SG	C
öppnat	öppna	V.CVB;ACT	V;ACT;NFIN	C
sök	söka	V;IMP	V;ACT;NFIN	C
visars	visen	N;INDF;GEN;PL	N;DEF;NOM;SG	C
utfärdat	utfärdas	V.CVB;ACT	V;PASS;NFIN	C
renat	renade	V.CVB;ACT	V;ACT;IND;PST	C
beskärt	beskärt	ADJ;INDF;NEUT;SG	ADJ;INDF;NEUT;SG	C
lösande	lös	V.PTCP;PRS	V;IMP	C
blotta	blotta	V;ACT;NFIN	V;ACT;NFIN	C
fyllde	fyllde	ADJ;DEF;MASC;SG	ADJ;DEF;MASC;SG	C
läs	lästes	V;IMP	V;PASS;IND;PST	C
firad	firas	V.PTCP;PST	V;PASS;NFIN	C
ax	ax	N;INDF;NOM;SG	N;INDF;NOM;PL	C
upphäver	upphävdes	V;ACT;IND;PRS	V;PASS;IND;PST	C
antända	antänder	V;ACT;NFIN	V;ACT;IND;PRS	C
förtrycker	förtryckas	V;ACT;IND;PRS	V;PASS;NFIN	C
tala	talade	V;IMP	V;ACT;IND;PST	C
uppenbara	uppenbaras	V;ACT;NFIN	V;PASS;NFIN	C
kokas	kokades	V;PASS;NFIN	V;PASS;IND;PST	C
öppnande	öppna	V.PTCP;PRS	V;ACT;NFIN	C
renas	renade	V;PASS;NFIN	V;ACT;IND;PST	C
rättfärdiga	rättfärdigade	V;IMP	V;ACT;IND;PST	C
ax	ax	N;INDF;NOM;PL	N;INDF;NOM;PL	C
lägsta	lågt	ADJ;DEF;SPRL	ADJ;INDF;NEUT;SG	C
lärt	lärd	ADJ;INDF;NEUT;SG	ADJ;INDF;MASC+FEM;SG	C
formande	formas	V.PTCP;PRS	V;PASS;IND;PRS	C
använda	använd	V;ACT;NFIN	V;IMP	C
löste	lös	V;ACT;IND;PST	V;IMP	C
lösaste	löse	ADJ;DEF;MASC;SG;SPRL	ADJ;DEF;MASC;SG	C
blottande	blottas	V.PTCP;PRS	V;PASS;IND;PRS	C
tyngste	tungt	ADJ;DEF;MASC;SG;SPRL	ADJ;INDF;NEUT;SG	C
förkunnat	förkunnar	V.CVB;ACT	V;ACT;IND;PRS	C
mötas	möttes	V;PASS;NFIN	V;PASS;IND;PST	C
släktets	släktes	N;DEF;GEN;SG	N;INDF;GEN;SG	C
blottar	blottas	V;ACT;IND;PRS	V;PASS;NFIN	C
offras	offras	V;PASS;IND;PRS	V;PASS;NFIN	C
öppnades	öppnas	V;PASS;IND;PST	V;PASS;IND;PRS	C
väduren	väduren	N;DEF;NOM;SG	N;DEF;NOM;SG	C
tala	talade	V;IMP	V;ACT;IND;PST	C
stött	stöttes	V.PTCP;PST	V;PASS;IND;PST	C
odjuret	odjurs	N;DEF;NOM;SG	N;INDF;GEN;PL	C
öppnats	öppnas	V.CVB;PASS	V;PASS;IND;PRS	C
antände	antänder	V;ACT;IND;PST	V;ACT;IND;PRS	C
rövas	rövade	V;PASS;NFIN	V;ACT;IND;PST	C
förmörkade	förmörkades	V;ACT;IND;PST	V;PASS;IND;PST	C
fästande	fästas	V.PTCP;PRS	V;PASS;NFIN	C
förmörkas	förmörka	V;PASS;IND;PRS	V;IMP	C
gemak	gemaket	N;INDF;NOM;PL	N;DEF;NOM;SG	C
beskärd	beskärt	ADJ;INDF;MASC+FEM;SG	ADJ;INDF;NEUT;SG	C
åra	åran	N;INDF;NOM;SG	N;DEF;NOM;SG	C
trycker	trycka	V;ACT;IND;PRS	V;ACT;NFIN	C
fatta	fattade	V;IMP	V;ACT;IND;PST	C
blottades	blotta	V;PASS;IND;PST	V;ACT;NFIN	C
dräps	dräptes	V;PASS;IND;PRS	V;PASS;IND;PST	C
beskärt	beskärt	ADJ;INDF;NEUT;SG	ADJ;INDF;NEUT;SG	C
spände	spände	ADJ;DEF;MASC;SG	ADJ;DEF;MASC;SG	C
äppelträden	äppelträds	N;DEF;NOM;PL	N;INDF;GEN;PL	C
renas	renade	V;PASS;IND;PRS	V;ACT;IND;PST	C
bevarad	bevaras	V.PTCP;PST	V;PASS;IND;PRS	C
beskärde	beskärt	ADJ;DEF;MASC;SG	ADJ;INDF;NEUT;SG	C
bevarades	bevaras	V;PASS;IND;PST	V;PASS;IND;PRS	C
fatta	fattade	V;IMP	V;ACT;IND;PST	C
snören	snöre	N;INDF;NOM;PL	N;INDF;NOM;SG	C
lösa	löse	ADJ;INDF;PL	ADJ;DEF;MASC;SG	C
fästes	fästas	V;PASS;IND;PST	V;PASS;NFIN	C
drogerna	drogens	N;DEF;NOM;PL	N;DEF;GEN;SG	C
stöttes	stöttes	V;PASS;IND;PST	V;PASS;IND;PST	C
undantaget	undantaget	ADJ;INDF;NEUT;SG	ADJ;INDF;NEUT;SG	C
svänger	svängdes	V;ACT;IND;PRS	V;PASS;IND;PST	C
öppnas	öppnas	V;PASS;IND;PRS	V;PASS;IND;PRS	C
vädur	väduren	N;INDF;NOM;SG	N;DEF;NOM;SG	C
upplöst	upplösas	V.PTCP;PST	V;PASS;NFIN	C
gäckas	gäckade	V;PASS;NFIN	V;ACT;IND;PST	C
tryckte	trycka	V;ACT;IND;PST	V;ACT;NFIN	C
utgjord	utgöra	V.PTCP;PST	V;ACT;NFIN	C
rövande	röva	V.PTCP;PRS	V;ACT;NFIN	C
täckt	täckt	ADJ;INDF;NEUT;SG	ADJ;INDF;NEUT;SG	C
namne	namnens	N;INDF;NOM;SG	N;DEF;GEN;SG	C
läs	lästes	V;IMP	V;PASS;IND;PST	C
löste	lös	V;ACT;IND;PST	V;IMP	C
minska	minskade	V;IMP	V;ACT;IND;PST	C
vävstolens	vävstol	N;DEF;GEN;SG	N;INDF;NOM;SG	C
kommuteras	kommuterar	V;PASS;NFIN	V;ACT;IND;PRS	C
redigeringskrig	redigeringskrigs	N;INDF;NOM;SG	N;INDF;GEN;SG	C
pärms	pärmars	N;INDF;GEN;SG	N;INDF;GEN;PL	C
sexhörningarnas	sexhörningars	N;DEF;GEN;PL	N;INDF;GEN;PL	C
dal	dalarna	N;INDF;NOM;SG	N;DEF;NOM;PL	C
yla	ylande	V;IMP	V.PTCP;PRS	C
indiskans	indiskorna	N;DEF;GEN;SG	N;DEF;NOM;PL	C
redaktionssekreterarnas	redaktionssekreteraren	N;DEF;GEN;PL	N;DEF;NOM;SG	C
masochists	masochisten	N;INDF;GEN;SG	N;DEF;NOM;SG	C
bordläggande	bordlägga	V.PTCP;PRS	V;ACT;NFIN	C
väljarnas	väljares	N;DEF;GEN;PL	N;INDF;GEN;PL	C
patrullerats	patrullerar	V.CVB;PASS	V;ACT;IND;PRS	C
busschaufförerna	busschaufförs	N;DEF;NOM;PL	N;INDF;GEN;SG	C
kirrande	kirrade	V.PTCP;PRS	V;ACT;IND;PST	C
holonym	holonymens	N;INDF;NOM;SG	N;DEF;GEN;SG	C
avgudens	avgudens	N;DEF;GEN;SG	N;DEF;GEN;SG	C
ungkarl	ungkarlens	N;INDF;NOM;SG	N;DEF;GEN;SG	C
hotfulle	hotfull	ADJ;DEF;MASC;SG	ADJ;INDF;MASC+FEM;SG	C
muskedundren	muskedundren	N;DEF;NOM;PL	N;DEF;NOM;PL	C
omnämnandenas	omnämnandes	N;DEF;GEN;PL	N;INDF;GEN;SG	C
kanslisekreterare	kanslisekreterare	N;INDF;NOM;SG	N;INDF;NOM;PL	C
preliminär	preliminäre	ADJ;INDF;MASC+FEM;SG	ADJ;DEF;MASC;SG	C
utspelad	utspelad	V.PTCP;PST	V.PTCP;PST	C
moppen	mopps	N;DEF;NOM;SG	N;INDF;GEN;SG	C
arbetskamrat	arbetskamraterna	N;INDF;NOM;SG	N;DEF;NOM;PL	C
beaktandeledens	beaktandeleds	N;DEF;GEN;PL	N;INDF;GEN;PL	C
beskrivningsspråken	beskrivningsspråk	N;DEF;NOM;PL	N;INDF;NOM;PL	C
fakultetsnämnden	fakultetsnämnden	N;DEF;NOM;SG	N;DEF;NOM;SG	C
radianer	radian	N;INDF;NOM;PL	N;INDF;NOM;SG	C
sandas	sandades	V;PASS;IND;PRS	V;PASS;IND;PST	C
ytteröra	ytterörats	N;INDF;NOM;SG	N;DEF;GEN;SG	C
skotsk	skotskt	ADJ;INDF;MASC+FEM;SG	ADJ;INDF;NEUT;SG	C
pingis	pingis	N;INDF;GEN;SG	N;INDF;NOM;SG	C
metern	meterna	N;DEF;NOM;SG	N;DEF;NOM;PL	C
varulvs	varulvarna	N;INDF;GEN;SG	N;DEF;NOM;PL	C
förspel	förspel	N;INDF;NOM;PL	N;INDF;NOM;SG	C
terroriserande	terroriserande	ADJ;DEF	ADJ;DEF;MASC;SG	C
undervattensbåtars	undervattensbåts	N;INDF;GEN;PL	N;INDF;GEN;SG	C
slutlige	slutlige	ADJ;DEF;MASC;SG	ADJ;DEF;MASC;SG	C
tillgängliggörs	tillgängliggjord	V;PASS;IND;PRS	V.PTCP;PST	C
byråkratiskt	byråkratiske	ADJ;INDF;NEUT;SG	ADJ;DEF;MASC;SG	C
viktiga	viktige	ADJ;DEF	ADJ;DEF;MASC;SG	C
repmånader	repmånaden	N;INDF;NOM;PL	N;DEF;NOM;SG	C
konsekventa	konsekvente	ADJ;INDF;PL	ADJ;DEF;MASC;SG	C
preliminärskattens	preliminärskatt	N;DEF;GEN;SG	N;INDF;NOM;SG	C
beställda	beställde	ADJ;INDF;PL	ADJ;DEF;MASC;SG	C
ambassadsekreterarnas	ambassadsekreterares	N;DEF;GEN;PL	N;INDF;GEN;SG	C
källingen	källingars	N;DEF;NOM;SG	N;INDF;GEN;PL	C
förledets	förledets	N;DEF;GEN;SG	N;DEF;GEN;SG	C
färgbildernas	färgbild	N;DEF;GEN;PL	N;INDF;NOM;SG	C
ponerad	ponerar	V.PTCP;PST	V;ACT;IND;PRS	C
eforn	efor	N;DEF;NOM;SG	N;INDF;NOM;SG	C
förenklad	förenklar	V.PTCP;PST	V;ACT;IND;PRS	C
musikallåt	musikallåtar	N;INDF;NOM;SG	N;INDF;NOM;PL	C
daggkåpan	daggkåpan	N;DEF;NOM;SG	N;DEF;NOM;SG	C
snökedja	snökedjorna	N;INDF;NOM;SG	N;DEF;NOM;PL	C
koffertarnas	koffertarna	N;DEF;GEN;PL	N;DEF;NOM;PL	C
granden	grandets	N;DEF;NOM;PL	N;DEF;GEN;SG	C
isters	isters	N;INDF;GEN;SG	N;INDF;GEN;SG	C
konverteras	konverterad	V;PASS;IND;PRS	V.PTCP;PST	C
elverken	elverken	N;DEF;NOM;PL	N;DEF;NOM;PL	C
förnimma	förnimmande	V;ACT;NFIN	V.PTCP;PRS	C
fångenskapens	fångenskaps	N;DEF;GEN;SG	N;INDF;GEN;SG	C
gestaltningars	gestaltning	N;INDF;GEN;PL	N;INDF;NOM;SG	C
framsäte	framsäten	N;INDF;NOM;SG	N;INDF;NOM;PL	C
korniskan	korniskan	N;DEF;NOM;SG	N;DEF;NOM;SG	C
alkoholism	alkoholismens	N;INDF;NOM;SG	N;DEF;GEN;SG	C
tryckarna	tryckarens	N;DEF;NOM;PL	N;DEF;GEN;SG	C
nyanseras	nyanseras	V;PASS;NFIN	V;PASS;IND;PRS	C
vektorfälts	vektorfälts	N;INDF;GEN;SG	N;INDF;GEN;PL	C
egyptologins	egyptologis	N;DEF;GEN;SG	N;INDF;GEN;SG	C
piercings	piercingars	N;INDF;GEN;SG	N;INDF;GEN;PL	C
ändligdimensionelle	ändligdimensionellt	ADJ;DEF;MASC;SG	ADJ;INDF;NEUT;SG	C
faktisk	faktisk	ADJ;INDF;MASC+FEM;SG	ADJ;INDF;MASC+FEM;SG	C
författningen	författningen	N;DEF;NOM;SG	N;DEF;NOM;SG	C
cabbars	cabbarna	N;INDF;GEN;PL	N;DEF;NOM;PL	C
flädermärgskulornas	flädermärgskulors	N;DEF;GEN;PL	N;INDF;GEN;PL	C
forskningsbiblioteks	forskningsbibliotek	N;INDF;GEN;SG	N;INDF;NOM;SG	C
vishet	vishets	N;INDF;NOM;SG	N;INDF;GEN;SG	C
historiska	historisk	ADJ;DEF	ADJ;INDF;MASC+FEM;SG	C
ymnighets	ymnighetens	N;INDF;GEN;SG	N;DEF;GEN;SG	C
hyresvärd	hyresvärden	N;INDF;NOM;SG	N;DEF;NOM;SG	C
förenklats	förenklad	V.CVB;PASS	V.PTCP;PST	C
kompilerats	kompilerar	V.CVB;PASS	V;ACT;IND;PRS	C
massakern	massakerns	N;DEF;NOM;SG	N;DEF;GEN;SG	C
terapeuter	terapeuts	N;INDF;NOM;PL	N;INDF;GEN;SG	C
blidkas	blidkad	V;PASS;NFIN	V.PTCP;PST	C
kartografiska	kartografisk	ADJ;INDF;PL	ADJ;INDF;MASC+FEM;SG	C
örfilarnas	örfilarna	N;DEF;GEN;PL	N;DEF;NOM;PL	C
förvånas	förvånade	V;PASS;IND;PRS	V;ACT;IND;PST	C
höghjulingarna	höghjuling	N;DEF;NOM;PL	N;INDF;NOM;SG	C
kemikaliens	kemikaliens	N;DEF;GEN;SG	N;DEF;GEN;SG	C
avhärvlade	avhärvlat	ADJ;INDF;PL	ADJ;INDF;NEUT;SG	C
ratificerades	ratificera	V;PASS;IND;PST	V;IMP	C
sköte	skötet	N;INDF;NOM;SG	N;DEF;NOM;SG	C
halsbanden	halsband	N;DEF;NOM;PL	N;INDF;NOM;SG	C
koncentrerande	koncentrera	V.PTCP;PRS	V;ACT;NFIN	C
golfklubbs	golfklubbens	N;INDF;GEN;SG	N;DEF;GEN;SG	C
determinant	determinanter	N;INDF;NOM;SG	N;INDF;NOM;PL	C
bakgrundsstrålnings	bakgrundsstrålnings	N;INDF;GEN;SG	N;INDF;GEN;SG	C
kvantifierade	kvantifiera	V;ACT;IND;PST	V;ACT;NFIN	C
embarkeringskort	embarkeringskort	N;INDF;NOM;SG	N;INDF;NOM;SG	C
eskimåernas	eskimåer	N;DEF;GEN;PL	N;INDF;NOM;PL	C
påvars	påves	N;INDF;GEN;PL	N;INDF;GEN;SG	C
polarforsknings	polarforsknings	N;INDF;GEN;SG	N;INDF;GEN;SG	C
besegrades	besegra	V;PASS;IND;PST	V;ACT;NFIN	C
pennalen	pennalens	N;DEF;NOM;SG	N;DEF;GEN;SG	C
assisterad	assisterade	V.PTCP;PST	V;ACT;IND;PST	C
skulptör	skulptörs	N;INDF;NOM;SG	N;INDF;GEN;SG	C
bovarna	bovs	N;DEF;NOM;PL	N;INDF;GEN;SG	C
clowneri	clowneriet	N;INDF;NOM;SG	N;DEF;NOM;SG	C
bryggkaffets	bryggkaffet	N;DEF;GEN;SG	N;DEF;NOM;SG	C
svepts	svepande	V.CVB;PASS	V.PTCP;PRS	C
satsa	satsar	V;IMP	V;ACT;IND;PRS	C
participet	particips	N;DEF;NOM;SG	N;INDF;GEN;SG	C
vakansers	vakansers	N;INDF;GEN;PL	N;INDF;GEN;PL	C
består	bestå	V;ACT;IND;PRS	V;IMP	C
omdefinierande	omdefinierande	V.PTCP;PRS	V.PTCP;PRS	C
doktrins	doktriners	N;INDF;GEN;SG	N;INDF;GEN;PL	C
eolsharpor	eolsharpors	N;INDF;NOM;PL	N;INDF;GEN;PL	C
stjärtars	stjärten	N;INDF;GEN;PL	N;DEF;NOM;SG	C
radavståndets	radavståndet	N;DEF;GEN;SG	N;DEF;NOM;SG	C
villkor	villkoren	N;INDF;NOM;SG	N;DEF;NOM;PL	C
nejlikornas	nejlikan	N;DEF;GEN;PL	N;DEF;NOM;SG	C
kvaddas	kvaddar	V;PASS;IND;PRS	V;ACT;IND;PRS	C
retstickor	retsticka	N;INDF;NOM;PL	N;INDF;NOM;SG	C
förgiftade	förgiftad	V;ACT;IND;PST	V.PTCP;PST	C
isotonens	isotoner	N;DEF;GEN;SG	N;INDF;NOM;PL	C
vattenkonsts	vattenkonster	N;INDF;GEN;SG	N;INDF;NOM;PL	C
överlevnaden	överlevnad	N;DEF;NOM;SG	N;INDF;NOM;SG	C
formeln	formeln	N;DEF;NOM;SG	N;DEF;NOM;SG	C
myste	mysande	V;ACT;IND;PST	V.PTCP;PRS	C
valrossar	valrossars	N;INDF;NOM;PL	N;INDF;GEN;PL	C
kära	käre	ADJ;DEF	ADJ;DEF;MASC;SG	C
agitatorns	agitatorer	N;DEF;GEN;SG	N;INDF;NOM;PL	C
retronym	retronymens	N;INDF;NOM;SG	N;DEF;GEN;SG	C
duad	duande	V.PTCP;PST	V.PTCP;PRS	C
klämdagarna	klämdagar	N;DEF;NOM;PL	N;INDF;NOM;PL	C
suddar	sudda	V;ACT;IND;PRS	V;ACT;NFIN	C
X-kromosomens	X-kromosom	N;DEF;GEN;SG	N;INDF;NOM;SG	C
blåhaken	blåhakarna	N;DEF;NOM;SG	N;DEF;NOM;PL	C
twittras	twittrande	V;PASS;NFIN	V.PTCP;PRS	C
trädstammens	trädstammen	N;DEF;GEN;SG	N;DEF;NOM;SG	C
domänens	domänerna	N;DEF;GEN;SG	N;DEF;NOM;PL	C
kvantiteter	kvantiteter	N;INDF;NOM;PL	N;INDF;NOM;PL	C
altruisternas	altruisters	N;DEF;GEN;PL	N;INDF;GEN;PL	C
tjugofemöringarna	tjugofemöringens	N;DEF;NOM;PL	N;DEF;GEN;SG	C
barrskogar	barrskog	N;INDF;NOM;PL	N;INDF;NOM;SG	C
massförstörelsevapens	massförstörelsevapen	N;INDF;GEN;PL	N;INDF;NOM;PL	C
noggrant	noggranne	ADJ;INDF;NEUT;SG	ADJ;DEF;MASC;SG	C
epitet	epitetet	N;INDF;NOM;PL	N;DEF;NOM;SG	C
bokriser	bokrisen	N;INDF;NOM;PL	N;DEF;NOM;SG	C
fungerar	fungerade	V;ACT;IND;PRS	V;ACT;IND;PST	C
oskadliggör	oskadliggjorde	V;IMP	V;ACT;IND;PST	C
färgat	färgad	ADJ;INDF;NEUT;SG	ADJ;INDF;MASC+FEM;SG	C
korsord	korsordet	N;INDF;NOM;SG	N;DEF;NOM;SG	C
seds	sedens	N;INDF;GEN;SG	N;DEF;GEN;SG	C
fackverket	fackverk	N;DEF;NOM;SG	N;INDF;NOM;PL	C
grundämne	grundämnet	N;INDF;NOM;SG	N;DEF;NOM;SG	C
katalanske	katalansk	ADJ;DEF;MASC;SG	ADJ;INDF;MASC+FEM;SG	C
bigamis	bigamis	N;INDF;GEN;SG	N;INDF;GEN;SG	C
såpbubblorna	såpbubblors	N;DEF;NOM;PL	N;INDF;GEN;PL	C
webbplats	webbplatser	N;INDF;NOM;SG	N;INDF;NOM;PL	C
tröghet	tröghet	N;INDF;NOM;SG	N;INDF;NOM;SG	C
utkom	utkommen	V;IMP	V.PTCP;PST	C
åklagande	åklagar	V.PTCP;PRS	V;ACT;IND;PRS	C
strålen	strålen	N;DEF;NOM;SG	N;DEF;NOM;SG	C
gallerior	galleriorna	N;INDF;NOM;PL	N;DEF;NOM;PL	C
mös	möers	N;INDF;GEN;SG	N;INDF;GEN;PL	C
åtalas	åtalar	V;PASS;NFIN	V;ACT;IND;PRS	C
sexpacket	sexpacks	N;DEF;NOM;SG	N;INDF;GEN;PL	C
levererade	leverera	V;ACT;IND;PST	V;IMP	C
brandväggarnas	brandväggar	N;DEF;GEN;PL	N;INDF;NOM;PL	C
allmänspråklige	allmänspråklige	ADJ;DEF;MASC;SG	ADJ;DEF;MASC;SG	C
byrådirektör	byrådirektörer	N;INDF;NOM;SG	N;INDF;NOM;PL	C
kinesens	kines	N;DEF;GEN;SG	N;INDF;NOM;SG	C
rödhaken	rödhakars	N;DEF;NOM;SG	N;INDF;GEN;PL	C
tillgodogöra	tillgodogör	V;ACT;NFIN	V;ACT;IND;PRS	C
qvadrater	qvadrats	N;INDF;NOM;PL	N;INDF;GEN;SG	C
laman	lamans	N;DEF;NOM;SG	N;DEF;GEN;SG	C
betecknat	betecknad	ADJ;INDF;NEUT;SG	ADJ;INDF;MASC+FEM;SG	C
svavelväte	svavelvätes	N;INDF;NOM;SG	N;INDF;GEN;SG	C
åttondelar	åttondelars	N;INDF;NOM;PL	N;INDF;GEN;PL	C
samfund	samfunds	N;INDF;NOM;SG	N;INDF;GEN;PL	C
åtnjutas	åtnjuta	V;PASS;NFIN	V;ACT;NFIN	C
småviltet	småvilts	N;DEF;NOM;SG	N;INDF;GEN;SG	C
uppställa	uppställde	V;ACT;NFIN	V;ACT;IND;PST	C
underskrifts	underskriften	N;INDF;GEN;SG	N;DEF;NOM;SG	C
gross	grossen	N;INDF;GEN;SG	N;DEF;NOM;PL	C
skörten	skörtet	N;DEF;NOM;PL	N;DEF;NOM;SG	C
spårade	spåra	V;ACT;IND;PST	V;IMP	C
packets	pack	N;DEF;GEN;SG	N;INDF;NOM;SG	C
slipat	slipas	V.CVB;ACT	V;PASS;IND;PRS	C
citrusfrukten	citrusfrukters	N;DEF;NOM;SG	N;INDF;GEN;PL	C
atomfysikens	atomfysik	N;DEF;GEN;SG	N;INDF;NOM;SG	C
kristadelfianernas	kristadelfians	N;DEF;GEN;PL	N;INDF;GEN;SG	C
vinterdäck	vinterdäckets	N;INDF;NOM;SG	N;DEF;GEN;SG	C
specialtecknets	specialtecken	N;DEF;GEN;SG	N;INDF;NOM;PL	C
federationer	federationer	N;INDF;NOM;PL	N;INDF;NOM;PL	C
knäveck	knäveckets	N;INDF;NOM;SG	N;DEF;GEN;SG	C
kilarna	kilarna	N;DEF;NOM;PL	N;DEF;NOM;PL	C
ballonger	ballonger	N;INDF;NOM;PL	N;INDF;NOM;PL	C
tv:n	tv:n	N;DEF;NOM;SG	N;DEF;NOM;SG	C
drängen	drängs	N;DEF;NOM;SG	N;INDF;GEN;SG	C
kuf	kufarna	N;INDF;NOM;SG	N;DEF;NOM;PL	C
bordat	bordas	V.CVB;ACT	V;PASS;IND;PRS	C
benämns	benämnande	V;PASS;IND;PRS	V.PTCP;PRS	C
resecheckens	resecheckars	N;DEF;GEN;SG	N;INDF;GEN;PL	C
spanjorers	spanjors	N;INDF;GEN;PL	N;INDF;GEN;SG	C
fakulteternas	fakultet	N;DEF;GEN;PL	N;INDF;NOM;SG	C
ripjakts	ripjaktens	N;INDF;GEN;SG	N;DEF;GEN;SG	C
infiltreras	infiltrerades	V;PASS;NFIN	V;PASS;IND;PST	C
brassat	brassades	V.CVB;ACT	V;PASS;IND;PST	C
bombarderats	bombarderades	V.CVB;PASS	V;PASS;IND;PST	C
antropologins	antropologin	N;DEF;GEN;SG	N;DEF;NOM;SG	C
bergochdalbanors	bergochdalbanorna	N;INDF;GEN;PL	N;DEF;NOM;PL	C
frisörers	frisörens	N;INDF;GEN;PL	N;DEF;GEN;SG	C
fotgängaren	fotgängarna	N;DEF;NOM;SG	N;DEF;NOM;PL	C
docerade	docerande	V;ACT;IND;PST	V.PTCP;PRS	C
cypriotiskas	cypriotiska	N;INDF;GEN;SG	N;INDF;NOM;SG	C
signera	signerade	V;IMP	V;ACT;IND;PST	C
förtövades	förtövande	V;PASS;IND;PST	V.PTCP;PRS	C
beskyddarens	beskyddare	N;DEF;GEN;SG	N;INDF;NOM;PL	C
referera	refererande	V;ACT;NFIN	V.PTCP;PRS	C
blödas	blödd	V;PASS;NFIN	V.PTCP;PST	C
kommunikationers	kommunikations	N;INDF;GEN;PL	N;INDF;GEN;SG	C
stridsmedels	stridsmedel	N;INDF;GEN;PL	N;INDF;NOM;PL	C
flunsornas	flunsors	N;DEF;GEN;PL	N;INDF;GEN;PL	C
pråmars	pråmar	N;INDF;GEN;PL	N;INDF;NOM;PL	C
uppmanande	uppmana	V.PTCP;PRS	V;ACT;NFIN	C
tänkares	tänkare	N;INDF;GEN;PL	N;INDF;NOM;PL	C
västliga	västlig	ADJ;DEF	ADJ;INDF;MASC+FEM;SG	C
asbest	asbestens	N;INDF;NOM;SG	N;DEF;GEN;SG	C
muggen	muggar	N;DEF;NOM;SG	N;INDF;NOM;PL	C
moppar	moppars	N;INDF;NOM;PL	N;INDF;GEN;PL	C
mittpunkts	mittpunkten	N;INDF;GEN;SG	N;DEF;NOM;SG	C
5-öringens	5-öring	N;DEF;GEN;SG	N;INDF;NOM;SG	C
kolumnbredder	kolumnbredd	N;INDF;NOM;PL	N;INDF;NOM;SG	C
nyktre	nyktre	ADJ;DEF;MASC;SG	ADJ;DEF;MASC;SG	C
torkarnas	torkare	N;DEF;GEN;PL	N;INDF;NOM;PL	C
manchesters	manchesters	N;INDF;GEN;SG	N;INDF;GEN;SG	C
laotiskans	laotiskans	N;DEF;GEN;SG	N;DEF;GEN;SG	C
rumäner	rumänen	N;INDF;NOM;PL	N;DEF;NOM;SG	C
tatuerarnas	tatuerares	N;DEF;GEN;PL	N;INDF;GEN;SG	C
accent	accenterna	N;INDF;NOM;SG	N;DEF;NOM;PL	C
chipspåsarnas	chipspåsars	N;DEF;GEN;PL	N;INDF;GEN;PL	C
örtagård	örtagårdar	N;INDF;NOM;SG	N;INDF;NOM;PL	C
kraftkabels	kraftkabeln	N;INDF;GEN;SG	N;DEF;NOM;SG	C
joden	jodens	N;DEF;NOM;SG	N;DEF;GEN;SG	C
falsifierad	falsifierade	ADJ;INDF;MASC+FEM;SG	ADJ;DEF;MASC;SG	C
närståendes	närstående	N;INDF;GEN;SG	N;INDF;NOM;SG	C
mandatet	mandatet	N;DEF;NOM;SG	N;DEF;NOM;SG	C
dörjade	dörjande	V;ACT;IND;PST	V.PTCP;PRS	C
trumpetare	trumpetare	N;INDF;NOM;SG	N;INDF;NOM;SG	C
rannsakas	rannsakas	V;PASS;NFIN	V;PASS;NFIN	C
anrättningars	anrättningar	N;INDF;GEN;PL	N;INDF;NOM;PL	C
torts	tordes	V.CVB;ACT	V;ACT;IND;PST	C
episteln	epistel	N;DEF;NOM;SG	N;INDF;NOM;SG	C
ugglas	ugglors	N;INDF;GEN;SG	N;INDF;GEN;PL	C
cichliders	cichlids	N;INDF;GEN;PL	N;INDF;GEN;SG	C
tyristorer	tyristorerna	N;INDF;NOM;PL	N;DEF;NOM;PL	C
ryggsims	ryggsimmet	N;INDF;GEN;SG	N;DEF;NOM;SG	C
duetts	duetterna	N;INDF;GEN;SG	N;DEF;NOM;PL	C
koncentrationer	koncentrationerna	N;INDF;NOM;PL	N;DEF;NOM;PL	C
energifrågor	energifrågor	N;INDF;NOM;PL	N;INDF;NOM;PL	C
sidensvans	sidensvansar	N;INDF;GEN;SG	N;INDF;NOM;PL	C
tvillings	tvillingar	N;INDF;GEN;SG	N;INDF;NOM;PL	C
värmebehandlat	värmebehandlar	V.CVB;ACT	V;ACT;IND;PRS	C
rappad	rappande	V.PTCP;PST	V.PTCP;PRS	C
amperena	amperena	N;DEF;NOM;PL	N;DEF;NOM;PL	C
diskuterats	diskuteras	V.CVB;PASS	V;PASS;IND;PRS	C
gasta	gastade	V;IMP	V;ACT;IND;PST	C
citronsyran	citronsyrans	N;DEF;NOM;SG	N;DEF;GEN;SG	C
musikinstrument	musikinstruments	N;INDF;NOM;PL	N;INDF;GEN;SG	C
inägorna	inägas	N;DEF;NOM;PL	N;INDF;GEN;SG	C
ventilers	ventilens	N;INDF;GEN;PL	N;DEF;GEN;SG	C
bildsidan	bildsidor	N;DEF;NOM;SG	N;INDF;NOM;PL	C
kvantifierar	kvantifierade	V;ACT;IND;PRS	V;ACT;IND;PST	C
morfism	morfismerna	N;INDF;NOM;SG	N;DEF;NOM;PL	C
mysteriums	mysterier	N;INDF;GEN;SG	N;INDF;NOM;PL	C
byråassistenterna	byråassistents	N;DEF;NOM;PL	N;INDF;GEN;SG	C
guldfiskarna	guldfiskarna	N;DEF;NOM;PL	N;DEF;NOM;PL	C
trugat	trugad	V.CVB;ACT	V.PTCP;PST	C
åskvädrens	åskväder	N;DEF;GEN;PL	N;INDF;NOM;PL	C
limpan	limpans	N;DEF;NOM;SG	N;DEF;GEN;SG	C
leksak	leksakerna	N;INDF;NOM;SG	N;DEF;NOM;PL	C
defenestrerat	defenestrerad	V.CVB;ACT	V.PTCP;PST	C
altruistiskt	altruistisk	ADJ;INDF;NEUT;SG	ADJ;INDF;MASC+FEM;SG	C
överseende	översedd	V.PTCP;PRS	V.PTCP;PST	C
stickmygga	stickmyggor	N;INDF;NOM;SG	N;INDF;NOM;PL	C
skymmas	skymd	V;PASS;NFIN	V.PTCP;PST	C
kolonisters	kolonistens	N;INDF;GEN;PL	N;DEF;GEN;SG	C
svastikornas	svastikans	N;DEF;GEN;PL	N;DEF;GEN;SG	C
brunbjörnarna	brunbjörnar	N;DEF;NOM;PL	N;INDF;NOM;PL	C
debattörerna	debattörer	N;DEF;NOM;PL	N;INDF;NOM;PL	C
homograferna	homografens	N;DEF;NOM;PL	N;DEF;GEN;SG	C
näpna	näpet	ADJ;DEF	ADJ;INDF;NEUT;SG	C
provisorierna	provisoriers	N;DEF;NOM;PL	N;INDF;GEN;PL	C
glåporden	glåpords	N;DEF;NOM;PL	N;INDF;GEN;SG	C
annex	annexet	N;INDF;GEN;SG	N;DEF;NOM;SG	C
mustens	mustens	N;DEF;GEN;SG	N;DEF;GEN;SG	C
lavarnas	lavs	N;DEF;GEN;PL	N;INDF;GEN;SG	C
örtagård	örtagårdars	N;INDF;NOM;SG	N;INDF;GEN;PL	C
arrestera	arrestera	V;IMP	V;IMP	C
butikskedjor	butikskedja	N;INDF;NOM;PL	N;INDF;NOM;SG	C
etiketten	etiketterna	N;DEF;NOM;SG	N;DEF;NOM;PL	C
uteslöts	utesluts	V;PASS;IND;PST	V;PASS;IND;PRS	C
befordrans	befordran	N;DEF;GEN;SG	N;INDF;NOM;SG	C
terrorismens	terrorismens	N;DEF;GEN;SG	N;DEF;GEN;SG	C
omdefinierar	omdefinierades	V;ACT;IND;PRS	V;PASS;IND;PST	C
riksantikvarien	riksantikvarien	N;DEF;NOM;SG	N;DEF;NOM;SG	C
tillgängligheten	tillgänglighet	N;DEF;NOM;SG	N;INDF;NOM;SG	C
sprängmedlen	sprängmedel	N;DEF;NOM;PL	N;INDF;NOM;PL	C
bagateller	bagatells	N;INDF;NOM;PL	N;INDF;GEN;SG	C
delgrupperna	delgrupp	N;DEF;NOM;PL	N;INDF;NOM;SG	C
diesel	diesel	N;INDF;NOM;SG	N;INDF;NOM;SG	C
kapitalisternas	kapitalisterna	N;DEF;GEN;PL	N;DEF;NOM;PL	C
sy	syddes	V;ACT;NFIN	V;PASS;IND;PST	C
bridges	bridge	N;INDF;GEN;SG	N;INDF;NOM;SG	C
ovanorna	ovanor	N;DEF;NOM;PL	N;INDF;NOM;PL	C
cykelhandlares	cykelhandlaren	N;INDF;GEN;SG	N;DEF;NOM;SG	C
deklarerar	deklarera	V;ACT;IND;PRS	V;ACT;NFIN	C
notställens	notställ	N;DEF;GEN;PL	N;INDF;NOM;SG	C
lodjurens	lodjuret	N;DEF;GEN;PL	N;DEF;NOM;SG	C
vidhäftade	vidhäftande	V;ACT;IND;PST	V.PTCP;PRS	C
återbesök	återbesöken	N;INDF;NOM;SG	N;DEF;NOM;PL	C
socialförsäkringsministers	socialförsäkringsministrar	N;INDF;GEN;SG	N;INDF;NOM;PL	C
medelhavet	medelhavs	N;DEF;NOM;SG	N;INDF;GEN;SG	C
rättvisans	rättvisan	N;DEF;GEN;SG	N;DEF;NOM;SG	C
fanfaronaders	fanfaronads	N;INDF;GEN;PL	N;INDF;GEN;SG	C
nertiders	nertiders	N;INDF;GEN;PL	N;INDF;GEN;PL	C
trofastheten	trofasthet	N;DEF;NOM;SG	N;INDF;NOM;SG	C
ässets	ässen	N;DEF;GEN;SG	N;DEF;NOM;PL	C
högskolestyrelsernas	högskolestyrelses	N;DEF;GEN;PL	N;INDF;GEN;SG	C
utgiftstakets	utgiftstaken	N;DEF;GEN;SG	N;DEF;NOM;PL	C
bastet	bast	N;DEF;NOM;SG	N;INDF;NOM;SG	C
mitokondries	mitokondriers	N;INDF;GEN;SG	N;INDF;GEN;PL	C
utbytena	utbytes	N;DEF;NOM;PL	N;INDF;GEN;SG	C
filter	filtren	N;INDF;NOM;PL	N;DEF;NOM;PL	C
spenderar	spenderande	V;ACT;IND;PRS	V.PTCP;PRS	C
jeeparna	jeeparna	N;DEF;NOM;PL	N;DEF;NOM;PL	C
minimera	minimera	V;IMP	V;ACT;NFIN	C
fingeravtryckets	fingeravtrycks	N;DEF;GEN;SG	N;INDF;GEN;SG	C
departementschefers	departementschefens	N;INDF;GEN;PL	N;DEF;GEN;SG	C
koffert	kofferts	N;INDF;NOM;SG	N;INDF;GEN;SG	C
yrkesutövningen	yrkesutövningen	N;DEF;NOM;SG	N;DEF;NOM;SG	C
procentenheten	procentenheten	N;DEF;NOM;SG	N;DEF;NOM;SG	C
långtradares	långtradaren	N;INDF;GEN;SG	N;DEF;NOM;SG	C
systematiseras	systematiserad	V;PASS;NFIN	V.PTCP;PST	C
villig	villig	ADJ;INDF;MASC+FEM;SG	ADJ;INDF;MASC+FEM;SG	C
ondast	ond	ADJ;INDF;MASC+FEM;SG;SPRL	ADJ;INDF;MASC+FEM;SG	C
arkivarierna	arkivariens	N;DEF;NOM;PL	N;DEF;GEN;SG	C
indoktrineras	indoktrinera	V;PASS;IND;PRS	V;ACT;NFIN	C
genomslagets	genomslaget	N;DEF;GEN;SG	N;DEF;NOM;SG	C
interagera	interagerade	V;IMP	V;ACT;IND;PST	C
retirerat	retirera	V.CVB;ACT	V;ACT;NFIN	C
tålmodiga	tålmodigt	ADJ;INDF;PL	ADJ;INDF;NEUT;SG	C
arrendes	arrendena	N;INDF;GEN;SG	N;DEF;NOM;PL	C
konvoluts	konvoluts	N;INDF;GEN;PL	N;INDF;GEN;SG	C
albanskas	albanskas	N;INDF;GEN;SG	N;INDF;GEN;SG	C
versioner	versionerna	N;INDF;NOM;PL	N;DEF;NOM;PL	C
antimaterias	antimaterian	N;INDF;GEN;SG	N;DEF;NOM;SG	C
vilde	vilt	ADJ;DEF;MASC;SG	ADJ;INDF;NEUT;SG	C
varieras	varierades	V;PASS;NFIN	V;PASS;IND;PST	C
juicen	juices	N;DEF;NOM;SG	N;INDF;GEN;SG	C
inramningen	inramningars	N;DEF;NOM;SG	N;INDF;GEN;PL	C
skånken	skånks	N;DEF;NOM;SG	N;INDF;GEN;SG	C
gravitation	gravitationens	N;INDF;NOM;SG	N;DEF;GEN;SG	C
hjortar	hjorts	N;INDF;NOM;PL	N;INDF;GEN;SG	C
manliga	manlige	ADJ;DEF	ADJ;DEF;MASC;SG	C
vinylskivornas	vinylskiva	N;DEF;GEN;PL	N;INDF;NOM;SG	C
skalärprodukter	skalärprodukter	N;INDF;NOM;PL	N;INDF;NOM;PL	C
tyglas	tyglades	V;PASS;NFIN	V;PASS;IND;PST	C
utvandrade	utvandrande	V;ACT;IND;PST	V.PTCP;PRS	C
relaterar	relaterar	V;ACT;IND;PRS	V;ACT;IND;PRS	C
kulminera	kulminerar	V;ACT;NFIN	V;ACT;IND;PRS	C
obegränsae	obegränsae	ADJ;DEF	ADJ;DEF;MASC;SG	C
uppvärmning	uppvärmning	N;INDF;NOM;SG	N;INDF;NOM;SG	C
ordnings	ordningens	N;INDF;GEN;SG	N;DEF;GEN;SG	C
läroverk	läroverket	N;INDF;NOM;SG	N;DEF;NOM;SG	C
antikvarien	antikvarier	N;DEF;NOM;SG	N;INDF;NOM;PL	C
indoktrinerings	indoktrineringen	N;INDF;GEN;SG	N;DEF;NOM;SG	C
systerson	systersonen	N;INDF;NOM;SG	N;DEF;NOM;SG	C
krondikena	krondiken	N;DEF;NOM;PL	N;INDF;NOM;PL	C
julaftnarnas	julaftonens	N;DEF;GEN;PL	N;DEF;GEN;SG	C
överdomstolen	överdomstols	N;DEF;NOM;SG	N;INDF;GEN;SG	C
räkornas	räkor	N;DEF;GEN;PL	N;INDF;NOM;PL	C
krockarnas	krockars	N;DEF;GEN;PL	N;INDF;GEN;PL	C
oxideras	oxiderande	V;PASS;IND;PRS	V.PTCP;PRS	C
förfrågans	förfrågans	N;INDF;GEN;SG	N;DEF;GEN;SG	C
embarkeringskortens	embarkeringskortets	N;DEF;GEN;PL	N;DEF;GEN;SG	C
killingarnas	killingar	N;DEF;GEN;PL	N;INDF;NOM;PL	C
snutits	snuten	V.CVB;PASS	V.PTCP;PST	C
bronsmedaljs	bronsmedalj	N;INDF;GEN;SG	N;INDF;NOM;SG	C
upptäckte	upptäcks	V;ACT;IND;PST	V;PASS;IND;PRS	C
malströmmar	malströmmarna	N;INDF;NOM;PL	N;DEF;NOM;PL	C
droppat	droppade	V.CVB;ACT	V;ACT;IND;PST	C
infogad	infogade	V.PTCP;PST	V;ACT;IND;PST	C
steningar	steningen	N;INDF;NOM;PL	N;DEF;NOM;SG	C
legitimiteten	legitimitetens	N;DEF;NOM;SG	N;DEF;GEN;SG	C
föräldralösa	föräldralöst	ADJ;DEF	ADJ;INDF;NEUT;SG	C
insamlade	insamlande	V;ACT;IND;PST	V.PTCP;PRS	C
årtusendes	årtusendena	N;INDF;GEN;SG	N;DEF;NOM;PL	C
händelsehorisonter	händelsehorisonten	N;INDF;NOM;PL	N;DEF;NOM;SG	C
sedvänja	sedvänjor	N;INDF;NOM;SG	N;INDF;NOM;PL	C
ballongpelare	ballongpelare	N;INDF;NOM;SG	N;INDF;NOM;SG	C
fegisars	fegisens	N;INDF;GEN;PL	N;DEF;GEN;SG	C
mög	mögs	N;INDF;NOM;SG	N;INDF;GEN;SG	C
fallera	fallerar	V;ACT;NFIN	V;ACT;IND;PRS	C
lönnmördats	lönnmördas	V.CVB;PASS	V;PASS;IND;PRS	C
gäspar	gäsparna	N;INDF;NOM;PL	N;DEF;NOM;PL	C
raggmunkarna	raggmunk	N;DEF;NOM;PL	N;INDF;NOM;SG	C
musikliv	musikliv	N;INDF;NOM;SG	N;INDF;NOM;SG	C
smaragden	smaragders	N;DEF;NOM;SG	N;INDF;GEN;PL	C
ledarsidorna	ledarsidor	N;DEF;NOM;PL	N;INDF;NOM;PL	C
preciseras	preciserade	V;PASS;IND;PRS	V;ACT;IND;PST	C
paketera	paketerar	V;ACT;NFIN	V;ACT;IND;PRS	C
borstars	borsten	N;INDF;GEN;PL	N;DEF;NOM;SG	C
värdemängds	värdemängds	N;INDF;GEN;SG	N;INDF;GEN;SG	C
licentiaten	licentiats	N;DEF;NOM;SG	N;INDF;GEN;SG	C
fornengelskan	fornengelskan	N;DEF;NOM;SG	N;DEF;NOM;SG	C
cyklotroners	cyklotroners	N;INDF;GEN;PL	N;INDF;GEN;PL	C
grymmare	grymme	ADJ;INDF;PL;COMPV	ADJ;DEF;MASC;SG	C
anglicism	anglicismen	N;INDF;NOM;SG	N;DEF;NOM;SG	C
klon	kloner	N;INDF;NOM;SG	N;INDF;NOM;PL	C
medfödde	medfödde	ADJ;DEF;MASC;SG	ADJ;DEF;MASC;SG	C
bergfinkars	bergfinken	N;INDF;GEN;PL	N;DEF;NOM;SG	C
cykelpump	cykelpumparna	N;INDF;NOM;SG	N;DEF;NOM;PL	C
löjtnantens	löjtnanten	N;DEF;GEN;SG	N;DEF;NOM;SG	C
ospontant	ospontane	ADJ;INDF;NEUT;SG	ADJ;DEF;MASC;SG	C
sjöslag	sjöslagen	N;INDF;NOM;PL	N;DEF;NOM;PL	C
justitiekanslerer	justitiekanslerns	N;INDF;NOM;PL	N;DEF;GEN;SG	C
restaurerar	restaurerades	V;ACT;IND;PRS	V;PASS;IND;PST	C
snödroppens	snödroppe	N;DEF;GEN;SG	N;INDF;NOM;SG	C
finansmarknadens	finansmarknaderna	N;DEF;GEN;SG	N;DEF;NOM;PL	C
aktivismen	aktivismen	N;DEF;NOM;SG	N;DEF;NOM;SG	C
avbildades	avbildande	V;PASS;IND;PST	V.PTCP;PRS	C
intellektuella	intellektuellt	ADJ;INDF;PL	ADJ;INDF;NEUT;SG	C
surdegarna	surdegen	N;DEF;NOM;PL	N;DEF;NOM;SG	C
assisterad	assisterar	V.PTCP;PST	V;ACT;IND;PRS	C
fjortondel	fjortondel	N;INDF;NOM;SG	N;INDF;NOM;SG	C
rymdfysiks	rymdfysikens	N;INDF;GEN;SG	N;DEF;GEN;SG	C
klämdagarna	klämdag	N;DEF;NOM;PL	N;INDF;NOM;SG	C
arkeologens	arkeologen	N;DEF;GEN;SG	N;DEF;NOM;SG	C
rustningarnas	rustningars	N;DEF;GEN;PL	N;INDF;GEN;PL	C
skjuls	skjul	N;INDF;GEN;PL	N;INDF;NOM;PL	C
kokosnötters	kokosnöts	N;INDF;GEN;PL	N;INDF;GEN;SG	C
kvällstidningarnas	kvällstidnings	N;DEF;GEN;PL	N;INDF;GEN;SG	C
galningen	galningars	N;DEF;NOM;SG	N;INDF;GEN;PL	C
sjudande	sjöds	V.PTCP;PRS	V;PASS;IND;PST	C
argentinskans	argentinskorna	N;DEF;GEN;SG	N;DEF;NOM;PL	C
kexet	kexets	N;DEF;NOM;SG	N;DEF;GEN;SG	C
sanerade	sanera	V;ACT;IND;PST	V;IMP	C
mårkorna	mårkor	N;DEF;NOM;PL	N;INDF;NOM;PL	C
centralafrikaners	centralafrikan	N;INDF;GEN;PL	N;INDF;NOM;SG	C
bestämmande	bestämmer	V.PTCP;PRS	V;ACT;IND;PRS	C
kronologiska	kronologiske	ADJ;DEF	ADJ;DEF;MASC;SG	C
censors	censor	N;INDF;GEN;SG	N;INDF;NOM;SG	C
köksön	köksöars	N;DEF;NOM;SG	N;INDF;GEN;PL	C
länsledningar	länsledningens	N;INDF;NOM;PL	N;DEF;GEN;SG	C
delade	delat	ADJ;DEF	ADJ;INDF;NEUT;SG	C
porträtterad	porträtterade	V.PTCP;PST	V;ACT;IND;PST	C
slagverkaren	slagverkares	N;DEF;NOM;SG	N;INDF;GEN;SG	C
kvacksalvares	kvacksalvares	N;INDF;GEN;PL	N;INDF;GEN;SG	C
vishets	visheten	N;INDF;GEN;SG	N;DEF;NOM;SG	C
rökrutor	rökrutas	N;INDF;NOM;PL	N;INDF;GEN;SG	C
basketbollarnas	basketbollar	N;DEF;GEN;PL	N;INDF;NOM;PL	C
slidans	slidans	N;DEF;GEN;SG	N;DEF;GEN;SG	C
prokrastinerande	prokrastinera	V.PTCP;PRS	V;IMP	C
sädesledarens	sädesledaren	N;DEF;GEN;SG	N;DEF;NOM;SG	C
tillkommelsen	tillkommelsens	N;DEF;NOM;SG	N;DEF;GEN;SG	C
dunstats	dunstar	V.CVB;PASS	V;ACT;IND;PRS	C
chilenares	chilenarens	N;INDF;GEN;PL	N;DEF;GEN;SG	C
finsko	finskors	N;INDF;NOM;SG	N;INDF;GEN;PL	C
bebott	bebodde	ADJ;INDF;NEUT;SG	ADJ;DEF;MASC;SG	C
sedeslöshetens	sedeslöshet	N;DEF;GEN;SG	N;INDF;NOM;SG	C
öknamnens	öknamn	N;DEF;GEN;PL	N;INDF;NOM;PL	C
stativens	stativ	N;DEF;GEN;PL	N;INDF;NOM;PL	C
värka	värka	V;ACT;NFIN	V;ACT;NFIN	C
intrångs	intrången	N;INDF;GEN;SG	N;DEF;NOM;PL	C
allegorin	allegorier	N;DEF;NOM;SG	N;INDF;NOM;PL	C
kommutatorn	kommutatorns	N;DEF;NOM;SG	N;DEF;GEN;SG	C
utbudet	utbuden	N;DEF;NOM;SG	N;DEF;NOM;PL	C
kroppsvätskans	kroppsvätskors	N;DEF;GEN;SG	N;INDF;GEN;PL	C
åttiondelars	åttiondelarna	N;INDF;GEN;PL	N;DEF;NOM;PL	C
initiativtagarna	initiativtagares	N;DEF;NOM;PL	N;INDF;GEN;PL	C
studiet	studium	N;DEF;NOM;SG	N;INDF;NOM;SG	C
åsens	ås	N;DEF;GEN;SG	N;INDF;GEN;SG	C
högskolelags	högskolelagarna	N;INDF;GEN;SG	N;DEF;NOM;PL	C
protesterad	protestera	V.PTCP;PST	V;ACT;NFIN	C
nagellackets	nagellacker	N;DEF;GEN;SG	N;INDF;NOM;PL	C
luftmassan	luftmassan	N;DEF;NOM;SG	N;DEF;NOM;SG	C
årsfest	årsfester	N;INDF;NOM;SG	N;INDF;NOM;PL	C
narkomanens	narkomanens	N;DEF;GEN;SG	N;DEF;GEN;SG	C
graverar	graverades	V;ACT;IND;PRS	V;PASS;IND;PST	C
fagottisterna	fagottisten	N;DEF;NOM;PL	N;DEF;NOM;SG	C
våte	våte	ADJ;DEF;MASC;SG	ADJ;DEF;MASC;SG	C
svindel	svindeln	N;INDF;NOM;SG	N;DEF;NOM;SG	C
chiffers	chiffers	N;INDF;GEN;SG	N;INDF;GEN;SG	C
överblickat	överblickas	V.CVB;ACT	V;PASS;IND;PRS	C
äggulor	äggula	N;INDF;NOM;PL	N;INDF;NOM;SG	C
tranbärs	tranbärs	N;INDF;GEN;SG	N;INDF;GEN;SG	C
arbetssätts	arbetssättet	N;INDF;GEN;SG	N;DEF;NOM;SG	C
ögonglobers	ögonglobs	N;INDF;GEN;PL	N;INDF;GEN;SG	C
nejs	nejets	N;INDF;GEN;SG	N;DEF;GEN;SG	C
snigel	snigelns	N;INDF;NOM;SG	N;DEF;GEN;SG	C
gaffeln	gaffeln	N;DEF;NOM;SG	N;DEF;NOM;SG	C
skyhöge	skyhöge	ADJ;DEF;MASC;SG	ADJ;DEF;MASC;SG	C
terroristen	terrorists	N;DEF;NOM;SG	N;INDF;GEN;SG	C
domäns	domän	N;INDF;GEN;SG	N;INDF;NOM;SG	C
dominerad	dominerade	ADJ;INDF;MASC+FEM;SG	ADJ;DEF;MASC;SG	C
trakasserat	trakassera	V.CVB;ACT	V;IMP	C
misshandlade	misshandlar	V;ACT;IND;PST	V;ACT;IND;PRS	C
spisoffrets	spisoffret	N;DEF;GEN;SG	N;DEF;NOM;SG	C
fagott	fagotts	N;INDF;NOM;SG	N;INDF;GEN;SG	C
radiostationens	radiostationen	N;DEF;GEN;SG	N;DEF;NOM;SG	C
oändligaste	oändlig	ADJ;DEF;SPRL	ADJ;INDF;MASC+FEM;SG	C
anticyklonens	anticyklons	N;DEF;GEN;SG	N;INDF;GEN;SG	C
stridsmedlet	stridsmedlen	N;DEF;NOM;SG	N;DEF;NOM;PL	C
lagstiftningens	lagstiftningar	N;DEF;GEN;SG	N;INDF;NOM;PL	C
matchs	matchen	N;INDF;GEN;SG	N;DEF;NOM;SG	C
samvetena	samvetena	N;DEF;NOM;PL	N;DEF;NOM;PL	C
plommon	plommons	N;INDF;NOM;SG	N;INDF;GEN;SG	C
halvimperialen	halvimperials	N;DEF;NOM;SG	N;INDF;GEN;SG	C
byrådirektörernas	byrådirektören	N;DEF;GEN;PL	N;DEF;NOM;SG	C
tanzanierna	tanzanier	N;DEF;NOM;PL	N;INDF;NOM;PL	C
Libanon	Libanons	N;INDF;NOM;SG	N;INDF;GEN;PL	SRC_POS_ERROR;TGT_POS_ERROR;SRC_SLOT_ERROR;TGT_SLOT_ERROR
veta	veten	V;ACT;NFIN	ADJ;INDF;MASC+FEM;SG	TGT_LEXICAL_ERROR
förlikt	förlike	ADJ;INDF;NEUT;SG	V.PTCP;PST	TGT_LEXICAL_ERROR
talen	talade	N;DEF;SG	ADJ;DEF;PL	POS_PAIR_ERROR;SRC_SLOT_ERROR
växt	växe	ADJ;INDF;NEUT;SG	V.PTCP;PST	SRC_SLOT_ERROR;TGT_SLOT_ERROR
förtäre	förtära	V.PTCP;PST	V;ACT;NFIN	SRC_LEXICAL_ERROR
Sans	San	N;INDF;GEN;SG	V;ACT;NFIN;COMPOUND	TGT_POS_ERROR;TGT_SLOT_ERROR
vida	vin	V;ACT;NFIN	ADJ;INDF;MASC+FEM;SG	POS_PAIR_ERROR;SRC_SLOT_ERROR;TGT_SLOT_ERROR
plats	platserna	N;INDF;NOM;SG	N;DEF;PL	TGT_SLOT_ERROR
vette	veten	V;ACT;IND;PST	ADJ;INDF;MASC+FEM;SG	TGT_LEXICAL_ERROR
mark	markerna	N;INDF;NOM;SG	N;DEF;PL	TGT_SLOT_ERROR
tillredes	tillreds	V;PASS;IND;PRS	N;INDF;GEN;SG	TGT_SLOT_ERROR
året	årens	N;DEF;NOM;SG	N;DEF;GEN;SG	TGT_SLOT_ERROR
dröja	dröjen	V;ACT;NFIN	ADJ;INDF;MASC+FEM;SG	TGT_LEXICAL_ERROR
juble	jublande	ADJ;DEF;MASC;SG	ADJ;PRS	SRC_LEXICAL_ERROR
inga	ingen	V;IMP	N;DEF;SG	SRC_POS_ERROR;TGT_POS_ERROR;SRC_SLOT_ERROR;TGT_SLOT_ERROR
täcktes	täckta	V;PASS;IND;PRS	V;ACT;NFIN	SRC_SLOT_ERROR;TGT_SLOT_ERROR
vedergäll	vedergälle	V;ACT;NFIN;COMPOUND	V.PTCP;PST	TGT_LEXICAL_ERROR
förtäre	förtär	V.PTCP;PST	V;ACT;NFIN;COMPOUND	SRC_LEXICAL_ERROR
täckte	täcke	V;ACT;IND;PST	V.PTCP;PST	PARADIGM_ERROR;TGT_SLOT_ERROR
rycke	rycka	V.PTCP;PST	V;ACT;NFIN	SRC_LEXICAL_ERROR
gripes	gripna	V;PASS;IND;PRS	V;ACT;NFIN	POS_PAIR_ERROR;TGT_SLOT_ERROR
Hanoks	Hanok	N;INDF;GEN;PL	N;INDF;NOM;SG	SRC_POS_ERROR;TGT_POS_ERROR;SRC_SLOT_ERROR;TGT_SLOT_ERROR
David	Davids	N;INDF;NOM;SG	N;INDF;GEN;PL	SRC_POS_ERROR;TGT_POS_ERROR;SRC_SLOT_ERROR;TGT_SLOT_ERROR
vika	vikt	V;ACT;NFIN	ADJ;INDF;NEUT;SG	TGT_SLOT_ERROR
översta	överstes	V;ACT;NFIN	V;PASS;IND;PRS	SRC_SLOT_ERROR;TGT_SLOT_ERROR
hållen	hållna	ADJ;INDF;MASC+FEM;SG	V;ACT;NFIN	TGT_SLOT_ERROR
ofta	oftare	V;ACT;NFIN	V.CVB;COMPV	SRC_POS_ERROR;TGT_POS_ERROR;SRC_SLOT_ERROR
ställd	ställen	V.PTCP;PST	ADJ;INDF;MASC+FEM;SG	POS_PAIR_ERROR;TGT_SLOT_ERROR
Rebeckas	Rebecka	ADJ;INDF;GEN;PL	V;ACT;NFIN	SRC_POS_ERROR;TGT_POS_ERROR;SRC_SLOT_ERROR;TGT_SLOT_ERROR
lära	lärd	V;ACT;NFIN	V.PTCP;PST	POS_PAIR_ERROR
gripa	gripen	V;ACT;NFIN	ADJ;INDF;MASC+FEM;SG	POS_PAIR_ERROR
Akas	Akan	V;PASS;NFIN	N;INDF;NOM;SG;COMPOUND	SRC_POS_ERROR;TGT_POS_ERROR;SRC_SLOT_ERROR;TGT_SLOT_ERROR
Anak	Anaks	N;INDF;NOM;SG	N;INDF;GEN;PL	SRC_POS_ERROR;TGT_POS_ERROR;SRC_SLOT_ERROR;TGT_SLOT_ERROR
möte	möta	V.PTCP;PST	V;ACT;NFIN	POS_PAIR_ERROR;SRC_SLOT_ERROR
bevisade	bevise	ADJ;DEF;PL	ADJ;DEF;MASC;SG	TGT_LEXICAL_ERROR
gören	göres	ADJ;INDF;MASC+FEM;SG	V;PASS;IND;PRS	SRC_LEXICAL_ERROR
Vilket	Vilka	V;ACT;NFIN;COMPOUND	V;ACT;NFIN	SRC_POS_ERROR;TGT_POS_ERROR;SRC_SLOT_ERROR;TGT_SLOT_ERROR
dräpes	dräpt	V;PASS;IND;PRS	ADJ;INDF;NEUT;SG	POS_PAIR_ERROR
anklagades	anklagen	V;PASS;IND;PST	N;DEF;SG	TGT_LEXICAL_ERROR
bjudna	bjudes	V;ACT;NFIN	V;PASS;IND;PRS	POS_PAIR_ERROR;SRC_SLOT_ERROR
Gilead	Gileads	N;INDF;NOM;SG	N;INDF;GEN;PL	SRC_POS_ERROR;TGT_POS_ERROR;SRC_SLOT_ERROR;TGT_SLOT_ERROR
böjd	böja	V.PTCP;PST	V;ACT;NFIN	POS_PAIR_ERROR
Abimelek	Abimeleks	N;INDF;NOM;SG	N;INDF;GEN;PL	SRC_POS_ERROR;TGT_POS_ERROR;SRC_SLOT_ERROR;TGT_SLOT_ERROR
lärd	lärde	V.PTCP;PST	V;ACT;IND;PST	POS_PAIR_ERROR
gömmes	gömmas	V;PASS;IND;PRS	ADJ;INDF;GEN;PL	PARADIGM_ERROR;SRC_SLOT_ERROR;TGT_SLOT_ERROR
stupa	stupade	V;IMP	ADJ;DEF;PL	POS_PAIR_ERROR
Amminadab	Amminadabs	N;INDF;NOM;SG	N;INDF;GEN;PL	SRC_POS_ERROR;TGT_POS_ERROR;SRC_SLOT_ERROR;TGT_SLOT_ERROR
Diana	Dianas	V;ACT;NFIN	ADJ;INDF;GEN;PL	SRC_POS_ERROR;TGT_POS_ERROR;SRC_SLOT_ERROR;TGT_SLOT_ERROR
Tamar	Tamars	N;INDF;NOM;SG	N;INDF;GEN;PL	SRC_POS_ERROR;TGT_POS_ERROR;SRC_SLOT_ERROR;TGT_SLOT_ERROR
Tabors	Tabor	N;INDF;GEN;PL	N;INDF;NOM;SG	SRC_POS_ERROR;TGT_POS_ERROR;SRC_SLOT_ERROR;TGT_SLOT_ERROR
Salome	Salomo	V.PTCP;PST	ADJ;INDF;NOM;PL	SRC_POS_ERROR;TGT_POS_ERROR;SRC_SLOT_ERROR;TGT_SLOT_ERROR
bevaren	bevare	N;DEF;SG	ADJ;DEF;MASC;SG	SRC_LEXICAL_ERROR
Vilken	Vilket	ADJ;INDF;MASC+FEM;SG	V;ACT;NFIN;COMPOUND	SRC_POS_ERROR;TGT_POS_ERROR;SRC_SLOT_ERROR;TGT_SLOT_ERROR
stöta	stött	V;ACT;NFIN	ADJ;INDF;NEUT;SG	POS_PAIR_ERROR
upphöjen	upphöjd	ADJ;INDF;MASC+FEM;SG	V.PTCP;PST	SRC_LEXICAL_ERROR
lärt	lärare	ADJ;INDF;NEUT;SG	V.CVB;COMPV	POS_PAIR_ERROR;TGT_SLOT_ERROR
miste	mister	V.PTCP;PST	V.CVB	TGT_SLOT_ERROR
dennes	dennas	V;PASS;IND;PRS	ADJ;INDF;GEN;PL	SRC_POS_ERROR;TGT_POS_ERROR;SRC_SLOT_ERROR;TGT_SLOT_ERROR
frukte	fruktade	ADJ;DEF;MASC;SG	ADJ;DEF;PL	SRC_LEXICAL_ERROR
fattas	fattade	V;PASS;NFIN	ADJ;DEF;PL	POS_PAIR_ERROR
bespejen	bespejare	N;DEF;SG	N;INDF;NOM;PL	SRC_LEXICAL_ERROR
spotten	spott	N;DEF;SG	N;INDF;NOM;SG;COMPOUND	SRC_LEXICAL_ERROR
stjärntydarna	stjärntydare	V;ACT;NFIN	V.PTCP;PST	SRC_SLOT_ERROR;TGT_SLOT_ERROR
bjödo	bjöden	ADJ;INDF;NOM;PL	ADJ;INDF;MASC+FEM;SG	SRC_LEXICAL_ERROR
betyda	betydande	V;ACT;NFIN	V.PTCP;PRS	POS_PAIR_ERROR
tillhöra	tillhörande	V;ACT;NFIN	V.PTCP;PRS	POS_PAIR_ERROR
den	de	DET;SG	N;INDF;NOM;SG	SRC_POS_ERROR;TGT_POS_ERROR;TGT_SLOT_ERROR
kläde	klädde	V.PTCP;PST	V;ACT;IND;PST	POS_PAIR_ERROR;SRC_SLOT_ERROR
Sikem	Sikems	N;INDF;NOM;SG	N;INDF;GEN;PL	SRC_POS_ERROR;TGT_POS_ERROR;SRC_SLOT_ERROR;TGT_SLOT_ERROR
korer	korn	V.CVB	ADJ;INDF;MASC+FEM;SG	SRC_LEXICAL_ERROR;TGT_SLOT_ERROR
förstöra	förstörd	V;ACT;NFIN	V.PTCP;PST	POS_PAIR_ERROR
hölje	höljda	V.PTCP;PST	V;ACT;NFIN	POS_PAIR_ERROR;SRC_SLOT_ERROR;TGT_SLOT_ERROR
Hesrons	Hesron	N;INDF;GEN;PL	N;INDF;NOM;SG	SRC_POS_ERROR;TGT_POS_ERROR;SRC_SLOT_ERROR;TGT_SLOT_ERROR
stjälen	stjäle	ADJ;INDF;MASC+FEM;SG	V.PTCP;PST	SRC_LEXICAL_ERROR;TGT_SLOT_ERROR
marks	markerna	N;INDF;GEN;PL	N;DEF;PL	TGT_SLOT_ERROR
vände	väns	V;ACT;IND;PST	N;INDF;GEN;SG	PARADIGM_ERROR
läkare	läka	V.CVB;COMPV	V;ACT;NFIN	POS_PAIR_ERROR;SRC_SLOT_ERROR
rike	rikes	V.PTCP;PST	V;PASS;IND;PRS	SRC_SLOT_ERROR;TGT_SLOT_ERROR
förtrycka	förtryckare	V;ACT;NFIN	V.CVB;COMPV	POS_PAIR_ERROR;TGT_SLOT_ERROR
förlika	förlike	V;ACT;NFIN	V.PTCP;PST	TGT_LEXICAL_ERROR
omsluta	omsluten	V;ACT;NFIN	ADJ;INDF;MASC+FEM;SG	POS_PAIR_ERROR
hindarna	hinder	N;DEF;NOM;PL	N;INDF;PL	PARADIGM_ERROR;TGT_SLOT_ERROR
levande	lever	V.PTCP;PRS	V.CVB	PARADIGM_ERROR;TGT_SLOT_ERROR
rörde	röras	V;ACT;IND;PST	ADJ;INDF;GEN;PL	TGT_SLOT_ERROR
tåga	tågade	V;IMP	ADJ;DEF;PL	POS_PAIR_ERROR
bygges	byggda	V;PASS;IND;PRS	V;ACT;NFIN	POS_PAIR_ERROR;TGT_SLOT_ERROR
sann	sans	ADJ;INDF;MASC+FEM;SG	N;INDF;GEN;SG	POS_PAIR_ERROR
förtryck	förtrycken	V;ACT;NFIN;COMPOUND	ADJ;INDF;MASC+FEM;SG	TGT_LEXICAL_ERROR
Maas	Mana	ADJ;INDF;GEN;PL	V;ACT;NFIN	POS_PAIR_ERROR;SRC_POS_ERROR;SRC_SLOT_ERROR
hemsökes	hemsökt	V;PASS;IND;PRS	ADJ;INDF;NEUT;SG	POS_PAIR_ERROR
fällda	fälles	V;ACT;NFIN	V;PASS;IND;PRS	POS_PAIR_ERROR;SRC_SLOT_ERROR
fyllas	fylld	ADJ;INDF;GEN;PL	V.PTCP;PST	POS_PAIR_ERROR;SRC_SLOT_ERROR
värma	värme	V;ACT;NFIN	V.PTCP;PST	PARADIGM_ERROR;TGT_SLOT_ERROR
deltaga	deltagande	V;ACT;NFIN	V.PTCP;PRS	POS_PAIR_ERROR
förvaltare	förvaltade	N;INDF;NOM;PL	ADJ;DEF;PL	POS_PAIR_ERROR
dragen	dragare	ADJ;INDF;MASC+FEM;SG	V.CVB;COMPV	PARADIGM_ERROR;TGT_SLOT_ERROR
stärka	stärkt	V;ACT;NFIN	ADJ;INDF;NEUT;SG	POS_PAIR_ERROR
förtrycken	förtryck	ADJ;INDF;MASC+FEM;SG	V;ACT;NFIN;COMPOUND	SRC_LEXICAL_ERROR
kort	kors	ADJ;INDF;NEUT;SG	N;INDF;GEN;SG	PARADIGM_ERROR
dennas	dennes	ADJ;INDF;GEN;PL	V;PASS;IND;PRS	SRC_POS_ERROR;TGT_POS_ERROR;SRC_SLOT_ERROR;TGT_SLOT_ERROR
ställde	ställd	V;ACT;IND;PST	V.PTCP;PST	POS_PAIR_ERROR
vilket	vilka	PRN;NOM;NEUT;SG	V;IMP	SRC_POS_ERROR;TGT_POS_ERROR;TGT_SLOT_ERROR
döme	döm	V.PTCP;PST	V;ACT;NFIN;COMPOUND	SRC_LEXICAL_ERROR
skåden	skådade	N;DEF;SG	ADJ;DEF;PL	SRC_LEXICAL_ERROR
fylld	fyllde	V.PTCP;PST	V;ACT;IND;PST	POS_PAIR_ERROR
skänke	skänk	V.PTCP;PST	V;ACT;NFIN;COMPOUND	SRC_LEXICAL_ERROR
trängt	trängd	ADJ;INDF;NEUT;SG	V.PTCP;PST	POS_PAIR_ERROR
bit	bin	ADJ;INDF;NEUT;SG	ADJ;INDF;MASC+FEM;SG	SRC_SLOT_ERROR;TGT_SLOT_ERROR
buren	burna	ADJ;INDF;MASC+FEM;SG	V;ACT;NFIN	TGT_SLOT_ERROR
tröstare	tröstar	N;INDF;NOM;PL	V;ACT;IND;PRS	POS_PAIR_ERROR
höljda	höljas	V;ACT;NFIN	ADJ;INDF;GEN;PL	POS_PAIR_ERROR;SRC_SLOT_ERROR;TGT_SLOT_ERROR
ringare	ringas	N;INDF;NOM;PL	V;PASS;NFIN	POS_PAIR_ERROR
ut	ute	ADJ;INDF;NEUT;SG	V;ACT;IND;PST	SRC_POS_ERROR;SRC_SLOT_ERROR;TGT_SLOT_ERROR
uppfyllen	uppfyll	ADJ;INDF;MASC+FEM;SG	V;ACT;NFIN;COMPOUND	SRC_LEXICAL_ERROR
Iskariot	Iskariots	N;INDF;NOM;SG	N;INDF;GEN;PL	SRC_POS_ERROR;TGT_POS_ERROR;SRC_SLOT_ERROR;TGT_SLOT_ERROR
samlas	samlen	V;PASS;NFIN	N;DEF;SG	TGT_LEXICAL_ERROR
tage	tagna	V.PTCP;PST	V;ACT;NFIN	POS_PAIR_ERROR;SRC_SLOT_ERROR;TGT_SLOT_ERROR
Noas	No	ADJ;INDF;GEN;PL	V;ACT;NFIN;COMPOUND	TGT_POS_ERROR;SRC_SLOT_ERROR;TGT_SLOT_ERROR
våldsverkares	våldsverkarna	V;PASS;IND;PRS	V;ACT;NFIN	SRC_SLOT_ERROR;TGT_SLOT_ERROR
förtrycken	förtryckes	ADJ;INDF;MASC+FEM;SG	V;PASS;IND;PRS	SRC_LEXICAL_ERROR
man	mat	ADJ;INDF;MASC+FEM;SG	ADJ;INDF;NEUT;SG	PARADIGM_ERROR;SRC_SLOT_ERROR;TGT_SLOT_ERROR
övrigas	övriga	ADJ;INDF;GEN;PL	V;ACT;NFIN	TGT_SLOT_ERROR
läsa	läsen	V;ACT;NFIN	ADJ;INDF;MASC+FEM;SG	TGT_LEXICAL_ERROR
Ahab	Ahabs	N;INDF;NOM;SG	N;INDF;GEN;PL	SRC_POS_ERROR;TGT_POS_ERROR;SRC_SLOT_ERROR;TGT_SLOT_ERROR
Absalom	Absaloms	N;INDF;NOM;SG	N;INDF;GEN;PL	SRC_POS_ERROR;TGT_POS_ERROR;SRC_SLOT_ERROR;TGT_SLOT_ERROR
spott	spotten	N;INDF;NOM;SG;COMPOUND	N;DEF;SG	TGT_LEXICAL_ERROR
brukade	bruke	ADJ;DEF;PL	ADJ;DEF;MASC;SG	TGT_LEXICAL_ERROR
upplåten	upplåta	ADJ;INDF;MASC+FEM;SG	V;ACT;NFIN	POS_PAIR_ERROR
läggen	lägga	ADJ;INDF;MASC+FEM;SG	V;ACT;NFIN	POS_PAIR_ERROR;SRC_SLOT_ERROR
omgiven	omgiva	ADJ;INDF;MASC+FEM;SG	V;ACT;NFIN	POS_PAIR_ERROR
stötes	stött	V;PASS;IND;PRS	ADJ;INDF;NEUT;SG	POS_PAIR_ERROR
sådana	sådan	V;ACT;NFIN	V;ACT;NFIN;COMPOUND	SRC_POS_ERROR;TGT_POS_ERROR;SRC_SLOT_ERROR;TGT_SLOT_ERROR
mätta	mätten	V;IMP	N;DEF;SG	TGT_LEXICAL_ERROR
sikte	siktades	ADJ;DEF;MASC;SG	V;PASS;IND;PST	POS_PAIR_ERROR;SRC_SLOT_ERROR
klädde	klädda	V;ACT;IND;PST	V;ACT;NFIN	TGT_SLOT_ERROR
lärde	lärare	V;ACT;IND;PST	V.CVB;COMPV	POS_PAIR_ERROR;TGT_SLOT_ERROR
fetma	fetmas	V;ACT;NFIN	ADJ;INDF;GEN;PL	TGT_SLOT_ERROR
dragen	dragna	ADJ;INDF;MASC+FEM;SG	V;ACT;NFIN	TGT_SLOT_ERROR
ringarna	ringe	PROPN;MASC	ADJ;DEF;MASC;SG	TGT_LEXICAL_ERROR;SRC_SLOT_ERROR
ena	ene	V;ACT;NFIN	V.PTCP;PST	TGT_SLOT_ERROR
Abrams	Abram	N;INDF;GEN;PL	N;INDF;NOM;SG	SRC_POS_ERROR;TGT_POS_ERROR;SRC_SLOT_ERROR;TGT_SLOT_ERROR
Nilens	Nilen	N;DEF;GEN;SG	DET;SG	SRC_POS_ERROR;TGT_POS_ERROR;SRC_SLOT_ERROR;TGT_SLOT_ERROR
nymånadsdag	nymånadsdagar	N;INDF;NOM;SG	N;INDF;PL	SRC_LEXICAL_ERROR
torka	torkade	V;IMP	ADJ;DEF;PL	POS_PAIR_ERROR
omsnärjde	omsnärjt	V;ACT;IND;PST	ADJ;INDF;NEUT;SG	SRC_LEXICAL_ERROR;TGT_LEXICAL_ERROR
frambäres	frambären	V;PASS;IND;PRS	ADJ;INDF;MASC+FEM;SG	TGT_LEXICAL_ERROR
förföljare	förfölja	V.CVB;COMPV	V;ACT;NFIN	POS_PAIR_ERROR;SRC_SLOT_ERROR
förras	förra	ADJ;INDF;GEN;PL	V;ACT;NFIN	TGT_SLOT_ERROR
Gamaliels	Gamaliel	N;INDF;GEN;PL	N;INDF;NOM;SG	SRC_POS_ERROR;TGT_POS_ERROR;SRC_SLOT_ERROR;TGT_SLOT_ERROR
maakatéer	maakatéernas	N;INDF;PL	PRN;DEF;ACC;PL	SRC_LEXICAL_ERROR
uträckas	uträcka	ADJ;INDF;GEN;PL	V;ACT;NFIN	SRC_LEXICAL_ERROR;TGT_LEXICAL_ERROR
Jo	Joas	V;ACT;NFIN;COMPOUND	ADJ;INDF;GEN;PL	SRC_POS_ERROR;TGT_POS_ERROR;SRC_SLOT_ERROR;TGT_SLOT_ERROR
tillredda	tillreds	V;ACT;NFIN	N;INDF;GEN;SG	POS_PAIR_ERROR;SRC_SLOT_ERROR;TGT_SLOT_ERROR
födde	födda	V;ACT;IND;PST	V;ACT;NFIN	TGT_SLOT_ERROR
De	Det	N;INDF;NOM;SG	N;DEF;NOM;SG	SRC_POS_ERROR;TGT_POS_ERROR;SRC_SLOT_ERROR;TGT_SLOT_ERROR
göres	gören	V;PASS;IND;PRS	ADJ;INDF;MASC+FEM;SG	TGT_LEXICAL_ERROR
hemsöka	hemsökt	V;ACT;NFIN	ADJ;INDF;NEUT;SG	POS_PAIR_ERROR
lära	läras	V;ACT;NFIN	ADJ;INDF;GEN;PL	TGT_SLOT_ERROR
Elia	Elis	V;ACT;NFIN	N;INDF;GEN;SG	SRC_POS_ERROR;TGT_POS_ERROR;SRC_SLOT_ERROR;TGT_SLOT_ERROR
sköta	skött	V;ACT;NFIN	ADJ;INDF;NEUT;SG	POS_PAIR_ERROR
täcke	täckte	V.PTCP;PST	V;ACT;IND;PST	PARADIGM_ERROR;SRC_SLOT_ERROR
födda	föden	V;ACT;NFIN	ADJ;INDF;MASC+FEM;SG	TGT_LEXICAL_ERROR;SRC_SLOT_ERROR
föden	födes	ADJ;INDF;MASC+FEM;SG	V;PASS;IND;PRS	SRC_LEXICAL_ERROR
röra	rörande	V;ACT;NFIN	V.PTCP;PRS	PARADIGM_ERROR
resande	resas	V.PTCP;PRS	ADJ;INDF;GEN;PL	PARADIGM_ERROR;TGT_SLOT_ERROR
krigarna	kriget	N;DEF;NOM;PL	N;DEF;NOM;SG	PARADIGM_ERROR
behöves	behövs	V;PASS;IND;PRS	N;INDF;GEN;SG	TGT_SLOT_ERROR
skuldoffersvädur	skuldoffersväduren	N;INDF;NOM;SG	DET;SG	SRC_LEXICAL_ERROR;TGT_LEXICAL_ERROR
ena	enas	V;ACT;NFIN	ADJ;INDF;GEN;PL	TGT_SLOT_ERROR
skiften	skifte	N;DEF;SG	ADJ;DEF;MASC;SG	SRC_SLOT_ERROR;TGT_SLOT_ERROR
give	given	V.PTCP;PST	ADJ;INDF;MASC+FEM;SG	POS_PAIR_ERROR;SRC_SLOT_ERROR
ute	ut	V;ACT;IND;PST	ADJ;INDF;NEUT;SG	TGT_POS_ERROR;SRC_SLOT_ERROR;TGT_SLOT_ERROR
Man	Maas	ADJ;INDF;MASC+FEM;SG	ADJ;INDF;GEN;PL	TGT_POS_ERROR;SRC_SLOT_ERROR;TGT_SLOT_ERROR
utlysa	utlyst	V;ACT;NFIN	ADJ;INDF;NEUT;SG	POS_PAIR_ERROR
fallen	fallna	ADJ;INDF;MASC+FEM;SG	V;ACT;NFIN	TGT_SLOT_ERROR
Simma	Simmas	V;ACT;NFIN	ADJ;INDF;GEN;PL	TGT_SLOT_ERROR
höra	hörn	V;ACT;NFIN	ADJ;INDF;MASC+FEM;SG	POS_PAIR_ERROR;TGT_SLOT_ERROR
räckt	räcken	ADJ;INDF;NEUT;SG	ADJ;INDF;MASC+FEM;SG	POS_PAIR_ERROR;TGT_SLOT_ERROR
klappa	klappade	V;IMP	ADJ;DEF;PL	POS_PAIR_ERROR
mätten	mätta	N;DEF;SG	V;IMP	SRC_LEXICAL_ERROR
Dans	Dan	N;INDF;GEN;PL	N;INDF;NOM;SG	SRC_SLOT_ERROR;TGT_SLOT_ERROR
Vaken	Vakna	ADJ;INDF;MASC+FEM;SG	V;ACT;NFIN	POS_PAIR_ERROR
anden	andas	N;DEF;SG	V;PASS;NFIN	PARADIGM_ERROR;SRC_SLOT_ERROR
sin	sina	ADJ;INDF;MASC+FEM;SG	V;ACT;NFIN	SRC_POS_ERROR;SRC_SLOT_ERROR
ringe	ringar	ADJ;DEF;MASC;SG	V;ACT;IND;PRS	SRC_LEXICAL_ERROR
borgen	borgare	N;DEF;SG	N;INDF;NOM;PL	PARADIGM_ERROR;SRC_SLOT_ERROR
tillfrisknade	tillfrisknat	ADJ;DEF;PL	V.CVB;ACT	POS_PAIR_ERROR
förehava	förehaves	V;ACT;NFIN	V;PASS;IND;PRS	TGT_LEXICAL_ERROR
det	de	N;DEF;NOM;SG	N;INDF;NOM;SG	SRC_POS_ERROR;TGT_POS_ERROR;SRC_SLOT_ERROR;TGT_SLOT_ERROR
tjänen	tjänare	N;DEF;SG	N;INDF;NOM;PL	SRC_LEXICAL_ERROR
råder	rådande	V.CVB	V.PTCP;PRS	POS_PAIR_ERROR;SRC_SLOT_ERROR
Husen	Husas	ADJ;INDF;MASC+FEM;SG	ADJ;INDF;GEN;PL	PARADIGM_ERROR;SRC_SLOT_ERROR;TGT_SLOT_ERROR
förkunnade	förkunnare	ADJ;DEF;PL	N;INDF;NOM;PL	POS_PAIR_ERROR
fyllt	fylld	ADJ;INDF;NEUT;SG	V.PTCP;PST	POS_PAIR_ERROR
skådade	skåden	ADJ;DEF;PL	N;DEF;SG	TGT_LEXICAL_ERROR
behövande	behövs	V.PTCP;PRS	N;INDF;GEN;SG	POS_PAIR_ERROR;TGT_SLOT_ERROR
tänka	tänkt	V;ACT;NFIN	ADJ;INDF;NEUT;SG	POS_PAIR_ERROR
varen	vare	ADJ;INDF;MASC+FEM;SG	V.PTCP;PST	SRC_LEXICAL_ERROR;TGT_SLOT_ERROR
utroten	utrotades	N;DEF;SG	V;PASS;IND;PST	SRC_LEXICAL_ERROR
drage	dragare	V.PTCP;PST	V.CVB;COMPV	PARADIGM_ERROR;SRC_SLOT_ERROR;TGT_SLOT_ERROR
skänkt	skänke	ADJ;INDF;NEUT;SG	V.PTCP;PST	TGT_LEXICAL_ERROR
mista	miste	V;ACT;NFIN	V.PTCP;PST	POS_PAIR_ERROR
anställa	anställd	V;ACT;NFIN	V.PTCP;PST	POS_PAIR_ERROR
bade	badade	ADJ;DEF;MASC;SG	ADJ;DEF;PL	PARADIGM_ERROR;SRC_SLOT_ERROR
vandren	vandrarna	N;DEF;SG	PROPN;MASC	SRC_LEXICAL_ERROR;TGT_SLOT_ERROR
dräpt	dräpen	ADJ;INDF;NEUT;SG	ADJ;INDF;MASC+FEM;SG	TGT_LEXICAL_ERROR
vitt	vita	ADJ;INDF;NEUT;SG	V;ACT;NFIN	TGT_SLOT_ERROR
bespejade	bespejen	ADJ;DEF;PL	N;DEF;SG	TGT_LEXICAL_ERROR
sliten	slites	ADJ;INDF;MASC+FEM;SG	V;PASS;IND;PRS	POS_PAIR_ERROR
upptändes	upptänden	V;PASS;IND;PRS	ADJ;INDF;MASC+FEM;SG	TGT_LEXICAL_ERROR
Vin	Vid	ADJ;INDF;MASC+FEM;SG	V.PTCP;PST	POS_PAIR_ERROR;SRC_SLOT_ERROR;TGT_SLOT_ERROR
hörn	höres	ADJ;INDF;MASC+FEM;SG	V;PASS;IND;PRS	POS_PAIR_ERROR;SRC_SLOT_ERROR
Joas	Jona	ADJ;INDF;GEN;PL	V;ACT;NFIN	SRC_POS_ERROR;TGT_POS_ERROR;SRC_SLOT_ERROR;TGT_SLOT_ERROR
Lemeks	Lemek	N;INDF;GEN;PL	N;INDF;NOM;SG	SRC_POS_ERROR;TGT_POS_ERROR;SRC_SLOT_ERROR;TGT_SLOT_ERROR
bunden	bunde	ADJ;INDF;MASC+FEM;SG	V.PTCP;PST	POS_PAIR_ERROR;TGT_SLOT_ERROR
Denne	Dennes	V.PTCP;PST	V;PASS;IND;PRS	SRC_POS_ERROR;TGT_POS_ERROR;SRC_SLOT_ERROR;TGT_SLOT_ERROR
grumlade	grumlen	ADJ;DEF;PL	N;DEF;SG	TGT_LEXICAL_ERROR
bortfört	bortförd	ADJ;INDF;NEUT;SG	V.PTCP;PST	POS_PAIR_ERROR
Ana	Aner	V;ACT;NFIN	V.CVB	TGT_POS_ERROR;TGT_SLOT_ERROR
rört	rörande	ADJ;INDF;NEUT;SG	V.PTCP;PRS	POS_PAIR_ERROR
fostrade	fostrare	ADJ;DEF;PL	N;INDF;NOM;PL	POS_PAIR_ERROR
erövrade	erövrare	ADJ;DEF;PL	N;INDF;NOM;PL	POS_PAIR_ERROR
förödda	förödes	V;ACT;NFIN	V;PASS;IND;PRS	POS_PAIR_ERROR;SRC_SLOT_ERROR
lånen	lånade	N;DEF;SG	ADJ;DEF;PL	POS_PAIR_ERROR;SRC_SLOT_ERROR
hjälpt	hjälpare	ADJ;INDF;NEUT;SG	V.CVB;COMPV	POS_PAIR_ERROR;TGT_SLOT_ERROR
jämte	jämt	V;ACT;IND;PST	ADJ;INDF;NEUT;SG	SRC_SLOT_ERROR;TGT_SLOT_ERROR
upplåta	upplåten	V;ACT;NFIN	ADJ;INDF;MASC+FEM;SG	POS_PAIR_ERROR
Det	Den	N;DEF;NOM;SG	DET;SG	SRC_POS_ERROR;TGT_POS_ERROR;SRC_SLOT_ERROR
skrivare	skriva	V.CVB;COMPV	V;ACT;NFIN	POS_PAIR_ERROR;SRC_SLOT_ERROR
tagen	taga	ADJ;INDF;MASC+FEM;SG	V;ACT;NFIN	POS_PAIR_ERROR
gives	give	V;PASS;IND;PRS	V.PTCP;PST	TGT_SLOT_ERROR
Tre	Tro	V.PTCP;PST	ADJ;INDF;NOM;PL	SRC_POS_ERROR;SRC_SLOT_ERROR;TGT_SLOT_ERROR
utför	utfören	V;ACT;NFIN;COMPOUND	ADJ;INDF;MASC+FEM;SG	TGT_LEXICAL_ERROR
Baal	Baals	N;INDF;NOM;SG	N;INDF;GEN;PL	SRC_POS_ERROR;TGT_POS_ERROR;SRC_SLOT_ERROR;TGT_SLOT_ERROR
ha	hat	V;IMP	V.CVB;ACT	PARADIGM_ERROR;TGT_SLOT_ERROR
förgöres	förgörare	V;PASS;IND;PRS	V.CVB;COMPV	TGT_LEXICAL_ERROR
byten	bytt	ADJ;INDF;MASC+FEM;SG	ADJ;INDF;NEUT;SG	PARADIGM_ERROR;SRC_SLOT_ERROR
kors	korer	N;INDF;GEN;SG	V.CVB	TGT_LEXICAL_ERROR
tillträda	tillträde	V;ACT;NFIN	V.PTCP;PST	POS_PAIR_ERROR;TGT_SLOT_ERROR
fördömen	fördömda	ADJ;INDF;MASC+FEM;SG	V;ACT;NFIN	SRC_LEXICAL_ERROR;TGT_SLOT_ERROR
fint	finna	ADJ;INDF;NEUT;SG	V;ACT;NFIN	PARADIGM_ERROR
Adas	Ada	V;PASS;NFIN	V;IMP	SRC_POS_ERROR;TGT_POS_ERROR;SRC_SLOT_ERROR;TGT_SLOT_ERROR
visade	visen	ADJ;DEF;PL	N;DEF;SG	POS_PAIR_ERROR;TGT_SLOT_ERROR
bedragare	bedragna	V.CVB;COMPV	V;ACT;NFIN	POS_PAIR_ERROR;SRC_SLOT_ERROR;TGT_SLOT_ERROR
klädd	klädda	V.PTCP;PST	V;ACT;NFIN	TGT_SLOT_ERROR
öken	ökades	N;DEF;SG	V;PASS;IND;PST	POS_PAIR_ERROR;SRC_SLOT_ERROR
Ana	Anas	V;ACT;NFIN	ADJ;INDF;GEN;PL	TGT_SLOT_ERROR
Faders	Fadern	N;INDF;GEN;SG	ADJ;INDF;MASC+FEM;SG	TGT_SLOT_ERROR
dråp	dråparna	N;INDF;NOM;SG	N;DEF;NOM;PL	PARADIGM_ERROR
fast	faste	ADJ;INDF;NEUT;SG	V;ACT;IND;PST	TGT_SLOT_ERROR
tillredes	tillredda	V;PASS;IND;PRS	V;ACT;NFIN	POS_PAIR_ERROR;TGT_SLOT_ERROR
lyte	lytt	V.PTCP;PST	ADJ;INDF;NEUT;SG	POS_PAIR_ERROR;SRC_SLOT_ERROR
låga	låge	V;ACT;NFIN	V.PTCP;PST	TGT_SLOT_ERROR
gångar	gånge	N;INDF;PL	N;INDF;NOM;SG	PARADIGM_ERROR;SRC_SLOT_ERROR;TGT_SLOT_ERROR
gräten	gräto	ADJ;INDF;MASC+FEM;SG	ADJ;INDF;NOM;PL	SRC_LEXICAL_ERROR
öre	öra	V.PTCP;PST	V;ACT;NFIN	PARADIGM_ERROR;SRC_SLOT_ERROR;TGT_SLOT_ERROR
ring	ringe	N;INDF;NOM;SG;COMPOUND	ADJ;DEF;MASC;SG	TGT_LEXICAL_ERROR
föda	föden	V;ACT;NFIN	ADJ;INDF;MASC+FEM;SG	TGT_LEXICAL_ERROR
talades	talen	V;PASS;IND;PST	N;DEF;SG	POS_PAIR_ERROR;TGT_SLOT_ERROR
enes	enas	V;PASS;IND;PRS	ADJ;INDF;GEN;PL	SRC_SLOT_ERROR;TGT_SLOT_ERROR
enda	ene	V;ACT;NFIN	V.PTCP;PST	POS_PAIR_ERROR;SRC_SLOT_ERROR;TGT_SLOT_ERROR
vann	vana	ADJ;INDF;MASC+FEM;SG	V;ACT;NFIN	PARADIGM_ERROR;SRC_SLOT_ERROR;TGT_SLOT_ERROR
enas	ene	ADJ;INDF;GEN;PL	V.PTCP;PST	SRC_SLOT_ERROR;TGT_SLOT_ERROR
höljda	hölje	V;ACT;NFIN	V.PTCP;PST	POS_PAIR_ERROR;SRC_SLOT_ERROR;TGT_SLOT_ERROR
mången	många	ADJ;INDF;MASC+FEM;SG	V;ACT;NFIN	TGT_SLOT_ERROR
Anatot	Anatots	N;INDF;NOM;SG	N;INDF;GEN;PL	SRC_POS_ERROR;TGT_POS_ERROR;SRC_SLOT_ERROR;TGT_SLOT_ERROR
Mana	Maas	V;ACT;NFIN	ADJ;INDF;GEN;PL	POS_PAIR_ERROR;TGT_POS_ERROR;TGT_SLOT_ERROR
före	fören	V.PTCP;PST	ADJ;INDF;MASC+FEM;SG	SRC_SLOT_ERROR;TGT_SLOT_ERROR
fyllde	fyllda	V;ACT;IND;PST	V;ACT;NFIN	TGT_SLOT_ERROR
lägges	lägge	V;PASS;IND;PRS	V.PTCP;PST	TGT_LEXICAL_ERROR
företagen	företaga	ADJ;INDF;MASC+FEM;SG	V;ACT;NFIN	POS_PAIR_ERROR
dina	din	V;ACT;NFIN	ADJ;INDF;MASC+FEM;SG	SRC_POS_ERROR;SRC_SLOT_ERROR;TGT_SLOT_ERROR
inhägnad	inhägnade	V.PTCP;PST	V;ACT;IND;PST	POS_PAIR_ERROR
föröken	förökade	N;DEF;SG	ADJ;DEF;PL	SRC_LEXICAL_ERROR
upphöjd	upphöja	V.PTCP;PST	V;ACT;NFIN	POS_PAIR_ERROR
Judeens	Judeen	N;DEF;GEN;SG	DET;SG	SRC_POS_ERROR;TGT_POS_ERROR;SRC_SLOT_ERROR;TGT_SLOT_ERROR
bunden	bundna	ADJ;INDF;MASC+FEM;SG	V;ACT;NFIN	TGT_SLOT_ERROR
Ehud	Ehuds	N;INDF;NOM;SG	N;INDF;GEN;PL	SRC_POS_ERROR;TGT_POS_ERROR;SRC_SLOT_ERROR;TGT_SLOT_ERROR
mana	man	V;ACT;NFIN	ADJ;INDF;MASC+FEM;SG	TGT_SLOT_ERROR
förtryckare	förtryckt	V.CVB;COMPV	ADJ;INDF;NEUT;SG	POS_PAIR_ERROR;SRC_SLOT_ERROR
förtäre	förtäres	V.PTCP;PST	V;PASS;IND;PRS	SRC_LEXICAL_ERROR
lära	lärt	V;ACT;NFIN	ADJ;INDF;NEUT;SG	POS_PAIR_ERROR
åten	åter	DET;SG	N;INDF;PL	SRC_LEXICAL_ERROR;TGT_SLOT_ERROR
förlik	förlike	V;ACT;NFIN;COMPOUND	V.PTCP;PST	TGT_LEXICAL_ERROR
avbärga	avbärgat	V;IMP	V.CVB;ACT	SRC_LEXICAL_ERROR
funne	funna	V.PTCP;PST	V;ACT;NFIN	TGT_SLOT_ERROR
ökade	öken	ADJ;DEF;PL	N;DEF;SG	POS_PAIR_ERROR;TGT_SLOT_ERROR
göras	gören	ADJ;INDF;GEN;PL	ADJ;INDF;MASC+FEM;SG	TGT_LEXICAL_ERROR;SRC_SLOT_ERROR
agas	agade	V;PASS;NFIN	ADJ;DEF;PL	POS_PAIR_ERROR
möte	mött	V.PTCP;PST	ADJ;INDF;NEUT;SG	POS_PAIR_ERROR;SRC_SLOT_ERROR
väcka	väckas	V;ACT;NFIN	ADJ;INDF;GEN;PL	TGT_SLOT_ERROR
rädd	rädes	V.PTCP;PST	V;PASS;IND;PRS	TGT_LEXICAL_ERROR;SRC_SLOT_ERROR
givna	give	V;ACT;NFIN	V.PTCP;PST	POS_PAIR_ERROR;SRC_SLOT_ERROR;TGT_SLOT_ERROR
Assur	Assurs	N;INDF;NOM;SG	N;INDF;GEN;PL	SRC_POS_ERROR;TGT_POS_ERROR;SRC_SLOT_ERROR;TGT_SLOT_ERROR
höljes	höljda	V;PASS;IND;PRS	V;ACT;NFIN	POS_PAIR_ERROR;TGT_SLOT_ERROR
Jair	Jairs	N;INDF;NOM;SG	N;INDF;GEN;PL	SRC_POS_ERROR;TGT_POS_ERROR;SRC_SLOT_ERROR;TGT_SLOT_ERROR
tillreda	tillreds	V;ACT;NFIN	N;INDF;GEN;SG	TGT_SLOT_ERROR
förföljda	förföljare	V;ACT;NFIN	V.CVB;COMPV	POS_PAIR_ERROR;SRC_SLOT_ERROR;TGT_SLOT_ERROR
lovade	loven	ADJ;DEF;PL	N;DEF;SG	POS_PAIR_ERROR;TGT_SLOT_ERROR
Edoms	Edom	N;INDF;GEN;PL	N;INDF;NOM;SG	SRC_POS_ERROR;TGT_POS_ERROR;SRC_SLOT_ERROR;TGT_SLOT_ERROR
ända	än	V;ACT;NFIN	V;ACT;NFIN;COMPOUND	TGT_POS_ERROR;TGT_SLOT_ERROR
korna	korn	V;ACT;NFIN	ADJ;INDF;MASC+FEM;SG	PARADIGM_ERROR;SRC_SLOT_ERROR;TGT_SLOT_ERROR
tog	togs	N;INDF;NOM;SG	N;INDF;GEN;PL	TGT_SLOT_ERROR
skapare	skapade	N;INDF;NOM;PL	ADJ;DEF;PL	POS_PAIR_ERROR
vid	vit	V.PTCP;PST	ADJ;INDF;NEUT;SG	PARADIGM_ERROR;SRC_SLOT_ERROR;TGT_SLOT_ERROR
känden	kände	ADJ;INDF;MASC+FEM;SG	V.PTCP;PST	SRC_LEXICAL_ERROR
Arabiens	Arabien	N;DEF;GEN;SG	DET;SG	SRC_POS_ERROR;TGT_POS_ERROR;SRC_SLOT_ERROR;TGT_SLOT_ERROR
ställen	ställa	ADJ;INDF;MASC+FEM;SG	V;ACT;NFIN	POS_PAIR_ERROR;SRC_SLOT_ERROR
dödas	dödande	V;PASS;NFIN	ADJ;PRS	PARADIGM_ERROR
utrotades	utroten	V;PASS;IND;PST	N;DEF;SG	TGT_LEXICAL_ERROR
dragna	drages	V;ACT;NFIN	V;PASS;IND;PRS	POS_PAIR_ERROR;SRC_SLOT_ERROR
Hela	Heles	V;ACT;NFIN	V;PASS;IND;PRS	TGT_SLOT_ERROR
tjänarna	tjänen	PROPN;MASC	N;DEF;SG	TGT_LEXICAL_ERROR;SRC_SLOT_ERROR
åter	åten	N;INDF;PL	DET;SG	TGT_LEXICAL_ERROR;SRC_SLOT_ERROR
föres	förda	V;PASS;IND;PRS	V;ACT;NFIN	POS_PAIR_ERROR;TGT_SLOT_ERROR
förtäres	förtärda	V;PASS;IND;PRS	V;ACT;NFIN	POS_PAIR_ERROR;TGT_SLOT_ERROR
silverbägare	silverbägarna	V.PTCP;PST	V;ACT;NFIN	SRC_SLOT_ERROR;TGT_SLOT_ERROR
vila	vilade	V;IMP	ADJ;DEF;PL	POS_PAIR_ERROR
ens	ende	N;INDF;GEN;SG	V;ACT;IND;PST	PARADIGM_ERROR;TGT_SLOT_ERROR
Beria	Berias	V;ACT;NFIN	ADJ;INDF;GEN;PL	SRC_POS_ERROR;TGT_POS_ERROR;SRC_SLOT_ERROR;TGT_SLOT_ERROR
utrotade	utroten	ADJ;DEF;PL	N;DEF;SG	TGT_LEXICAL_ERROR
avfalla	avfallen	V;ACT;NFIN	ADJ;INDF;MASC+FEM;SG	POS_PAIR_ERROR
blotten	blotta	N;DEF;SG	V;IMP	SRC_LEXICAL_ERROR
rådde	rådande	V;ACT;IND;PST	V.PTCP;PRS	POS_PAIR_ERROR
Natans	Natan	N;INDF;GEN;PL	N;INDF;NOM;SG	SRC_POS_ERROR;TGT_POS_ERROR;SRC_SLOT_ERROR;TGT_SLOT_ERROR
halt	hala	ADJ;INDF;NEUT;SG	V;ACT;NFIN	POS_PAIR_ERROR
släkt	släkterna	N;INDF;NOM;SG	N;DEF;PL	TGT_SLOT_ERROR
udd	uddar	N;INDF;NOM;SG	N;INDF;PL	TGT_SLOT_ERROR
rövare	rövade	N;INDF;NOM;PL	ADJ;DEF;PL	POS_PAIR_ERROR
äldste	äldstes	V.PTCP;PST	V;PASS;IND;PRS	SRC_SLOT_ERROR;TGT_SLOT_ERROR
stadgen	stadgas	N;DEF;SG	V;PASS;NFIN	SRC_LEXICAL_ERROR
fatet	fatte	V;ACT;NFIN;COMPOUND	V;ACT;IND;PST	TGT_LEXICAL_ERROR;SRC_SLOT_ERROR
vakade	vaken	ADJ;DEF;PL	N;DEF;SG	PARADIGM_ERROR;TGT_SLOT_ERROR
upptaga	upptagen	V;ACT;NFIN	ADJ;INDF;MASC+FEM;SG	POS_PAIR_ERROR
förkunnare	förkunnen	N;INDF;NOM;PL	N;DEF;SG	TGT_LEXICAL_ERROR
ringas	ringare	V;PASS;NFIN	N;INDF;NOM;PL	POS_PAIR_ERROR
mördare	mördade	N;INDF;NOM;PL	ADJ;DEF;PL	POS_PAIR_ERROR
följd	följda	V.PTCP;PST	V;ACT;NFIN	TGT_SLOT_ERROR
enes	ene	V;PASS;IND;PRS	V.PTCP;PST	SRC_SLOT_ERROR;TGT_SLOT_ERROR
hjälpa	hjälpt	V;ACT;NFIN	ADJ;INDF;NEUT;SG	POS_PAIR_ERROR
rädda	rädd	V;ACT;NFIN	V.PTCP;PST	TGT_SLOT_ERROR
kors	korn	N;INDF;GEN;SG	ADJ;INDF;MASC+FEM;SG	PARADIGM_ERROR;TGT_SLOT_ERROR
hörda	hörn	V;ACT;NFIN	ADJ;INDF;MASC+FEM;SG	POS_PAIR_ERROR;SRC_SLOT_ERROR;TGT_SLOT_ERROR
visen	visade	N;DEF;SG	ADJ;DEF;PL	POS_PAIR_ERROR;SRC_SLOT_ERROR
Hiskia	Hiskias	V;ACT;NFIN	ADJ;INDF;GEN;PL	SRC_POS_ERROR;TGT_POS_ERROR;SRC_SLOT_ERROR;TGT_SLOT_ERROR
Ain	Ai	ADJ;INDF;MASC+FEM;SG	V;ACT;NFIN;COMPOUND	SRC_POS_ERROR;TGT_POS_ERROR;SRC_SLOT_ERROR;TGT_SLOT_ERROR
stjälen	stjäl	ADJ;INDF;MASC+FEM;SG	V;ACT;NFIN;COMPOUND	SRC_LEXICAL_ERROR
fördömen	fördöma	ADJ;INDF;MASC+FEM;SG	V;ACT;NFIN	SRC_LEXICAL_ERROR
din	dina	ADJ;INDF;MASC+FEM;SG	V;ACT;NFIN	TGT_POS_ERROR;SRC_SLOT_ERROR;TGT_SLOT_ERROR
beskäres	beskärda	V;PASS;IND;PRS	V;ACT;NFIN	POS_PAIR_ERROR;TGT_SLOT_ERROR
Vars	Varde	N;INDF;GEN;SG	V;ACT;IND;PST	PARADIGM_ERROR
Ismaels	Ismael	N;INDF;GEN;PL	N;INDF;NOM;SG	SRC_POS_ERROR;TGT_POS_ERROR;SRC_SLOT_ERROR;TGT_SLOT_ERROR
bärande	bärare	V.PTCP;PRS	V.CVB;COMPV	PARADIGM_ERROR;TGT_SLOT_ERROR
bevaren	bevarades	N;DEF;SG	V;PASS;IND;PST	SRC_LEXICAL_ERROR
vise	visen	ADJ;DEF;MASC;SG	N;DEF;SG	TGT_SLOT_ERROR
räcka	räcken	V;ACT;NFIN	ADJ;INDF;MASC+FEM;SG	PARADIGM_ERROR;TGT_SLOT_ERROR
fördrivna	fördrives	V;ACT;NFIN	V;PASS;IND;PRS	POS_PAIR_ERROR;SRC_SLOT_ERROR
höjes	höjd	V;PASS;IND;PRS	V.PTCP;PST	POS_PAIR_ERROR
undan	under	V;ACT;NFIN;COMPOUND	V.CVB	SRC_POS_ERROR;SRC_SLOT_ERROR
hurudan	hurudana	V;ACT;NFIN;COMPOUND	V;ACT;NFIN	SRC_POS_ERROR;TGT_POS_ERROR;SRC_SLOT_ERROR;TGT_SLOT_ERROR
Brödet	Bröder	N;DEF;NOM;SG	N;INDF;PL	PARADIGM_ERROR;TGT_SLOT_ERROR
hållare	hålles	V.CVB;COMPV	V;PASS;IND;PRS	POS_PAIR_ERROR;SRC_SLOT_ERROR
avbärgad	avbärga	PRN	V;IMP	SRC_LEXICAL_ERROR;TGT_LEXICAL_ERROR
läras	lärd	ADJ;INDF;GEN;PL	V.PTCP;PST	POS_PAIR_ERROR;SRC_SLOT_ERROR
släkterna	släkte	N;DEF;PL	N;INDF;NOM;SG	PARADIGM_ERROR;SRC_SLOT_ERROR
hålen	håla	ADJ;INDF;MASC+FEM;SG	V;ACT;NFIN	PARADIGM_ERROR;SRC_SLOT_ERROR
leden	ledda	ADJ;INDF;MASC+FEM;SG	V;ACT;NFIN	POS_PAIR_ERROR;SRC_SLOT_ERROR;TGT_SLOT_ERROR
Lots	Lotan	N;INDF;GEN;SG	V;ACT;NFIN;COMPOUND	TGT_POS_ERROR;TGT_SLOT_ERROR
löpare	löpen	V.CVB;COMPV	ADJ;INDF;MASC+FEM;SG	PARADIGM_ERROR;SRC_SLOT_ERROR;TGT_SLOT_ERROR
hörda	höre	V;ACT;NFIN	V.PTCP;PST	TGT_LEXICAL_ERROR;SRC_SLOT_ERROR
klädd	kläder	V.PTCP;PST	V.CVB	POS_PAIR_ERROR;TGT_SLOT_ERROR
fiskare	fiskade	N;INDF;NOM;PL	ADJ;DEF;PL	POS_PAIR_ERROR
Uris	Uria	N;INDF;GEN;SG	V;ACT;NFIN	SRC_POS_ERROR;TGT_POS_ERROR;SRC_SLOT_ERROR;TGT_SLOT_ERROR
huggna	hugges	V;ACT;NFIN	V;PASS;IND;PRS	POS_PAIR_ERROR;SRC_SLOT_ERROR
vilkas	vilken	V;PASS;NFIN	N;DEF;SG	SRC_POS_ERROR;TGT_POS_ERROR;SRC_SLOT_ERROR;TGT_SLOT_ERROR
fördömda	fördömen	V;ACT;NFIN	ADJ;INDF;MASC+FEM;SG	TGT_LEXICAL_ERROR;SRC_SLOT_ERROR
fallna	falls	V;ACT;NFIN	N;INDF;GEN;SG	POS_PAIR_ERROR;SRC_SLOT_ERROR
vise	visade	ADJ;DEF;MASC;SG	ADJ;DEF;PL	PARADIGM_ERROR
hålles	hållen	V;PASS;IND;PRS	ADJ;INDF;MASC+FEM;SG	POS_PAIR_ERROR
sådan	sådant	V;ACT;NFIN;COMPOUND	ADJ;INDF;NEUT;SG	SRC_POS_ERROR;TGT_POS_ERROR;SRC_SLOT_ERROR;TGT_SLOT_ERROR
Falla	Fallen	V;ACT;NFIN	ADJ;INDF;MASC+FEM;SG	POS_PAIR_ERROR
yngstes	yngste	V;PASS;IND;PRS	V.PTCP;PST	SRC_SLOT_ERROR;TGT_SLOT_ERROR
bevis	bevise	N;INDF;NOM;SG;COMPOUND	ADJ;DEF;MASC;SG	TGT_LEXICAL_ERROR
bevarades	bevaren	V;PASS;IND;PST	N;DEF;SG	TGT_LEXICAL_ERROR
Jasons	Jason	N;INDF;GEN;PL	N;INDF;NOM;SG	SRC_POS_ERROR;TGT_POS_ERROR;SRC_SLOT_ERROR;TGT_SLOT_ERROR
röras	rörande	ADJ;INDF;GEN;PL	V.PTCP;PRS	PARADIGM_ERROR;SRC_SLOT_ERROR
Josef	Josefs	N;INDF;NOM;SG	N;INDF;GEN;PL	SRC_POS_ERROR;TGT_POS_ERROR;SRC_SLOT_ERROR;TGT_SLOT_ERROR
lösen	lösas	ADJ;INDF;MASC+FEM;SG	ADJ;INDF;GEN;PL	POS_PAIR_ERROR;SRC_SLOT_ERROR
märka	märkt	V;ACT;NFIN	ADJ;INDF;NEUT;SG	POS_PAIR_ERROR
flyga	flyge	V;ACT;NFIN	V.PTCP;PST	TGT_SLOT_ERROR
gileadit	gileaditen	N;INDF;NOM;SG	DET;SG	SRC_LEXICAL_ERROR
upphäven	upphäva	ADJ;INDF;MASC+FEM;SG	V;ACT;NFIN	SRC_LEXICAL_ERROR
Serubbabel	Serubbabels	N;INDF;NOM;SG	N;INDF;GEN;PL	SRC_POS_ERROR;TGT_POS_ERROR;SRC_SLOT_ERROR;TGT_SLOT_ERROR
nästen	nästa	ADJ;INDF;MASC+FEM;SG	V;ACT;NFIN	POS_PAIR_ERROR;SRC_SLOT_ERROR
fullbordan	fullborde	N;INDF;NOM;SG;COMPOUND	ADJ;DEF;MASC;SG	TGT_LEXICAL_ERROR;SRC_SLOT_ERROR
vida	vit	V;ACT;NFIN	ADJ;INDF;NEUT;SG	PARADIGM_ERROR;SRC_SLOT_ERROR;TGT_SLOT_ERROR
vanna	vann	V;ACT;NFIN	ADJ;INDF;MASC+FEM;SG	TGT_SLOT_ERROR
upphöjde	upphöjda	V;ACT;IND;PST	V;ACT;NFIN	TGT_SLOT_ERROR
invigen	invig	ADJ;INDF;MASC+FEM;SG	V;ACT;NFIN;COMPOUND	SRC_LEXICAL_ERROR
fyllda	fyllen	V;ACT;NFIN	ADJ;INDF;MASC+FEM;SG	TGT_LEXICAL_ERROR;SRC_SLOT_ERROR
Varde	Vars	V;ACT;IND;PST	N;INDF;GEN;SG	PARADIGM_ERROR
bön	bönerna	N;INDF;NOM;SG	N;DEF;PL	TGT_SLOT_ERROR
sådan	sådanas	V;ACT;NFIN;COMPOUND	ADJ;INDF;GEN;PL	SRC_POS_ERROR;TGT_POS_ERROR;SRC_SLOT_ERROR;TGT_SLOT_ERROR
åten	åt	DET;SG	N;INDF;NOM;SG	SRC_LEXICAL_ERROR
tjänade	tjänen	ADJ;DEF;PL	N;DEF;SG	TGT_LEXICAL_ERROR
Abirams	Abiram	N;INDF;GEN;PL	N;INDF;NOM;SG	SRC_POS_ERROR;TGT_POS_ERROR;SRC_SLOT_ERROR;TGT_SLOT_ERROR
hoppas	hoppade	V;PASS;NFIN	ADJ;DEF;PL	POS_PAIR_ERROR
omgives	omgiven	V;PASS;IND;PRS	ADJ;INDF;MASC+FEM;SG	POS_PAIR_ERROR
sådanas	sådant	ADJ;INDF;GEN;PL	ADJ;INDF;NEUT;SG	SRC_POS_ERROR;TGT_POS_ERROR;SRC_SLOT_ERROR;TGT_SLOT_ERROR
tillreds	tillredda	N;INDF;GEN;SG	V;ACT;NFIN	POS_PAIR_ERROR;SRC_SLOT_ERROR;TGT_SLOT_ERROR
stadiers	stadier	N;INDF;GEN;PL	N;INDF;NOM;SG	TGT_SLOT_ERROR
fortfara	fortfarande	V;ACT;NFIN	V.PTCP;PRS	POS_PAIR_ERROR
Allt	Allas	ADJ;INDF;NEUT;SG	ADJ;INDF;GEN;PL	SRC_SLOT_ERROR;TGT_SLOT_ERROR
lärd	lärare	V.PTCP;PST	V.CVB;COMPV	POS_PAIR_ERROR;TGT_SLOT_ERROR
Joram	Jorams	N;INDF;NOM;SG	N;INDF;GEN;PL	SRC_POS_ERROR;TGT_POS_ERROR;SRC_SLOT_ERROR;TGT_SLOT_ERROR
bruse	bruset	ADJ;DEF;MASC;SG	PRN;NOM;NEUT;SG	SRC_LEXICAL_ERROR;TGT_SLOT_ERROR
avfallen	avfallna	ADJ;INDF;MASC+FEM;SG	V;ACT;NFIN	TGT_SLOT_ERROR
Manasse	Manasses	N;INDF;NOM;SG	N;INDF;GEN;PL	SRC_POS_ERROR;TGT_POS_ERROR;SRC_SLOT_ERROR;TGT_SLOT_ERROR
hören	hörda	ADJ;INDF;MASC+FEM;SG	V;ACT;NFIN	SRC_LEXICAL_ERROR;TGT_SLOT_ERROR
förkunnare	förkunnades	N;INDF;NOM;PL	V;PASS;IND;PST	POS_PAIR_ERROR
Hasor	Haso	ADJ;PRS;GEN	ADJ;INDF;NOM;PL	POS_PAIR_ERROR;TGT_POS_ERROR;SRC_SLOT_ERROR;TGT_SLOT_ERROR
lika	like	V;ACT;NFIN	V.PTCP;PST	TGT_SLOT_ERROR
blåses	blåst	V;PASS;IND;PRS	ADJ;INDF;NEUT;SG	POS_PAIR_ERROR
avmäta	avmätt	V;ACT;NFIN	ADJ;INDF;NEUT;SG	POS_PAIR_ERROR
falla	fallen	V;ACT;NFIN	ADJ;INDF;MASC+FEM;SG	POS_PAIR_ERROR
beten	betade	N;DEF;SG	ADJ;DEF;PL	POS_PAIR_ERROR;SRC_SLOT_ERROR
nämnda	nämnes	V;ACT;NFIN	V;PASS;IND;PRS	POS_PAIR_ERROR;SRC_SLOT_ERROR
upplåten	upplåtna	ADJ;INDF;MASC+FEM;SG	V;ACT;NFIN	TGT_SLOT_ERROR
Datans	Datan	N;INDF;GEN;PL	N;INDF;NOM;SG	SRC_SLOT_ERROR;TGT_SLOT_ERROR
rådande	rådde	V.PTCP;PRS	V;ACT;IND;PST	POS_PAIR_ERROR
betrycktes	betryckta	V;PASS;IND;PRS	V;ACT;NFIN	SRC_SLOT_ERROR;TGT_SLOT_ERROR
vilkas	vilket	V;PASS;NFIN	PRN;NOM;NEUT;SG	SRC_POS_ERROR;TGT_POS_ERROR;SRC_SLOT_ERROR
styrkes	styrkt	V;PASS;IND;PRS	ADJ;INDF;NEUT;SG	POS_PAIR_ERROR
Ard	Ars	V.PTCP;PST	N;INDF;GEN;SG	POS_PAIR_ERROR;SRC_POS_ERROR;SRC_SLOT_ERROR
store	stores	V.PTCP;PST	V;PASS;IND;PRS	SRC_SLOT_ERROR;TGT_SLOT_ERROR
Arba	Arbas	V;ACT;NFIN	ADJ;INDF;GEN;PL	SRC_POS_ERROR;TGT_POS_ERROR;SRC_SLOT_ERROR;TGT_SLOT_ERROR
de	den	N;INDF;NOM;SG	DET;SG	SRC_POS_ERROR;TGT_POS_ERROR;SRC_SLOT_ERROR
bunde	bundna	V.PTCP;PST	V;ACT;NFIN	POS_PAIR_ERROR;SRC_SLOT_ERROR;TGT_SLOT_ERROR
avbärgad	avbärgat	PRN	V.CVB;ACT	SRC_LEXICAL_ERROR
arglistige	arglistig	V.PTCP;PST	V;ACT;NFIN;COMPOUND	SRC_LEXICAL_ERROR
stängda	stänger	V;ACT;NFIN	V.CVB	POS_PAIR_ERROR;SRC_SLOT_ERROR;TGT_SLOT_ERROR
frågade	frågen	ADJ;DEF;PL	N;DEF;SG	TGT_LEXICAL_ERROR
läsen	läsa	ADJ;INDF;MASC+FEM;SG	V;ACT;NFIN	SRC_LEXICAL_ERROR
kriget	krigarna	N;DEF;NOM;SG	N;DEF;NOM;PL	PARADIGM_ERROR
skapade	skapare	ADJ;DEF;PL	N;INDF;NOM;PL	POS_PAIR_ERROR
skilda	skildes	V;ACT;NFIN	V;PASS;IND;PRS	SRC_SLOT_ERROR;TGT_SLOT_ERROR
vilken	vilket	N;DEF;SG	PRN;NOM;NEUT;SG	SRC_POS_ERROR;TGT_POS_ERROR;SRC_SLOT_ERROR
Kemuels	Kemuel	N;INDF;GEN;PL	N;INDF;NOM;SG	SRC_POS_ERROR;TGT_POS_ERROR;SRC_SLOT_ERROR;TGT_SLOT_ERROR
Natan	Natans	N;INDF;NOM;SG	N;INDF;GEN;PL	SRC_POS_ERROR;TGT_POS_ERROR;SRC_SLOT_ERROR;TGT_SLOT_ERROR
bäres	bärare	V;PASS;IND;PRS	V.CVB;COMPV	POS_PAIR_ERROR;TGT_SLOT_ERROR
somt	som	ADJ;INDF;NEUT;SG	V;ACT;NFIN;COMPOUND	POS_PAIR_ERROR;SRC_POS_ERROR;TGT_POS_ERROR;SRC_SLOT_ERROR;TGT_SLOT_ERROR
omgiven	omgivna	ADJ;INDF;MASC+FEM;SG	V;ACT;NFIN	TGT_SLOT_ERROR
ende	ens	V;ACT;IND;PST	N;INDF;GEN;SG	PARADIGM_ERROR;SRC_SLOT_ERROR
Dessa	Dess	V;ACT;NFIN	V;ACT;NFIN;COMPOUND	SRC_POS_ERROR;TGT_POS_ERROR;SRC_SLOT_ERROR;TGT_SLOT_ERROR
ende	enes	V;ACT;IND;PST	V;PASS;IND;PRS	POS_PAIR_ERROR;SRC_SLOT_ERROR;TGT_SLOT_ERROR
malen	mala	ADJ;INDF;MASC+FEM;SG	V;ACT;NFIN	POS_PAIR_ERROR
ihågkommen	ihågkomma	ADJ;INDF;MASC+FEM;SG	V;ACT;NFIN	POS_PAIR_ERROR
Orion	Orions	N;INDF;NOM;SG	N;INDF;GEN;PL	SRC_POS_ERROR;TGT_POS_ERROR;SRC_SLOT_ERROR;TGT_SLOT_ERROR
fordran	fordren	N;INDF;NOM;SG;COMPOUND	N;DEF;SG	TGT_LEXICAL_ERROR;SRC_SLOT_ERROR
första	förstes	V;ACT;NFIN	V;PASS;IND;PRS	SRC_SLOT_ERROR;TGT_SLOT_ERROR
ösa	öst	V;ACT;NFIN	ADJ;INDF;NEUT;SG	POS_PAIR_ERROR
utpantat	utpantning	V.CVB;ACT	PRN;SG	SRC_LEXICAL_ERROR;TGT_LEXICAL_ERROR
Sanna	San	V;ACT;NFIN	V;ACT;NFIN;COMPOUND	TGT_POS_ERROR;TGT_SLOT_ERROR
Barak	Baraks	N;INDF;NOM;SG	N;INDF;GEN;PL	SRC_POS_ERROR;TGT_POS_ERROR;SRC_SLOT_ERROR;TGT_SLOT_ERROR
barn	bara	ADJ;INDF;MASC+FEM;SG	V;ACT;NFIN	POS_PAIR_ERROR;SRC_SLOT_ERROR;TGT_SLOT_ERROR
hörare	hörn	V.CVB;COMPV	ADJ;INDF;MASC+FEM;SG	SRC_LEXICAL_ERROR;TGT_SLOT_ERROR
fördömen	fördömd	ADJ;INDF;MASC+FEM;SG	V.PTCP;PST	SRC_LEXICAL_ERROR
Helt	Heles	ADJ;INDF;NEUT;SG	V;PASS;IND;PRS	TGT_SLOT_ERROR
vid	vida	V.PTCP;PST	V;ACT;NFIN	SRC_SLOT_ERROR;TGT_SLOT_ERROR
höje	höj	V.PTCP;PST	V;ACT;NFIN;COMPOUND	SRC_LEXICAL_ERROR
genomsöka	genomsökt	V;ACT;NFIN	ADJ;INDF;NEUT;SG	POS_PAIR_ERROR
åte	åter	N;INDF;NOM;SG	N;INDF;PL	POS_PAIR_ERROR;SRC_SLOT_ERROR;TGT_SLOT_ERROR
åte	åts	N;INDF;NOM;SG	N;INDF;GEN;PL	SRC_SLOT_ERROR;TGT_SLOT_ERROR
gifte	gifta	ADJ;DEF;MASC;SG	V;IMP	TGT_SLOT_ERROR
sken	sko	ADJ;INDF;MASC+FEM;SG	ADJ;INDF;NOM;PL	PARADIGM_ERROR;SRC_SLOT_ERROR;TGT_SLOT_ERROR
Mas	Maas	N;INDF;GEN;SG	ADJ;INDF;GEN;PL	TGT_POS_ERROR;TGT_SLOT_ERROR
fatte	fat	V;ACT;IND;PST	V;ACT;NFIN;COMPOUND	SRC_LEXICAL_ERROR;TGT_SLOT_ERROR
Eva	Evad	V;IMP	PRN	POS_PAIR_ERROR;TGT_POS_ERROR;SRC_SLOT_ERROR
lögnprofeternas	lögnprofeterna	ADJ;INDF;GEN;PL	V;ACT;NFIN	SRC_LEXICAL_ERROR;TGT_LEXICAL_ERROR
oren	orenen	N;INDF;NOM;SG;COMPOUND	N;DEF;SG	TGT_LEXICAL_ERROR;SRC_SLOT_ERROR
Ana	Ande	V;ACT;NFIN	V;ACT;IND;PST	PARADIGM_ERROR;TGT_SLOT_ERROR
lägge	lägg	V.PTCP;PST	V;ACT;NFIN;COMPOUND	SRC_LEXICAL_ERROR
döpa	döpt	V;ACT;NFIN	ADJ;INDF;NEUT;SG	POS_PAIR_ERROR
Melkisedeks	Melkisedek	N;INDF;GEN;PL	N;INDF;NOM;SG	SRC_POS_ERROR;TGT_POS_ERROR;SRC_SLOT_ERROR;TGT_SLOT_ERROR
åkerstycket	åkerstycke	N;DEF;NOM;SG	N;INDF;NOM;SG	SRC_LEXICAL_ERROR;TGT_LEXICAL_ERROR
avfallen	avfalla	ADJ;INDF;MASC+FEM;SG	V;ACT;NFIN	POS_PAIR_ERROR
Aran	Ars	V;ACT;NFIN;COMPOUND	N;INDF;GEN;SG	POS_PAIR_ERROR;SRC_POS_ERROR;SRC_SLOT_ERROR
ene	enda	V.PTCP;PST	V;ACT;NFIN	POS_PAIR_ERROR;SRC_SLOT_ERROR;TGT_SLOT_ERROR
Tro	Tres	ADJ;INDF;NOM;PL	V;PASS;IND;PRS	TGT_POS_ERROR;SRC_SLOT_ERROR;TGT_SLOT_ERROR
visa	visen	V;IMP	N;DEF;SG	PARADIGM_ERROR;TGT_SLOT_ERROR
upptagna	upptage	V;ACT;NFIN	V.PTCP;PST	POS_PAIR_ERROR;SRC_SLOT_ERROR;TGT_SLOT_ERROR
funno	funna	ADJ;INDF;NOM;PL	V;ACT;NFIN	SRC_LEXICAL_ERROR;TGT_SLOT_ERROR
stärkt	stärken	ADJ;INDF;NEUT;SG	ADJ;INDF;MASC+FEM;SG	TGT_LEXICAL_ERROR
ens	enda	N;INDF;GEN;SG	V;ACT;NFIN	PARADIGM_ERROR;TGT_SLOT_ERROR
Assyrien	Assyriens	DET;SG	N;DEF;GEN;SG	SRC_POS_ERROR;TGT_POS_ERROR;SRC_SLOT_ERROR;TGT_SLOT_ERROR
spejare	spejade	N;INDF;NOM;PL	ADJ;DEF;PL	POS_PAIR_ERROR
sköta	sköte	V;ACT;NFIN	V.PTCP;PST	PARADIGM_ERROR;TGT_SLOT_ERROR
efterföljare	efterföljd	V.CVB;COMPV	V.PTCP;PST	PARADIGM_ERROR;SRC_SLOT_ERROR
klöv	klövs	N;INDF;NOM;SG	N;INDF;GEN;PL	TGT_SLOT_ERROR
hållare	hållna	V.CVB;COMPV	V;ACT;NFIN	POS_PAIR_ERROR;SRC_SLOT_ERROR;TGT_SLOT_ERROR
drives	driven	V;PASS;IND;PRS	ADJ;INDF;MASC+FEM;SG	POS_PAIR_ERROR
fatten	fattades	N;DEF;SG	V;PASS;IND;PST	SRC_LEXICAL_ERROR
biträde	biträda	V.PTCP;PST	V;ACT;NFIN	POS_PAIR_ERROR;SRC_SLOT_ERROR
täckts	täcktes	N;INDF;GEN;SG	V;PASS;IND;PRS	SRC_SLOT_ERROR;TGT_SLOT_ERROR
rädes	rädd	V;PASS;IND;PRS	V.PTCP;PST	SRC_LEXICAL_ERROR;TGT_SLOT_ERROR
behöva	behövs	V;ACT;NFIN	N;INDF;GEN;SG	TGT_SLOT_ERROR
krig	krigarna	N;INDF;NOM;SG	N;DEF;NOM;PL	PARADIGM_ERROR
Gud	Guds	N;INDF;NOM;SG	N;INDF;GEN;PL	TGT_SLOT_ERROR
förlåten	förlåta	ADJ;INDF;MASC+FEM;SG	V;ACT;NFIN	POS_PAIR_ERROR
tjänare	tjäna	N;INDF;NOM;PL	V;IMP	PARADIGM_ERROR
bäre	bärande	V.PTCP;PST	V.PTCP;PRS	POS_PAIR_ERROR;SRC_SLOT_ERROR
Naftalis	Naftali	N;INDF;GEN;PL	N;INDF;NOM;SG	SRC_POS_ERROR;TGT_POS_ERROR;SRC_SLOT_ERROR;TGT_SLOT_ERROR
hörare	hör	V.CVB;COMPV	V;ACT;NFIN;COMPOUND	SRC_LEXICAL_ERROR
det	den	N;DEF;NOM;SG	DET;SG	SRC_POS_ERROR;TGT_POS_ERROR;SRC_SLOT_ERROR
bekänna	bekännare	V;ACT;NFIN	V.CVB;COMPV	POS_PAIR_ERROR;TGT_SLOT_ERROR
läs	läsen	V;ACT;NFIN;COMPOUND	ADJ;INDF;MASC+FEM;SG	TGT_LEXICAL_ERROR
uppfyll	uppfylle	V;ACT;NFIN;COMPOUND	V.PTCP;PST	TGT_LEXICAL_ERROR
Ögat	Öga	V.CVB;ACT	V;IMP	SRC_SLOT_ERROR;TGT_SLOT_ERROR
föra	före	V;ACT;NFIN	V.PTCP;PST	POS_PAIR_ERROR;TGT_SLOT_ERROR
Gode	Goa	V;ACT;IND;PST	V;ACT;NFIN	PARADIGM_ERROR;SRC_SLOT_ERROR;TGT_SLOT_ERROR
arglistigt	arglistig	ADJ;INDF;NEUT;SG	V;ACT;NFIN;COMPOUND	SRC_LEXICAL_ERROR
ihågkomma	ihågkommen	V;ACT;NFIN	ADJ;INDF;MASC+FEM;SG	POS_PAIR_ERROR
lider	lidande	V.CVB	V.PTCP;PRS	PARADIGM_ERROR;SRC_SLOT_ERROR
glänsande	glänsa	V.PTCP;PRS	V;ACT;NFIN	POS_PAIR_ERROR
arglistigt	arglistige	ADJ;INDF;NEUT;SG	V.PTCP;PST	SRC_LEXICAL_ERROR;TGT_LEXICAL_ERROR
minnes	minne	V;PASS;IND;PRS	V.PTCP;PST	TGT_SLOT_ERROR
fylld	fyllas	V.PTCP;PST	ADJ;INDF;GEN;PL	POS_PAIR_ERROR;TGT_SLOT_ERROR
smältas	smälte	ADJ;INDF;GEN;PL	V.PTCP;PST	POS_PAIR_ERROR
inbärgen	inbärgade	N;DEF;SG	ADJ;DEF;PL	SRC_LEXICAL_ERROR
löpa	löpare	V;ACT;NFIN	V.CVB;COMPV	PARADIGM_ERROR;TGT_SLOT_ERROR
siste	sista	V.PTCP;PST	V;ACT;NFIN	SRC_SLOT_ERROR;TGT_SLOT_ERROR
Persien	Persiens	DET;SG	N;DEF;GEN;SG	SRC_POS_ERROR;TGT_POS_ERROR;SRC_SLOT_ERROR;TGT_SLOT_ERROR
höre	hörare	V.PTCP;PST	V.CVB;COMPV	SRC_LEXICAL_ERROR;TGT_LEXICAL_ERROR
säljen	sälja	ADJ;INDF;MASC+FEM;SG	V;ACT;NFIN	SRC_LEXICAL_ERROR
planterade	planteren	ADJ;DEF;PL	N;DEF;SG	TGT_LEXICAL_ERROR
veten	veta	ADJ;INDF;MASC+FEM;SG	V;ACT;NFIN	SRC_LEXICAL_ERROR
ringe	ringarna	ADJ;DEF;MASC;SG	PROPN;MASC	SRC_LEXICAL_ERROR;TGT_SLOT_ERROR
Helt	Hela	ADJ;INDF;NEUT;SG	V;ACT;NFIN	POS_PAIR_ERROR
uppväcken	uppväcka	ADJ;INDF;MASC+FEM;SG	V;ACT;NFIN	SRC_LEXICAL_ERROR
Saras	Sara	ADJ;INDF;GEN;PL	V;ACT;NFIN	SRC_POS_ERROR;TGT_POS_ERROR;SRC_SLOT_ERROR;TGT_SLOT_ERROR
berömt	berömda	ADJ;INDF;NEUT;SG	V;ACT;NFIN	TGT_SLOT_ERROR
Högstes	Högste	N;INDF;GEN;PL	N;INDF;NOM;SG	SRC_SLOT_ERROR;TGT_SLOT_ERROR
Abias	Abia	ADJ;INDF;GEN;PL	V;ACT;NFIN	SRC_POS_ERROR;TGT_POS_ERROR;SRC_SLOT_ERROR;TGT_SLOT_ERROR
uträcka	uträckt	V;ACT;NFIN	ADJ;INDF;NEUT;SG	SRC_LEXICAL_ERROR
känden	kända	ADJ;INDF;MASC+FEM;SG	V;ACT;NFIN	SRC_LEXICAL_ERROR;TGT_SLOT_ERROR
blinde	blinda	V.PTCP;PST	V;ACT;NFIN	SRC_SLOT_ERROR;TGT_SLOT_ERROR
vreden	vredes	ADJ;INDF;MASC+FEM;SG	V;PASS;IND;PRS	SRC_SLOT_ERROR;TGT_SLOT_ERROR
intagen	intaga	ADJ;INDF;MASC+FEM;SG	V;ACT;NFIN	POS_PAIR_ERROR
klädde	kläde	V;ACT;IND;PST	V.PTCP;PST	POS_PAIR_ERROR;TGT_SLOT_ERROR
uppfyllda	uppfylle	V;ACT;NFIN	V.PTCP;PST	TGT_LEXICAL_ERROR;SRC_SLOT_ERROR
Betuel	Betuels	N;INDF;NOM;SG	N;INDF;GEN;PL	SRC_POS_ERROR;TGT_POS_ERROR;SRC_SLOT_ERROR;TGT_SLOT_ERROR
Assyriens	Assyrien	N;DEF;GEN;SG	DET;SG	SRC_POS_ERROR;TGT_POS_ERROR;SRC_SLOT_ERROR;TGT_SLOT_ERROR
utbyte	utbytte	V.PTCP;PST	V;ACT;IND;PST	POS_PAIR_ERROR;SRC_SLOT_ERROR
leva	levande	V;ACT;NFIN	V.PTCP;PRS	PARADIGM_ERROR
uppfyllen	uppfylles	ADJ;INDF;MASC+FEM;SG	V;PASS;IND;PRS	SRC_LEXICAL_ERROR
självt	själva	ADJ;INDF;NEUT;SG	V;ACT;NFIN	SRC_POS_ERROR;TGT_POS_ERROR;SRC_SLOT_ERROR;TGT_SLOT_ERROR
vredes	vreden	V;PASS;IND;PRS	ADJ;INDF;MASC+FEM;SG	SRC_SLOT_ERROR;TGT_SLOT_ERROR
blygas	blygs	ADJ;INDF;GEN;PL	N;INDF;GEN;SG	TGT_SLOT_ERROR
enda	ens	V;ACT;NFIN	N;INDF;GEN;SG	PARADIGM_ERROR;SRC_SLOT_ERROR
lysande	lysa	V.PTCP;PRS	V;ACT;NFIN	POS_PAIR_ERROR
ställt	ställda	ADJ;INDF;NEUT;SG	V;ACT;NFIN	TGT_SLOT_ERROR
fylla	fyllt	V;ACT;NFIN	ADJ;INDF;NEUT;SG	POS_PAIR_ERROR
Joas	Joa	ADJ;INDF;GEN;PL	V;ACT;NFIN	SRC_POS_ERROR;TGT_POS_ERROR;SRC_SLOT_ERROR;TGT_SLOT_ERROR
märka	märke	V;ACT;NFIN	V.PTCP;PST	POS_PAIR_ERROR;TGT_SLOT_ERROR
Lotan	Lots	V;ACT;NFIN;COMPOUND	N;INDF;GEN;SG	SRC_POS_ERROR;SRC_SLOT_ERROR
mods	moder	N;INDF;GEN;PL	N;INDF;PL	PARADIGM_ERROR;TGT_SLOT_ERROR
åter	åts	N;INDF;PL	N;INDF;GEN;PL	PARADIGM_ERROR;SRC_SLOT_ERROR;TGT_SLOT_ERROR
höra	höre	V;ACT;NFIN	V.PTCP;PST	TGT_LEXICAL_ERROR
kyssa	kysst	V;ACT;NFIN	ADJ;INDF;NEUT;SG	POS_PAIR_ERROR
predikare	predikades	N;INDF;NOM;PL	V;PASS;IND;PST	POS_PAIR_ERROR
värmen	värme	ADJ;INDF;MASC+FEM;SG	V.PTCP;PST	SRC_SLOT_ERROR;TGT_SLOT_ERROR
undersöka	undersökt	V;ACT;NFIN	ADJ;INDF;NEUT;SG	POS_PAIR_ERROR
vet	vete	ADJ;INDF;NEUT;SG	V;ACT;IND;PST	SRC_SLOT_ERROR;TGT_SLOT_ERROR
vars	vare	N;INDF;GEN;SG	V.PTCP;PST	TGT_SLOT_ERROR
omvända	omvände	V;ACT;NFIN	V.PTCP;PST	POS_PAIR_ERROR
Tagen	Taga	ADJ;INDF;MASC+FEM;SG	V;ACT;NFIN	POS_PAIR_ERROR
behållare	behållna	V.CVB;COMPV	V;ACT;NFIN	POS_PAIR_ERROR;SRC_SLOT_ERROR;TGT_SLOT_ERROR
Man	Mas	ADJ;INDF;MASC+FEM;SG	N;INDF;GEN;SG	PARADIGM_ERROR;SRC_SLOT_ERROR
anställd	anställa	V.PTCP;PST	V;ACT;NFIN	POS_PAIR_ERROR
beställa	beställt	V;ACT;NFIN	ADJ;INDF;NEUT;SG	POS_PAIR_ERROR
bytte	byten	V;ACT;IND;PST	ADJ;INDF;MASC+FEM;SG	PARADIGM_ERROR;TGT_SLOT_ERROR
moder	mods	N;INDF;PL	N;INDF;GEN;PL	PARADIGM_ERROR;SRC_SLOT_ERROR
lame	lama	V.PTCP;PST	V;ACT;NFIN	SRC_SLOT_ERROR;TGT_SLOT_ERROR
Samaria	Samarias	V;IMP	V;PASS;NFIN	SRC_POS_ERROR;TGT_POS_ERROR;SRC_SLOT_ERROR;TGT_SLOT_ERROR
glänsa	glänsande	V;ACT;NFIN	V.PTCP;PRS	POS_PAIR_ERROR
vis	vin	N;INDF;GEN;SG	ADJ;INDF;MASC+FEM;SG	PARADIGM_ERROR;TGT_SLOT_ERROR
falla	falle	V;ACT;NFIN	V.PTCP;PST	TGT_SLOT_ERROR
upphöja	upphöjen	V;ACT;NFIN	ADJ;INDF;MASC+FEM;SG	TGT_LEXICAL_ERROR
Jona	Joas	V;ACT;NFIN	ADJ;INDF;GEN;PL	SRC_POS_ERROR;TGT_POS_ERROR;SRC_SLOT_ERROR;TGT_SLOT_ERROR
utforskade	utforsken	ADJ;DEF;PL	N;DEF;SG	TGT_LEXICAL_ERROR
Massas	Massa	ADJ;INDF;GEN;PL	V;ACT;NFIN	SRC_SLOT_ERROR;TGT_SLOT_ERROR
hinder	hindarna	N;INDF;PL	N;DEF;NOM;PL	PARADIGM_ERROR;SRC_SLOT_ERROR
hjälpa	hjälpare	V;ACT;NFIN	V.CVB;COMPV	POS_PAIR_ERROR;TGT_SLOT_ERROR
beredde	beredda	V;ACT;IND;PST	V;ACT;NFIN	TGT_SLOT_ERROR
träta	trätt	V;ACT;NFIN	ADJ;INDF;NEUT;SG	POS_PAIR_ERROR
samtycke	samtycka	V.PTCP;PST	V;ACT;NFIN	POS_PAIR_ERROR;SRC_SLOT_ERROR
frambär	frambären	V;ACT;NFIN;COMPOUND	ADJ;INDF;MASC+FEM;SG	TGT_LEXICAL_ERROR
upptänden	upptänd	ADJ;INDF;MASC+FEM;SG	V;ACT;NFIN;COMPOUND	SRC_LEXICAL_ERROR
drage	dragna	V.PTCP;PST	V;ACT;NFIN	POS_PAIR_ERROR;SRC_SLOT_ERROR;TGT_SLOT_ERROR
kor	korer	V;ACT;NFIN;COMPOUND	V.CVB	TGT_LEXICAL_ERROR
täcka	täcke	V;ACT;NFIN	V.PTCP;PST	TGT_SLOT_ERROR
upplösa	upplöst	V;ACT;NFIN	ADJ;INDF;NEUT;SG	POS_PAIR_ERROR
göres	görare	V;PASS;IND;PRS	V.CVB;COMPV	POS_PAIR_ERROR;TGT_SLOT_ERROR
